key,category,zh-CN,note
inventory.action-dialog.all,背包,全部,
inventory.action-dialog.choose-count,背包,选择数量,
inventory.action-dialog.confirm.default,背包,确认,
inventory.action-dialog.confirm.destroy,背包,继续摧毁,
inventory.action-dialog.confirm.drop,背包,确认丢下,
inventory.action-dialog.confirm.use,背包,确认使用,
inventory.action-dialog.half,背包,一半,
inventory.action-dialog.one,背包,1 个,
inventory.action-dialog.subtitle.max-count,背包,{itemName} · 当前最多 {count} 个,
inventory.action-dialog.title.default,背包,操作物品,
inventory.action-dialog.title.destroy,背包,摧毁物品,
inventory.action-dialog.title.drop,背包,丢下物品,
inventory.action-dialog.title.use,背包,批量使用,
inventory.action.back-detail,背包,返回详情,
inventory.action.batch-destroy,背包,批量摧毁,
inventory.action.batch-drop,背包,批量丢下,
inventory.action.batch-use,背包,批量使用,
inventory.action.confirm-use,背包,确认使用,
inventory.action.destroy,背包,摧毁,
inventory.action.drop-one,背包,丢下,
inventory.action.label.equip,背包,装备,
inventory.action.label.formation,背包,布阵,
inventory.action.label.learn,背包,学习,
inventory.action.label.sect-founding,背包,使用,
inventory.action.label.use,背包,使用,
inventory.action.sort,背包,一键整理,
inventory.destroy.back-count,背包,返回修改数量,
inventory.destroy.confirm,背包,确认摧毁,
inventory.destroy.title,背包,确认摧毁,
inventory.destroy.warning,背包,摧毁后物品会永久消失，无法找回。,
inventory.detail.current-count,背包,当前数量,
inventory.detail.desc,背包,物品说明,
inventory.detail.effects,背包,特殊效果,
inventory.detail.equip-slot,背包,装备部位,
inventory.detail.equipment-bonuses,背包,装备属性,
inventory.detail.item-type,背包,物品类型,
inventory.detail.material-bonuses,背包,材料属性,
inventory.detail.sources,背包,来源,
inventory.detail.status,背包,当前状态,
inventory.empty.all,背包,背包空空如也,
inventory.empty.filter,背包,当前分类暂无物品,
inventory.filter.all,背包,全部,
inventory.filter.consumable,背包,消耗品,
inventory.filter.equipment,背包,装备,
inventory.filter.material,背包,材料,
inventory.filter.quest-item,背包,任务物,
inventory.filter.skill-book,背包,功法书,
inventory.formation.action.confirm,背包,确认布阵,
inventory.formation.action.preview-range,背包,预览范围,
inventory.formation.cost.qi,背包,消耗灵力,
inventory.formation.cost.reverse-note,背包,按阵法与阵盘倍率反算,
inventory.formation.cost.spirit-stone,背包,消耗灵石,
inventory.formation.current,背包,当前,
inventory.formation.default-duration,背包,默认,
inventory.formation.default-radius,背包,默认,
inventory.formation.disk,背包,阵盘,
inventory.formation.disk-multiplier,背包,阵盘增幅 {multiplier} 倍,
inventory.formation.effect.intro,背包,效果介绍,
inventory.formation.effect.range,背包,范围说明,
inventory.formation.effect.scaling,背包,强度含义,
inventory.formation.effect.target,背包,作用对象,
inventory.formation.effect.visibility,背包,可见/通行,
inventory.formation.field.duration,背包,持续,
inventory.formation.field.effect,背包,基础强度,
inventory.formation.field.range,背包,范围,
inventory.formation.field.template,背包,阵法,
inventory.formation.min-effect,背包,最小,
inventory.formation.preview,背包,预览,
inventory.formation.preview.common,背包,通用预览,
inventory.formation.preview.unique,背包,独有效果预览,
inventory.formation.stat.active-cost,背包,开启消耗,
inventory.formation.stat.duration,背包,预计持续时间,
inventory.formation.stat.effect,背包,实际效果,
inventory.formation.stat.inactive-cost,背包,关闭消耗,
inventory.formation.stat.radius,背包,半径,
inventory.formation.stat.total-aura,背包,总灵力,
inventory.formation.stat.total-stones,背包,总灵石,
inventory.formation.subtitle,背包,{itemName} · {tier} · {multiplier} 倍灵力,
inventory.formation.title,背包,布置阵法,
inventory.load-more,背包,向下滚动继续加载（已显示 {rendered} / {total}）,
inventory.modal.item-subtitle,背包,{type} · 数量 {count},
inventory.modal.item-subtitle.count-only,背包,{itemName} · 数量 {count},
inventory.preview-range,背包,预览范围：{shape}半径 {radius},
inventory.sect-founding.confirm,背包,建立宗门,
inventory.sect-founding.dialog.hint,背包,点击空白处取消,
inventory.sect-founding.dialog.subtitle,背包,{itemName} · 当前位置开辟山门,
inventory.sect-founding.dialog.title,背包,建立宗门,
inventory.sect-founding.mark-invalid,背包,宗门印记只能是一个字。,
inventory.sect-founding.mark-label,背包,宗门印记,
inventory.sect-founding.mark-placeholder,背包,单字,
inventory.sect-founding.name-invalid,背包,宗门名称需为 2 到 12 个字。,
inventory.sect-founding.name-label,背包,宗门名称,
inventory.sect-founding.name-placeholder,背包,例如：青玄宗,
inventory.source.collapse,背包,收起来源,
inventory.source.expand-all,背包,展开全部来源（{count}）,
inventory.special-use.root-seed.divine.line-1,背包,使用后，五行灵根会直接全部固定为 100。,
inventory.special-use.root-seed.divine.title,背包,确认使用神品灵根幼苗,
inventory.special-use.root-seed.heaven.line-1,背包,使用后，五行灵根会先全部定为 99，再逐项以 50% 概率升到 100，且至少保底一项为 100。,
inventory.special-use.root-seed.heaven.title,背包,确认使用天品灵根幼苗,
inventory.special-use.root-seed.line-2,背包,当前底蕴 {foundation}，本次会消耗 {foundationCost}，使用后剩余 {remainingFoundation}。,
inventory.special-use.root-seed.line-3,背包,当前逆天改命累计 {currentRerollCount} 次，使用后会额外增加 {gainedRerollCount} 次，变为 {nextRerollCount} 次。,
inventory.special-use.shatter-spirit-pill.line-1,背包,使用后会立刻重置天门，清掉当前已开出的灵根结果，并回到可重新开天门的状态。,
inventory.special-use.shatter-spirit-pill.line-2,背包,当前境界修为 {currentExp}，本次会消耗 {expCost}，使用后剩余 {remainingExp}。,
inventory.special-use.shatter-spirit-pill.line-3,背包,当前逆天改命累计 {currentRerollCount} 次，使用后会额外增加 1 次，变为 {nextRerollCount} 次。,
inventory.special-use.shatter-spirit-pill.title,背包,确认使用碎灵丹,
inventory.status.learned,背包,已学,
inventory.status.read,背包,已阅,
inventory.technique-learning-warning.cancel,背包,取消学习,
inventory.technique-learning-warning.confirm,背包,确认学习,
inventory.technique-learning-warning.line-1,背包,目标功法当前过于晦涩难懂，获得的经验值会大幅衰减。,
inventory.technique-learning-warning.line-2,背包,你当前比这门功法低 {gap} 个境界，已超过 {threshold} 个境界的提醒阈值。,
inventory.technique-learning-warning.line-3,背包,确认后仍会照常学习；若暂时不学，点取消即可返回。,
inventory.technique-learning-warning.title,背包,确认学习 {name},
inventory.title,背包,背包,
inventory.title.with-count,背包,背包 ({count}/{capacity}),
inventory.use-confirm.instructions,背包,使用说明,
side-panel.toggle.bottom.collapse,布局,收起下方面板,
side-panel.toggle.bottom.expand,布局,展开下方面板,
side-panel.toggle.left.collapse,布局,收起左侧区域,
side-panel.toggle.left.expand,布局,展开左侧区域,
side-panel.toggle.right.collapse,布局,收起右侧区域,
side-panel.toggle.right.expand,布局,展开右侧区域,
craft.workbench.modal.back,弹层,返回,
craft.workbench.modal.close,弹层,关闭,
craft.workbench.modal.close-hint,弹层,点击空白处关闭,
detail-modal.hint.close,弹层,点击空白处关闭,
modal.confirm.cancel,弹层,取消,确认弹层取消按钮
modal.confirm.ok,弹层,确认,确认弹层确认按钮
modal.detail.close-hint,弹层,点击空白处关闭,详情弹层默认关闭提示
navigation.toast.no-nearby-position,导航,找不到能靠近该场景人物的位置,
map-interaction.toast.build-out-of-range,地图交互,超出建造范围，最多 {range} 格,
map-interaction.toast.cast-out-of-range,地图交互,超出施法范围，最多 {range} 格,
map-interaction.toast.inspect-visible-only,地图交互,仅可察视当前可见之地,
map-interaction.toast.loot-out-of-range,地图交互,超出拿取范围，最多 {range} 格,
map-interaction.toast.no-target,地图交互,此处无可用之目标,
map-interaction.toast.projection-observe-only,地图交互,窗外投影当前仅支持观察,
map-interaction.toast.select-visible-tile,地图交互,请选择当前视野内的目标格,
map-interaction.toast.sense-visible-only,地图交互,神识仅可触及视野之内,
map-interaction.toast.target-required,地图交互,此术需有指向之目标,
map-interaction.toast.unknown-tile,地图交互,未知之地，未可踏足,
map-interaction.toast.unreachable,地图交互,此地无法抵达,
map-render.buff.overflow,地图渲染,其余 {count} 项,范围D固定前端可见文本
map-render.entity.building,地图渲染,建筑,范围D固定前端可见文本
map-render.entity.container,地图渲染,箱具,范围D固定前端可见文本
map-render.entity.crowd,地图渲染,人群,范围D固定前端可见文本
map-render.entity.formation,地图渲染,阵法,范围D固定前端可见文本
map-render.entity.mechanism,地图渲染,机关,范围D固定前端可见文本
map-render.entity.monster,地图渲染,妖兽,范围D固定前端可见文本
map-render.entity.npc,地图渲染,道人,范围D固定前端可见文本
map-render.entity.player,地图渲染,修士,范围D固定前端可见文本
map-render.entity.portal,地图渲染,传送点,范围D固定前端可见文本
map-render.ground.overflow,地图渲染,其余 {count} 种,范围D固定前端可见文本
map-render.ground.overflow-mark,地图渲染,余,范围D固定前端可见文本
map-render.local-player-char,地图渲染,我,范围D固定前端可见文本
map-render.respawn-countdown,地图渲染,回生 {countdown},范围D固定前端可见文本
map-render.seconds,地图渲染,{seconds}息,范围D固定前端可见文本
login.activation.code.label,登录,激活码,同 IP 二次注册激活码输入标签
login.activation.empty,登录,请输入激活码,激活码弹窗空输入提示
login.activation.qq-action,登录,加入 QQ 群 {qqGroupNumber},激活码弹窗 QQ 群按钮
login.activation.required,登录,当前网络已有账号注册，请输入激活码继续注册。,同 IP 二次注册默认提示
login.activation.submit,登录,提交激活码,激活码弹窗确认按钮
login.activation.subtitle,登录,当前 Wi-Fi 或出口 IP 已注册过账号。请加入 QQ 群 {qqGroupNumber} 获取激活码。,激活码弹窗副标题
login.activation.title,登录,需要激活码,激活码弹窗标题
login.bootstrap.in-progress,登录,正在接引角色进入世界...,等待 Socket Bootstrap 首包
login.display-name.available,登录,此道号可用,显示名可用状态
login.display-name.check-failed,登录,验查未果,显示名检查异常兜底
login.display-name.checking,登录,正在验查...,显示名远端检查中
login.display-name.required,登录,注册时必填,显示名必填状态
login.display-name.taken,登录,此道号已被占用,显示名占用兜底
login.error.login-failed,登录,登录失败,登录接口异常兜底
login.error.register-failed,登录,注册失败,注册接口异常兜底
login.login-name.label,登录,账号 / 角色名,登录名标签
login.login-name.placeholder,登录,输入账号或角色名,登录名输入框占位
login.mode.login,登录,登录,登录模式按钮和提交按钮
login.mode.register,登录,注册,注册模式按钮和提交按钮
login.restore.failed,登录,重归失败,会话恢复失败兜底
login.restore.in-progress,登录,正在重归天地...,会话恢复状态
loot.action.gathering,掉落,连续采摘中,
loot.action.start-gather,掉落,开始采摘,
loot.action.stop-gather,掉落,停止采集,
loot.action.stop-search,掉落,停止搜索,
loot.action.take,掉落,拿取,
loot.action.take-all,掉落,全部拿取,
loot.empty.none,掉落,这里什么都没有。,
loot.herb.available,掉落,可采集,
loot.herb.gather-ticks,掉落,采集 {ticks} 息,
loot.herb.respawn-ticks,掉落,回生 {ticks} 息,
loot.herb.respawning,掉落,回生中,
loot.herb.start-hint,掉落,点击开始连续采摘,
loot.herb.start-title,掉落,点击开始连续采摘当前草药,
loot.herb.stock-count,掉落,存量 {count} 朵,
loot.item.type.container,掉落,容器,
loot.item.type.current-stock,掉落,当前库存,
loot.item.type.ground,掉落,地面,
loot.modal.subtitle.coords,掉落,"坐标 ({x}, {y})",
loot.search.heading.harvest,掉落,连续采摘中,
loot.search.heading.herb,掉落,采集中,
loot.search.heading.search,掉落,搜索中,
loot.search.progress,掉落,{elapsed} / {total} 息,
loot.source.container-search,掉落,容器搜索{grade},
loot.source.ground,掉落,直接拾取,
loot.source.herb-gather,掉落,草药采集{grade},
auction.action.buy,坊市,确认购买,
auction.action.buyout,坊市,确认一口价,
auction.bid-history.empty,坊市,暂无出价记录。,
auction.bid-history.title,坊市,出价记录,
auction.bidder.anonymous,坊市,匿名修士 {index},
auction.countdown,坊市,剩余时间,
auction.empty.select-lot,坊市,请选择左侧拍品。,
auction.filter.all,坊市,全部分类,
auction.filter.note,坊市,拍卖行交易收取 5% 手续费，最低 100 灵石。,
auction.filter.placeholder,坊市,输入拍品名,
auction.filter.search,坊市,搜索拍品,
auction.loading,坊市,拍卖行行情查探中...,
auction.ribbon.mine,坊市,我的寄拍,
auction.subtitle,坊市,竞价拍品与寄拍管理,
auction.summary.active,坊市,正在拍卖,
auction.summary.buyout,坊市,{count} 件可一口价,
auction.tab.history,坊市,成交记录,
auction.tab.mine,坊市,我的寄拍,
auction.tab.participate,坊市,参与拍卖,
auction.title,坊市,拍卖行,
market.auction.action.bid,坊市,出价,
market.auction.action.buyout,坊市,一口价,
market.auction.action.cancel-consign,坊市,撤回寄拍,
market.auction.action.create,坊市,发起拍卖,
market.auction.bid-count,坊市,{count} 次出价,
market.auction.card.mine,坊市,我的寄拍,
market.auction.card.my-bids,坊市,{count} 件正在竞价,
market.auction.card.participate,坊市,参与拍卖,
market.auction.card.storage-count,坊市,{count} 件待结算,
market.auction.consign.buyout-price,坊市,一口价,
market.auction.consign.close,坊市,收起,
market.auction.consign.duration-hours,坊市,持续时间（小时）,
market.auction.consign.duration-range,坊市,{min}-{max} 小时，默认 {default} 小时。,
market.auction.consign.empty,坊市,背包里暂无可寄拍物品。,
market.auction.consign.filtered-selected,坊市,当前已选物品被搜索条件隐藏，仍会按已选物品寄拍。,
market.auction.consign.hour-unit,坊市,小时,
market.auction.consign.insufficient-fee,坊市,{currencyName}不足，上架需要 {listingFee}。,
market.auction.consign.invalid-total,坊市,当前数量和总价无法形成有效拍卖价格。,
market.auction.consign.listing-fee,坊市,上架费,
market.auction.consign.no-buyout,坊市,不支持一口价,
market.auction.consign.no-selection,坊市,未选择,
market.auction.consign.package,坊市,打包 {count} 件,
market.auction.consign.package-count,坊市,寄拍数量,
market.auction.consign.search,坊市,搜索物品,
market.auction.consign.search-empty,坊市,没有匹配的可寄拍物品。,
market.auction.consign.search-placeholder,坊市,输入物品名称,
market.auction.consign.select-hint,坊市,先选择要打包寄拍的背包物品。,
market.auction.consign.start-price,坊市,起拍总价,
market.auction.consign.submit,坊市,确认寄拍,
market.auction.consign.subtitle,坊市,选择背包物品，按整包总价打包寄拍。,
market.auction.consign.title,坊市,发起拍卖,
market.auction.consign.total-hint,坊市,起拍总价 {totalPrice} {currencyName}，一口价 {buyoutPrice}，持续 {durationHours} 小时，上架费 {listingFee} {currencyName}。,
market.auction.consign.visible-count,坊市,{visible} / {total} 件,
market.auction.empty.mine,坊市,当前没有寄拍中的物品。,
market.auction.empty.participate,坊市,当前筛选下暂无可参与拍品。,
market.auction.feed.empty,坊市,暂无拍卖动态。,
market.auction.feed.status.bid,坊市,竞价,
market.auction.feed.status.buyout,坊市,可一口,
market.auction.head.buyout-price,坊市,一口价,
market.auction.head.current-price,坊市,当前价,
market.auction.head.item,坊市,物品,
market.auction.head.list-price,坊市,寄拍价,
market.auction.head.quality,坊市,品质,
market.auction.head.remaining,坊市,剩余,
market.auction.head.remaining-time,坊市,剩余时间,
market.auction.head.status,坊市,状态,
market.auction.hint.bid-and-buyout,坊市,出价按当前总价加一档起拍；一口价会先确认再尝试立即成交。,
market.auction.hint.remaining,坊市,剩余数量 {count}，撤回后返还至托管仓与背包。,
market.auction.hint.repeat-bid,坊市,你已经对这件物品发起竞价，不能重复出价。,
market.auction.history.role.buyer,坊市,买家,
market.auction.history.role.seller,坊市,卖家,
market.auction.history.scope.all,坊市,全部记录,
market.auction.history.scope.mine,坊市,我的记录,
market.auction.history.side.traded,坊市,成交,
market.auction.history.title.all,坊市,全服成交记录,
market.auction.history.title.default,坊市,成交记录,
market.auction.history.title.mine,坊市,我的成交记录,
market.auction.history.unknown-player,坊市,未知玩家,
market.auction.mine.copy,坊市,撤回寄拍后，剩余物品返还至托管仓与背包。,
market.auction.mine.status.consigning,坊市,寄拍中 {count},
market.auction.mine.status.failed,坊市,流拍 {count},
market.auction.mine.status.sold,坊市,已成交 {count},
market.auction.mine.title,坊市,寄拍状态,
market.auction.open,坊市,打开拍卖行,
market.auction.refresh,坊市,刷新列表,
market.auction.summary.copy,坊市,竞价、关注和寄拍集中在独立拍卖行界面处理，简报只显示当前可参与状态。,
market.auction.summary.title,坊市,拍卖简报,
market.book.action.buy,坊市,购买,
market.book.action.buy-request,坊市,求购,
market.book.action.sell,坊市,挂售,
market.book.action.sell-request,坊市,出售,
market.book.column.buy,坊市,求购,
market.book.column.sell,坊市,挂售,
market.book.empty.buy,坊市,暂无求购。,
market.book.empty.enhance-level,坊市,选定具体强化等级后查看盘面。,
market.book.empty.sell,坊市,暂无售单。,
market.book.group.hint.enhance,坊市,该装备有强化等级区分，点击左侧条目后会先进入强化等级列表。,
market.book.group.hint.normal,坊市,点击左侧物品后，这里会显示当前挂售、求购和快捷交易入口。,
market.book.loading.buy,坊市,买盘查探中...,
market.book.loading.sell,坊市,卖盘查探中...,
market.book.subtitle.enhance-select,坊市,该装备支持强化，请先从左侧选择要交易的强化等级。,
market.book.subtitle.group,坊市,{typeLabel} · 点击左侧物品查看具体盘面,
market.empty.category,坊市,当前分类下暂时没有物品。,
market.empty.select-item,坊市,请选择左侧物品。,
market.enhance.attempts,坊市,期望次数,
market.enhance.no-protection,坊市,无保护,
market.enhance.none,坊市,暂无,
market.enhance.pending,坊市,查探中,
market.enhance.time,坊市,期望时间,
market.enhance.title,坊市,强化估算,
market.filter.all,坊市,全部,
market.filter.equipment-all,坊市,全部装备,
market.filter.technique-all,坊市,全部功法,
market.history.empty,坊市,尚无交易往来。,
market.history.loading,坊市,交易记录调阅中...,
market.history.side.buy,坊市,购入,
market.history.side.sell,坊市,售出,
market.loading,坊市,坊市行情查探中...,
market.my-orders.buy,坊市,我的求购,
market.my-orders.empty.buy,坊市,当前没有求购挂单。,
market.my-orders.empty.sell,坊市,当前没有挂售单。,
market.my-orders.sell,坊市,我的挂售,
market.order.cancel,坊市,取消订单,
market.order.side.buy,坊市,求购,
market.order.side.sell,坊市,挂售,
market.pane.hint,坊市,坊市支持匿名挂售、求购与自动撮合，成交物会优先尝试进入背包，放不下时转入托管仓。,
market.pane.open,坊市,打开坊市,
market.pane.stat.listed,坊市,可见盘面,
market.pane.stat.orders,坊市,我的挂单,
market.pane.stat.storage,坊市,托管物品,
market.pane.title,坊市,坊市,
market.price.buy,坊市,买 {price},
market.price.sell,坊市,卖 {price},
market.side-tabs.title,坊市,坊市分栏,
market.status.learned,坊市,已学,
market.status.unlocked,坊市,已阅,
market.storage.claim-all,坊市,全部领取,
market.storage.empty,坊市,托管仓空空如也。,
market.storage.title,坊市,坊市托管仓,
market.subtitle,坊市,天下修士互通有无,
market.tab.market,坊市,市场,
market.tab.my-orders,坊市,我的交易,
market.tab.trade-history,坊市,交易记录,
market.tab.transmission,坊市,传法台,
market.title,坊市,坊市,
market.toolbar.page,坊市,共 {total} 件，第 {page} / {totalPages} 页,
market.toolbar.variants,坊市,{itemName} · 共 {totalVariants} 个强化等级,
market.trade.action.bid,坊市,确认加价,
market.trade.action.buy,坊市,确认求购,
market.trade.action.max,坊市,最大,
market.trade.action.sell,坊市,确认挂售,
market.trade.buy-confirm.estimate,坊市,撮合预估,
market.trade.buy-confirm.immediate,坊市,预计立即成交,
market.trade.buy-confirm.max-reserved,坊市,最高占用,
market.trade.buy-confirm.pending,坊市,剩余挂单,
market.trade.buy-confirm.pending-count,坊市,{count} 件,
market.trade.buy-confirm.quantity,坊市,购买数量,
market.trade.buy-confirm.refund-hint,坊市,若卖盘成交价低于出价，差额将自动退还。,
market.trade.buy-confirm.summary.direct,坊市,预计会按当前卖盘直接成交 {immediateQuantity} 件。,
market.trade.buy-confirm.summary.pending,坊市,当前无法保证立刻成交，确认后会按当前单价挂出求购单。,
market.trade.buy-confirm.summary.split,坊市,预计先按当前卖盘成交 {immediateQuantity} 件，剩余 {pendingQuantity} 件会继续挂为求购单。,
market.trade.buy-confirm.unit-price,坊市,单价 {unitPrice} {currencyName},
market.trade.buyout-confirm.insufficient,坊市,{currencyName}不足，无法按一口价成交。,
market.trade.buyout-confirm.lot-no,坊市,拍品编号,
market.trade.buyout-confirm.price,坊市,一口价,
market.trade.buyout-confirm.quantity,坊市,成交数量,
market.trade.buyout-confirm.quantity-value,坊市,{count} 件,
market.trade.buyout-confirm.ready,坊市,确认后会按一口价发起立即成交，不再进入加价输入。,
market.trade.buyout-confirm.total,坊市,本次支付,
market.trade.field.quantity,坊市,数量,
market.trade.field.total,坊市,总价,
market.trade.field.unit-price,坊市,单价,
market.trade.hint.conflict-buy,坊市,你已在挂售这件物品，不能再求购。,
market.trade.hint.conflict-sell,坊市,你已在求购这件物品，不能再挂售。,
market.trade.hint.insufficient-currency,坊市,{currencyName}不足，当前需要 {totalCost}。,
market.trade.hint.insufficient-step.buy,坊市,当前 {currencyName} 或数量上限不足以按该单价成交至少 {quantityStep} 件。,
market.trade.hint.insufficient-step.sell,坊市,当前持有数量不足 {quantityStep} 件，不能按该单价挂售。,
market.trade.hint.min-bid,坊市,最低加价为 {unitPrice} {currencyName}，价格只按坊市档位递增或递减。,
market.trade.hint.quantity-step,坊市,当前单价下必须按 {quantityStep} 件的倍数交易，{currencyName} x1 可买 {quantityStep} 件。,
market.trade.title.bid,坊市,拍卖加价,
market.trade.title.buy,坊市,发起求购,
market.trade.title.sell,坊市,发起挂售,
market.trade.total.bid,坊市,出价占用,
market.trade.total.buy,坊市,总价,
market.trade.total.sell,坊市,总额,
market.transmission.action.buy,坊市,求取此法,
market.transmission.action.cancel,坊市,撤回寄售,
market.transmission.category.all,坊市,全部功法,
market.transmission.category.label,坊市,功法分类,
market.transmission.category.unknown,坊市,未分类,
market.transmission.consign.choose,坊市,选择残卷,
market.transmission.consign.close,坊市,收起,
market.transmission.consign.empty,坊市,暂无可上架残卷。,
market.transmission.consign.no-selection,坊市,未选择残卷,
market.transmission.consign.open,坊市,上架残卷,
market.transmission.consign.open-short,坊市,从背包选择,
market.transmission.consign.search-empty,坊市,没有匹配的残卷。,
market.transmission.consign.selected,坊市,已选残卷,
market.transmission.consign.submit,坊市,确认上架,
market.transmission.consign.title,坊市,上架残卷,
market.transmission.consign.visible-count,坊市,{visible} / {total} 卷,
market.transmission.empty.mine,坊市,暂无寄售中的功法残卷。,
market.transmission.empty.participate,坊市,当前筛选下暂无功法残卷。,
market.transmission.empty.select,坊市,请选择一卷功法。,
market.transmission.grade.unknown,坊市,品阶未明,
market.transmission.head.category,坊市,类别,
market.transmission.head.item,坊市,功法,
market.transmission.head.price,坊市,售价,
market.transmission.head.quality,坊市,品阶,
market.transmission.head.seller,坊市,传法者,
market.transmission.loading,坊市,正在载入传法台,
market.transmission.page-status,坊市,共 {total} 卷，第 {page} / {totalPages} 页,
market.transmission.page.next,坊市,下一页,
market.transmission.page.prev,坊市,上一页,
market.transmission.realm.unknown,坊市,境界未明,
market.transmission.ribbon.mine,坊市,我的寄售,
market.transmission.search,坊市,搜索功法,
market.transmission.search-placeholder,坊市,输入功法名称,
market.transmission.sort.grade-desc,坊市,品阶从高到低,
market.transmission.sort.label,坊市,排序,
market.transmission.sort.name-asc,坊市,名称顺序,
market.transmission.sort.newest,坊市,最新上架,
market.transmission.sort.price-asc,坊市,售价从低到高,
market.transmission.sort.price-desc,坊市,售价从高到低,
market.transmission.sort.realm-desc,坊市,境界从高到低,
market.transmission.summary.active,坊市,在售残卷,
market.transmission.summary.filtered,坊市,当前结果,
market.transmission.summary.listing,坊市,上架中,
market.transmission.summary.mine,坊市,我的寄售,
market.transmission.summary.result,坊市,卷,
market.transmission.summary.scroll-unit,坊市,卷,
market.transmission.summary.wallet,坊市,我的灵石,
market.transmission.tab.mine,坊市,我的寄售,
market.transmission.tab.participate,坊市,求取功法,
market.transmission.unknown-technique,坊市,未知功法,
mail.action.claim,飞书,收取信物,
mail.action.claim-selected,飞书,领取勾选,
mail.action.clear-selection,飞书,清空勾选,
mail.action.delete,飞书,删除,
mail.action.delete-selected,飞书,删除勾选,
mail.action.mark-read,飞书,标已阅,
mail.action.next-page,飞书,下一页,
mail.action.prev-page,飞书,上一页,
mail.action.select-page,飞书,全选本页,
mail.attachment.page-meta,飞书,第 {page} / {totalPages} 页,
mail.attachment.title,飞书,信物,
mail.detail.note,飞书,单实例详情弹层,
mail.detail.title,飞书,邮件详情,
mail.empty.attachments,飞书,这封邮件无信物,
mail.empty.body,飞书,这封邮件无正文内容。,
mail.empty.detail,飞书,请选择一封邮件查看详情,
mail.empty.list,飞书,当前筛选下暂无邮件,
mail.expire.at,飞书,到期 {time},
mail.expire.permanent,飞书,长期保留,
mail.expire.until,飞书,至 {time},
mail.filter.all,飞书,全部,
mail.filter.claimable,飞书,可取信物,
mail.filter.unread,飞书,未阅,
mail.list.note,飞书,按需拉取，不在登录首包塞整箱正文,
mail.list.title,飞书,邮件列表,
mail.modal.close-hint,飞书,点击空白处关闭,
mail.modal.subtitle,飞书,未阅 {unreadCount} · 可取信物 {claimableCount},
mail.modal.title,飞书,飞书台,
mail.state.claimable,飞书,可取信物,
mail.state.claimed,飞书,信物已取,
mail.state.no-attachments,飞书,无信物,
mail.state.read,飞书,已阅,
mail.state.unread,飞书,未阅,
mail.summary.claimable,飞书,可取信物,
mail.summary.claimable-note,飞书,信物取出由天道控卷，不入地图广播。,
mail.summary.current-filter,飞书,当前筛选,
mail.summary.empty,飞书,信笺无言,
mail.summary.page-meta,飞书,第 {page} / {totalPages} 页，已勾选 {selectedCount} 封。,
mail.summary.page-meta-selected,飞书,第 {page} / {totalPages} 页，已勾选 {selected} 封。,
mail.summary.unread,飞书,未阅,
mail.summary.unread-note,飞书,点入信笺，归入已阅。,
changelog.panel.close-hint,更新日志,点击空白处关闭,
changelog.panel.section.title,更新日志,更新日志,
changelog.panel.subtitle.empty,更新日志,暂无记载,
changelog.panel.subtitle.latest,更新日志,最近记载：{updatedAt},
changelog.panel.title,更新日志,岁月史书,
craft.enhancement.enhance-final-target,工坊,· 最终目标 +{level},
craft.enhancement.enhance-progress,工坊,进行中：+{current} → +{target},
craft.enhancement.enhance-role-level,工坊,角色强化等级 Lv.{level} · 效率提升 {percent},
craft.enhancement.enhance-ticks,工坊,{ticks} 息,
craft.enhancement.first-stage-rate,工坊,首阶 {rate},
craft.enhancement.owned-count,工坊,持有 {count},
craft.enhancement.unknown-item,工坊,未知物品,
craft.workbench.alchemy-recipe-meta,工坊,一炉 {count} {unit} · 耗时 {ticks} 息 · {presetText},
craft.workbench.enhance-final-target,工坊,· 最终目标 +{level},
craft.workbench.enhance-progress,工坊,进行中：+{current} → +{target},
craft.workbench.enhance-role-level,工坊,角色强化等级 Lv.{level} · 效率提升 {percent},
craft.workbench.enhance-ticks,工坊,{ticks} 息,
craft.workbench.initial-copper-array-plate,工坊,凡品阵盘,
craft.workbench.initial-copper-array-plate-note,工坊,阵法入门器具,
craft.workbench.initial-copper-building-hammer,工坊,铜营造锤,
craft.workbench.initial-copper-building-hammer-note,工坊,营造入门工具,
craft.workbench.initial-copper-forging-tool,工坊,铜炼器钳,
craft.workbench.initial-copper-forging-tool-note,工坊,炼器入门工具,
craft.workbench.initial-copper-furnace,工坊,铜胎丹炉,
craft.workbench.initial-copper-furnace-note,工坊,炼丹入门工具,
craft.workbench.initial-copper-hammer,工坊,铜强化锤,
craft.workbench.initial-copper-hammer-note,工坊,强化入门工具,
craft.workbench.initial-copper-luopan,工坊,铜罗盘,
craft.workbench.initial-copper-luopan-note,工坊,望气入门器具,
skill.formula.meta.caster-max-hp,功法,生命,
skill.formula.meta.caster-max-qi,功法,灵力,
skill.formula.meta.caster-stat-anti-crit,功法,免爆,
skill.formula.meta.caster-stat-break-power,功法,破招,
skill.formula.meta.caster-stat-crit,功法,暴击,
skill.formula.meta.caster-stat-crit-damage,功法,暴伤,
skill.formula.meta.caster-stat-dodge,功法,闪避,
skill.formula.meta.caster-stat-hit,功法,命中,
skill.formula.meta.caster-stat-max-hp,功法,生命,
skill.formula.meta.caster-stat-max-qi,功法,灵力,
skill.formula.meta.caster-stat-move-speed,功法,移速,
skill.formula.meta.caster-stat-phys-atk,功法,物攻,
skill.formula.meta.caster-stat-phys-def,功法,护甲,
skill.formula.meta.caster-stat-resolve-power,功法,化解,
skill.formula.meta.caster-stat-spell-atk,功法,法攻,
skill.formula.meta.caster-stat-spell-def,功法,法抗,
skill.formula.meta.target-max-hp,功法,目标生命,
skill.formula.meta.target-max-qi,功法,目标灵力,
skill.formula.meta.target-stat-anti-crit,功法,目标免爆,
skill.formula.meta.target-stat-break-power,功法,目标破招,
skill.formula.meta.target-stat-crit,功法,目标暴击,
skill.formula.meta.target-stat-crit-damage,功法,目标暴伤,
skill.formula.meta.target-stat-dodge,功法,目标闪避,
skill.formula.meta.target-stat-hit,功法,目标命中,
skill.formula.meta.target-stat-move-speed,功法,目标移速,
skill.formula.meta.target-stat-phys-def,功法,目标护甲,
skill.formula.meta.target-stat-resolve-power,功法,目标化解,
skill.formula.meta.target-stat-spell-def,功法,目标法抗,
skill.formula.var.caster-attr,功法,自身{label},
skill.formula.var.caster-hp,功法,自身当前气血,
skill.formula.var.caster-max-hp,功法,自身最大气血,
skill.formula.var.caster-stat,功法,自身{label},
skill.formula.var.target-attr,功法,目标{label},
skill.formula.var.target-count,功法,命中目标数,
skill.formula.var.target-hp,功法,目标当前气血,
skill.formula.var.target-max-hp,功法,目标最大气血,
skill.formula.var.target-stat,功法,目标{label},
technique.action.cancel-cultivate,功法,取消主修,
technique.action.set-cultivate,功法,设为主修,
technique.card.layer,功法,第{level}/{maxLevel}层,
technique.card.skills-toggle,功法,术法 {state},
technique.comprehension.discard.action,功法,放弃领悟,
technique.comprehension.discard.confirm.body,功法,放弃后会删除 {name} 的全部未领悟进度。,
technique.comprehension.discard.confirm.cancel,功法,保留进度,
technique.comprehension.discard.confirm.ok,功法,确认放弃,
technique.comprehension.discard.confirm.subtitle,功法,该操作不可撤销,
technique.comprehension.discard.confirm.title,功法,确认放弃 {name},
technique.constellation.hover.gain,功法,收益：{value},
technique.constellation.hover.realm,功法,境界：{realm},
technique.constellation.hover.total,功法,累计：{value},
technique.constellation.node.0,功法,天枢,
technique.constellation.node.1,功法,天璇,
technique.constellation.node.10,功法,少微,
technique.constellation.node.11,功法,玄戈,
technique.constellation.node.12,功法,北落,
technique.constellation.node.13,功法,南门,
technique.constellation.node.14,功法,角宿,
technique.constellation.node.15,功法,心宿,
technique.constellation.node.2,功法,天玑,
technique.constellation.node.3,功法,天权,
technique.constellation.node.4,功法,玉衡,
technique.constellation.node.5,功法,开阳,
technique.constellation.node.6,功法,摇光,
technique.constellation.node.7,功法,太微,
technique.constellation.node.8,功法,紫微,
technique.constellation.node.9,功法,天市,
technique.constellation.note.completed,功法,当前已抵达 {level} 层圆满，点击任意星位切换下方注解。,
technique.constellation.note.current,功法,当前停驻第 {level} 层，周天流转 {percent}%，点击任意星位切换下方注解。,
technique.constellation.progress.breaking,功法,进度：正在突破，承接 {percent}%,
technique.constellation.progress.current,功法,进度：当前停驻，周天流转 {percent}%,
technique.constellation.progress.locked,功法,进度：境界未至,
technique.constellation.progress.passed,功法,进度：已贯通,
technique.contribution.with-raw,功法,{total}（原始：{raw}）,
technique.empty.no-completed,功法,当前没有已圆满的功法,
technique.empty.no-filtered,功法,当前筛选下没有符合条件的功法,
technique.empty.no-in-progress,功法,当前没有未圆满的功法,
technique.empty.none-learned,功法,尚未习得功法,
technique.error.create-card-failed,功法,创建功法卡片元素失败,
technique.exp-tooltip.above-level,功法,当前高于功法 {delta} 级，功法经验修正为 {percent}%。,
technique.exp-tooltip.below-level,功法,当前低于功法 {delta} 级，功法经验修正为 {percent}%。,
technique.exp-tooltip.player-realm,功法,你的境界：{realm},
technique.exp-tooltip.rule,功法,功法修速随境界差而变。,
technique.exp-tooltip.same-level,功法,当前与功法同级，功法经验修正为 {percent}%。,
technique.exp-tooltip.step,功法,每低一阶减 {percent}%，每高一阶增 {percent}%。,
technique.exp-tooltip.tech-realm,功法,此功法境界：{realm},
technique.exp-tooltip.title,功法,功法经验修正,
technique.filter.category.all,功法,全部,
technique.filter.category.arts,功法,术法,
technique.filter.category.divine,功法,神通,
technique.filter.category.internal,功法,内功,
technique.filter.category.secret,功法,秘术,
technique.filter.status.all,功法,全部,
technique.filter.status.completed,功法,已圆满,
technique.filter.status.in-progress,功法,未圆满,
technique.focus.label.layer-attrs,功法,本层原始收益,
technique.focus.label.progress,功法,层位进度,
technique.focus.label.skill-nodes,功法,技能节点,
technique.focus.label.total-attrs,功法,至此累计加成,
technique.focus.title,功法,第 {level} 层星位,
technique.forget.action,功法,遗忘功法,
technique.forget.confirm.body-1,功法,即将遗忘 {name}，该功法提供的属性与已解锁技能会从角色身上移除。,
technique.forget.confirm.body-2,功法,当前主修若为该功法，会同时取消主修并停止修炼。,
technique.forget.confirm.cancel,功法,暂不遗忘,
technique.forget.confirm.ok,功法,确认遗忘,
technique.forget.confirm.subtitle,功法,遗忘后需要重新获取或领悟才能再次掌握,
technique.forget.confirm.title,功法,确认遗忘 {name},
technique.layer.endpoint,功法,此层已是终点,
technique.layer.milestone,功法,此层踏入{realm},
technique.layer.next-exp,功法,升下一层需 {exp} 功法经验,
technique.layer.no-attr-gain,功法,本层不增加属性,
technique.layer.no-skill,功法,此层未解锁新技能,
technique.layer.realm-stage,功法,此层属{realm}阶段,
technique.layer.state.current,功法,当前停驻,
technique.layer.state.locked,功法,尚未抵达,
technique.layer.state.passed,功法,已贯通,
technique.modal.label.current-bonus,功法,当前总加成,
technique.modal.label.current-exp,功法,当前经验,
technique.modal.label.total-exp,功法,总经验,
technique.modal.section.constellation,功法,周天星图,
technique.modal.section.focus,功法,星位注解,
technique.modal.subtitle,功法,{realmLevel} · {grade} · {realm} · 第 {level}/{maxLevel} 层,
technique.progress.completed,功法,当前已达圆满层,
technique.progress.fragment-limit,功法,已达残卷上限,
technique.progress.fragment-limit-note,功法,当前受残卷层数限制,
technique.progress.max-level,功法,已满层,
technique.progress.remain-exp,功法,距下一层还需 {exp} 功法经验,
technique.skill.empty,功法,此功法暂无技能。,
technique.skill.locked,功法,未解锁,
technique.skill.unlock-meta,功法,第 {level} 层解锁 · {state},
technique.skill.unlocked,功法,已解锁,
observe.buff.category.buff,观察,增益,范围D固定前端可见文本
observe.buff.category.debuff,观察,减益,范围D固定前端可见文本
observe.buff.duration,观察,{remaining} / {duration} 息,范围D固定前端可见文本
observe.buff.empty.buffs,观察,当前未见明显增益状态,范围D固定前端可见文本
observe.buff.empty.debuffs,观察,当前未见明显减益状态,范围D固定前端可见文本
observe.buff.section.buffs,观察,增益状态,范围D固定前端可见文本
observe.buff.section.debuffs,观察,减益状态,范围D固定前端可见文本
observe.buff.tooltip.category,观察,类别：{category},范围D固定前端可见文本
observe.buff.tooltip.effect,观察,效果：{effect},范围D固定前端可见文本
observe.buff.tooltip.remaining,观察,剩余：{duration},范围D固定前端可见文本
observe.buff.tooltip.source,观察,来源：{source},范围D固定前端可见文本
observe.buff.tooltip.stacks,观察,层数：{stacks} / {max},范围D固定前端可见文本
observe.entity.crowd,观察,人群,范围D固定前端可见文本
observe.entity.crowd.hint,观察,此地修士众多，神识难以一一分辨，故聚为人群显示，不再逐一展开单人血条、增益与细节。,范围D固定前端可见文本
observe.entity.crowd.verdict,观察,此地人影交叠，气机纷杂，只能辨出这里聚着一团密集人群。,范围D固定前端可见文本
observe.entity.detail.empty,观察,此身气机尽藏，暂未看出更多端倪。,范围D固定前端可见文本
observe.entity.empty,观察,此地空无一人。,范围D固定前端可见文本
observe.entity.section.title,观察,角色信息,范围D固定前端可见文本
observe.entity.target,观察,目标,范围D固定前端可见文本
observe.entity.verdict.empty,观察,神识轻拂而过，未得更多回响。,范围D固定前端可见文本
observe.error.section.title,观察,观察回响,范围D固定前端可见文本
observe.fengshui.detail.loading,观察,具体分项正在随望气视角刷新。,范围D固定前端可见文本
observe.fengshui.dimension.comfort,观察,舒适/用途,范围D固定前端可见文本
observe.fengshui.dimension.element,观察,五行,范围D固定前端可见文本
observe.fengshui.dimension.enclosure,观察,围合,范围D固定前端可见文本
observe.fengshui.dimension.formation,观察,阵法,范围D固定前端可见文本
observe.fengshui.dimension.integrity,观察,完整性,范围D固定前端可见文本
observe.fengshui.dimension.qi,观察,灵气,范围D固定前端可见文本
observe.fengshui.dimension.sha,观察,煞气,范围D固定前端可见文本
observe.fengshui.dimension.shape,观察,形制,范围D固定前端可见文本
observe.fengshui.enclosed,观察,封闭完整,范围D固定前端可见文本
observe.fengshui.label.area,观察,面积,范围D固定前端可见文本
observe.fengshui.label.doors-windows,观察,门窗,范围D固定前端可见文本
observe.fengshui.label.enclosure,观察,围合,范围D固定前端可见文本
observe.fengshui.label.luck,观察,幸运,范围D固定前端可见文本
observe.fengshui.label.room,观察,房间,范围D固定前端可见文本
observe.fengshui.label.score,观察,风水,范围D固定前端可见文本
observe.fengshui.neutral-score,观察,平 0,范围D固定前端可见文本
observe.fengshui.open,观察,连通外界,范围D固定前端可见文本
observe.fengshui.reasons.empty,观察,暂无有效加减项。,范围D固定前端可见文本
observe.fengshui.room.none,观察,此处不在房间内,范围D固定前端可见文本
observe.fengshui.section.title,观察,房间风水,范围D固定前端可见文本
observe.ground.empty,观察,地面无物。,范围D固定前端可见文本
observe.ground.empty.takeable,观察,此地无物可取。,范围D固定前端可见文本
observe.ground.meta,观察,来源：{source} · 共 {count} 种堆叠,范围D固定前端可见文本
observe.ground.section.title,观察,地面物品,范围D固定前端可见文本
observe.ground.source,观察,掉落来源,范围D固定前端可见文本
observe.hidden.default-desc,观察,这里隐约残留着一处被刻意遮掩的入口痕迹。,范围D固定前端可见文本
observe.hidden.section.title,观察,隐藏入口,范围D固定前端可见文本
observe.hidden.trace,观察,痕迹,范围D固定前端可见文本
observe.label.hp,观察,气血,范围D固定前端可见文本
observe.label.life,观察,生命,范围D固定前端可见文本
observe.label.qi,观察,灵力,范围D固定前端可见文本
observe.loot.action,观察,掉落物,范围D固定前端可见文本
observe.loot.action.title-locked,观察,神识完全探查后可查看掉落物与概率,范围D固定前端可见文本
observe.loot.action.title-ready,观察,查看掉落物与概率,范围D固定前端可见文本
observe.loot.empty,观察,此獠身上暂未看出稳定掉落。,范围D固定前端可见文本
observe.loot.modal.section,观察,掉落预览,范围D固定前端可见文本
observe.loot.modal.subtitle,观察,当前神识推演下的实际掉落概率,范围D固定前端可见文本
observe.loot.modal.title,观察,{name}掉落物,范围D固定前端可见文本
observe.loot.more,观察,另有 {count} 项潜在掉落，展开可查看完整列表。,范围D固定前端可见文本
observe.portal.destination,观察,界门去向,范围D固定前端可见文本
observe.portal.direction.one-way,观察,单向,范围D固定前端可见文本
observe.portal.direction.two-way,观察,双向,范围D固定前端可见文本
observe.portal.kind.gate,观察,关隘,范围D固定前端可见文本
observe.portal.kind.portal,观察,传送点,范围D固定前端可见文本
observe.portal.kind.stairs,观察,楼梯,范围D固定前端可见文本
observe.portal.label.direction,观察,方向,范围D固定前端可见文本
observe.portal.label.target-coordinate,观察,目标坐标,范围D固定前端可见文本
observe.portal.label.target-map,观察,目标地图,范围D固定前端可见文本
observe.portal.label.trigger,观察,触发方式,范围D固定前端可见文本
observe.portal.label.type,观察,类型,范围D固定前端可见文本
observe.portal.section.title,观察,传送点,范围D固定前端可见文本
observe.portal.trigger.auto,观察,自动触发,范围D固定前端可见文本
observe.portal.trigger.manual,观察,手动触发,范围D固定前端可见文本
observe.resource.aura,观察,灵气,范围D固定前端可见文本
observe.resource.aura-mark,观察,气,范围D固定前端可见文本
observe.resource.current-level,观察,当前等级：{level},范围D固定前端可见文本
observe.resource.current-level-prefix,观察,当前等级：,范围D固定前端可见文本
observe.resource.current-value,观察,当前数值：{value},范围D固定前端可见文本
observe.resource.inspect-title,观察,气机细察,范围D固定前端可见文本
observe.resource.qi-presence,观察,气机,范围D固定前端可见文本
observe.resource.senseqi.loading,观察,感气决运转中，正在细察此地气机。,范围D固定前端可见文本
observe.resource.source-value,观察,原始值：{value},范围D固定前端可见文本
observe.resource.total-aura-level,观察,总灵气等级：{level},范围D固定前端可见文本
observe.safe-zone.center,观察,中心,范围D固定前端可见文本
observe.safe-zone.center-value,观察,安全区中心 · 半径 {radius},范围D固定前端可见文本
observe.safe-zone.inside-value,观察,"已处于安全区内 · 中心 ({x}, {y}) · 半径 {radius}",范围D固定前端可见文本
observe.safe-zone.label,观察,安全区,范围D固定前端可见文本
observe.safe-zone.radius,观察,半径,范围D固定前端可见文本
observe.safe-zone.radius-value,观察,{radius} 格,范围D固定前端可见文本
observe.safe-zone.section.title,观察,安全区,范围D固定前端可见文本
observe.tile.blocks-sight.no,观察,不会阻挡,范围D固定前端可见文本
observe.tile.blocks-sight.yes,观察,会阻挡,范围D固定前端可见文本
observe.tile.label.access,观察,通行限制,范围D固定前端可见文本
observe.tile.label.blocks-sight,观察,是否阻挡视线,范围D固定前端可见文本
observe.tile.label.container,观察,地上陈设,范围D固定前端可见文本
observe.tile.label.hidden,观察,异状,范围D固定前端可见文本
observe.tile.label.interactable,观察,交互物,范围D固定前端可见文本
observe.tile.label.interactable-hp,观察,交互物生命,范围D固定前端可见文本
observe.tile.label.modified,观察,最近变动,范围D固定前端可见文本
observe.tile.label.overlap,观察,可重叠,范围D固定前端可见文本
observe.tile.label.presence,观察,驻足气息,范围D固定前端可见文本
observe.tile.label.qi-drain,观察,每息灵力消耗,范围D固定前端可见文本
observe.tile.label.structure,观察,地上结构,范围D固定前端可见文本
observe.tile.label.structure-hp,观察,结构生命,范围D固定前端可见文本
observe.tile.label.surface,观察,地表铺装,范围D固定前端可见文本
observe.tile.label.terrain,观察,底层地形,范围D固定前端可见文本
observe.tile.label.tile-hp,观察,地物稳固,范围D固定前端可见文本
observe.tile.label.traversal-cost,观察,移动点数消耗,范围D固定前端可见文本
observe.tile.label.type,观察,地貌,范围D固定前端可见文本
observe.tile.label.visibility,观察,视线遮挡,范围D固定前端可见文本
observe.tile.label.walkable,观察,是否可通行,范围D固定前端可见文本
observe.tile.label.wall-hp,观察,壁垒稳固,范围D固定前端可见文本
observe.tile.modified.recent,观察,此地近期发生过变化,范围D固定前端可见文本
observe.tile.overlap.player,观察,玩家可重叠,范围D固定前端可见文本
observe.tile.presence.unknown,观察,此地留有生灵立身之痕,范围D固定前端可见文本
observe.tile.section.title,观察,地块信息,范围D固定前端可见文本
observe.tile.traversal.blocked,观察,无法通行,范围D固定前端可见文本
observe.tile.traversal.cost,观察,{cost} 点/格,范围D固定前端可见文本
observe.tile.unknown-type,观察,未知地貌,范围D固定前端可见文本
observe.tile.walkable.no,观察,不可通行,范围D固定前端可见文本
observe.tile.walkable.yes,观察,可通行,范围D固定前端可见文本
observe.toast.loot-locked,观察,神识尚未完全探明其掉落。,范围D固定前端可见文本
observe.toast.out-of-vision,观察,神识仅可触及视野之内,范围D固定前端可见文本
observe.unknown-map,观察,未知地域,传送门目标地图fallback
observe.value.none,观察,无,范围D固定前端可见文本
observe.value.unknown,观察,未明,范围D固定前端可见文本
activity.loading,活动,正在读取活动状态...,
activity.modal.close-hint,活动,点击空白处关闭,
activity.modal.subtitle.loading,活动,功德月卡与每日签到,
activity.modal.title,活动,活动,
activity.tab.month-card,活动,功德月卡,
activity.tab.sign-in,活动,每日签到,
skill-tooltip.buff.aside.meta,技能提示,{target} · {duration} 息{stack},范围D固定前端可见文本
skill-tooltip.buff.category.buff,技能提示,增益,范围D固定前端可见文本
skill-tooltip.buff.category.debuff,技能提示,减益,范围D固定前端可见文本
skill-tooltip.buff.default-mark,技能提示,气,范围D固定前端可见文本
skill-tooltip.buff.stack-limit.comma,技能提示,，最多 {stackLimit} 层,范围D固定前端可见文本
skill-tooltip.buff.stack-limit.suffix,技能提示,· 最多 {stackLimit} 层,范围D固定前端可见文本
skill-tooltip.buff.stacks.label,技能提示,层数,范围D固定前端可见文本
skill-tooltip.buff.stacks.unknown,技能提示,状态层数,范围D固定前端可见文本
skill-tooltip.buff.stacks.value,技能提示,{stacks}层,范围D固定前端可见文本
skill-tooltip.cast.unstable,技能提示,无法稳定施展,范围D固定前端可见文本
skill-tooltip.chant.value,技能提示,{windupTicks} 息,范围D固定前端可见文本
skill-tooltip.cleanse.value,技能提示,{target}，移除 {count} 个{category},范围D固定前端可见文本
skill-tooltip.cooldown.value,技能提示,{cooldown} 息,范围D固定前端可见文本
skill-tooltip.cost.actual-html,技能提示,"{baseCost}<span class=""skill-tooltip-cost-actual-separator""> · </span><span class=""{className}"">实际 {actualText}</span>",范围D固定前端可见文本
skill-tooltip.damage.physical,技能提示,物理伤害,范围D固定前端可见文本
skill-tooltip.damage.physical-element,技能提示,{element}行物理伤害,范围D固定前端可见文本
skill-tooltip.damage.spell,技能提示,法术伤害,范围D固定前端可见文本
skill-tooltip.damage.spell-element,技能提示,{element}行法术伤害,范围D固定前端可见文本
skill-tooltip.formula.clamp,技能提示,限制({parts}),范围D固定前端可见文本
skill-tooltip.heal.allies,技能提示,友方治疗,范围D固定前端可见文本
skill-tooltip.heal.self,技能提示,自身治疗,范围D固定前端可见文本
skill-tooltip.heal.target,技能提示,目标治疗,范围D固定前端可见文本
skill-tooltip.label-line.effect,技能提示,效果：{value},范围D固定前端可见文本
skill-tooltip.label.chant,技能提示,吟唱,范围D固定前端可见文本
skill-tooltip.label.cleanse,技能提示,净化,范围D固定前端可见文本
skill-tooltip.label.cooldown,技能提示,冷却,范围D固定前端可见文本
skill-tooltip.label.effect,技能提示,效果,范围D固定前端可见文本
skill-tooltip.label.qi-cost,技能提示,灵力消耗,范围D固定前端可见文本
skill-tooltip.label.range,技能提示,施法距离,范围D固定前端可见文本
skill-tooltip.label.targeting,技能提示,作用方式,范围D固定前端可见文本
skill-tooltip.label.temporary-tile,技能提示,临时地块,范围D固定前端可见文本
skill-tooltip.label.tile-hp,技能提示,地块生命,范围D固定前端可见文本
skill-tooltip.label.unlock-level,技能提示,解锁层数,范围D固定前端可见文本
skill-tooltip.note.combat-resolution,技能提示,实际结算仍会受命中、闪避、破招、化解、暴击与目标防御影响。,范围D固定前端可见文本
skill-tooltip.target.allies,技能提示,友方,范围D固定前端可见文本
skill-tooltip.target.enemy,技能提示,目标,范围D固定前端可见文本
skill-tooltip.target.self,技能提示,自身,范围D固定前端可见文本
skill-tooltip.targeting.area,技能提示,范围，半径 {radius}，最多命中 {count} 个目标,范围D固定前端可见文本
skill-tooltip.targeting.box,技能提示,矩形，范围 {width}x{height}，最多命中 {count} 个目标,范围D固定前端可见文本
skill-tooltip.targeting.checkerboard,技能提示,棋盘，范围 {width}x{height}，隔格交错，最多命中 {count} 个目标,范围D固定前端可见文本
skill-tooltip.targeting.line,技能提示,直线，最多命中 {count} 个目标,范围D固定前端可见文本
skill-tooltip.targeting.oriented-box,技能提示,定向矩形，范围 {width}x{height}，最多命中 {count} 个目标,范围D固定前端可见文本
skill-tooltip.targeting.ring,技能提示,环带，内半径 {inner}，外半径 {outer}，最多命中 {count} 个目标,范围D固定前端可见文本
skill-tooltip.targeting.single,技能提示,单体,范围D固定前端可见文本
skill-tooltip.targeting.single-tile,技能提示,单体地块,范围D固定前端可见文本
skill-tooltip.tech-level.value,技能提示,{level}层,范围D固定前端可见文本
skill-tooltip.temporary-tile.stone,技能提示,生成石头，持续 {duration} 息,范围D固定前端可见文本
skill-tooltip.unlock-level.value,技能提示,第 {level} 层,范围D固定前端可见文本
tutorial.hint.action.label,教程,行动,
tutorial.hint.action.path,教程,右下角行动栏->行动,
tutorial.hint.activity.label,教程,活动,
tutorial.hint.activity.path,教程,主界面左上角 → 活动,
tutorial.hint.allow-aoe-hit.label,教程,全体攻击,
tutorial.hint.allow-aoe-hit.path,教程,右下角行动栏->开关->全体攻击,
tutorial.hint.attr.label,教程,属性界面,
tutorial.hint.attr.path,教程,左下角属性界面,
tutorial.hint.auction.label,教程,拍卖行,
tutorial.hint.auction.path,教程,右侧卷轴区->坊市->拍卖行,
tutorial.hint.auto-battle.label,教程,自动战斗,
tutorial.hint.auto-battle.path,教程,右下角行动栏->开关->自动战斗,
tutorial.hint.auto-idle-cultivation.label,教程,闲置自动修炼,
tutorial.hint.auto-idle-cultivation.path,教程,右下角行动栏->开关->闲置自动修炼,
tutorial.hint.auto-retaliate.label,教程,自动反击,
tutorial.hint.auto-retaliate.path,教程,右下角行动栏->开关->自动反击,
tutorial.hint.auto-switch-cultivation.label,教程,修满自动切换,
tutorial.hint.auto-switch-cultivation.path,教程,右下角行动栏->开关->修满自动切换,
tutorial.hint.bag-scroll.label,教程,行囊录,
tutorial.hint.bag-scroll.path,教程,右侧卷轴区->行囊录,
tutorial.hint.body-training.label,教程,炼体,
tutorial.hint.body-training.path,教程,右侧卷轴区->炼体,
tutorial.hint.breakthrough-button.label,教程,境界/突破按钮,
tutorial.hint.breakthrough-button.path,教程,左上角角色状态区->突破,
tutorial.hint.breakthrough.label,教程,突破,
tutorial.hint.breakthrough.path,教程,左上角角色状态区->突破,
tutorial.hint.cancel-key.label,教程,取消键,
tutorial.hint.cancel-key.path,教程,键盘->Esc,
tutorial.hint.changelog.label,教程,史书,
tutorial.hint.changelog.path,教程,主界面左上角 → 史书,
tutorial.hint.click-map-tile.label,教程,点击地图格子,
tutorial.hint.click-map-tile.path,教程,地图区域->目标格子,
tutorial.hint.combat-settings.label,教程,战斗设置,
tutorial.hint.combat-settings.path,教程,右下角行动栏->技能->战斗设置,
tutorial.hint.current-cultivation.label,教程,当前修炼,
tutorial.hint.current-cultivation.path,教程,右下角行动栏->开关->当前修炼,
tutorial.hint.dialog.label,教程,对话,
tutorial.hint.dialog.path,教程,右下角行动栏->对话,
tutorial.hint.equipment.label,教程,装备,
tutorial.hint.equipment.path,教程,右侧卷轴区->装备,
tutorial.hint.execute.label,教程,执行,
tutorial.hint.execute.path,教程,右下角行动栏->对应条目->执行,
tutorial.hint.force-attack.label,教程,强制攻击,
tutorial.hint.force-attack.path,教程,右下角行动栏->行动->强制攻击->执行,
tutorial.hint.github.path,教程,左上角外链区->GitHub,
tutorial.hint.go-submit.label,教程,前往交付,
tutorial.hint.go-submit.path,教程,右侧卷轴区->任务->任务详情->前往交付,
tutorial.hint.go-target.label,教程,前往目标,
tutorial.hint.go-target.path,教程,右侧卷轴区->任务->任务详情->前往目标,
tutorial.hint.interaction.label,教程,交互,
tutorial.hint.interaction.path,教程,右下角行动栏->交互,
tutorial.hint.inventory.label,教程,背包,
tutorial.hint.inventory.path,教程,右侧卷轴区->背包,
tutorial.hint.leaderboard.label,教程,排行榜,
tutorial.hint.leaderboard.path,教程,中间下方->排行榜,
tutorial.hint.log.label,教程,见闻录,
tutorial.hint.log.path,教程,中间下方->见闻录,
tutorial.hint.mail.label,教程,邮件,
tutorial.hint.mail.path,教程,左上角角色信息区->邮件,
tutorial.hint.map-info.label,教程,地图信息,
tutorial.hint.map-info.path,教程,中间下方->地图信息,
tutorial.hint.market.label,教程,坊市,
tutorial.hint.market.path,教程,右侧卷轴区->坊市,
tutorial.hint.observe.label,教程,观察,
tutorial.hint.observe.path,教程,右下角行动栏->行动->观察->执行,
tutorial.hint.open-market.label,教程,打开坊市,
tutorial.hint.open-market.path,教程,右侧卷轴区->坊市->打开坊市,
tutorial.hint.qq.path,教程,左上角外链区->QQ,
tutorial.hint.quest.label,教程,任务,
tutorial.hint.quest.path,教程,右侧卷轴区->任务,
tutorial.hint.retreat.label,教程,遁返,
tutorial.hint.retreat.path,教程,右下角行动栏->行动->遁返->执行,
tutorial.hint.sense-qi.label,教程,感气视角,
tutorial.hint.sense-qi.path,教程,右下角行动栏->开关->感气视角,
tutorial.hint.set-cultivate.label,教程,设为主修,
tutorial.hint.set-cultivate.path,教程,右侧卷轴区->功法->对应功法->设为主修,
tutorial.hint.settings.label,教程,设置,
tutorial.hint.settings.path,教程,主界面左上角 → 设置,
tutorial.hint.simple-tutorial.label,教程,百科,
tutorial.hint.simple-tutorial.path,教程,左上角外链区->百科,
tutorial.hint.skill-management.label,教程,技能管理,
tutorial.hint.skill-management.path,教程,右下角行动栏->技能->技能管理,
tutorial.hint.skill-preset.label,教程,技能方案,
tutorial.hint.skill-preset.path,教程,右下角行动栏->技能->技能方案,
tutorial.hint.skill.label,教程,技能,
tutorial.hint.skill.path,教程,右下角行动栏->技能,
tutorial.hint.stationary-battle.label,教程,原地战斗,
tutorial.hint.stationary-battle.path,教程,右下角行动栏->开关->原地战斗,
tutorial.hint.system-shop.label,教程,系统商店,
tutorial.hint.system-shop.path,教程,右侧卷轴区->坊市->系统商店,
tutorial.hint.take-all.label,教程,全部拿取,
tutorial.hint.take-all.path,教程,拾取弹层->全部拿取,
tutorial.hint.take.label,教程,拿取,
tutorial.hint.take.path,教程,右下角行动栏->行动->拿取->执行,
tutorial.hint.target-lock-preset.label,教程,锁敌方案,
tutorial.hint.target-lock-preset.path,教程,右下角行动栏->技能->锁敌方案,
tutorial.hint.technique.label,教程,功法,
tutorial.hint.technique.path,教程,右侧卷轴区->功法,
tutorial.hint.toggle.label,教程,开关,
tutorial.hint.toggle.path,教程,右下角行动栏->开关,
tutorial.hint.world-info.label,教程,世界信息,
tutorial.hint.world-info.path,教程,中间下方->世界信息,
tutorial.main-tab.flow,教程,指引,
tutorial.main-tab.mechanics,教程,法则,
tutorial.main-tab.operations,教程,入门,
tutorial.panel.close-hint,教程,点击空白处关闭,
tutorial.panel.empty,教程,暂无教程内容,教程内容清空时的空态
tutorial.panel.flow-tabs.aria,教程,指引目录,
tutorial.panel.main-tabs.aria,教程,百科分类,
tutorial.panel.mechanics-tabs.aria,教程,法则目录,
tutorial.panel.operations-tabs.aria,教程,入门目录,
tutorial.panel.tip-title,教程,小提醒,
tutorial.panel.title,教程,百科,
heaven-gate.static.core-subtitle,静态HTML-开天门,五行未定，先启天门。若不满意，后续可消耗经验逆天改命。,静态 HTML：packages/client/heaven-gate.html
heaven-gate.static.cursor-text,静态HTML-开天门,斩,静态 HTML：packages/client/heaven-gate.html
heaven-gate.static.detail-modal-hint-hint,静态HTML-开天门,点击连线可斩 / 补灵根，点击中间丹田可开天门或入天门。,静态 HTML：packages/client/heaven-gate.html
heaven-gate.static.detail-modal-title-heaven-gate,静态HTML-开天门,开天门,静态 HTML：packages/client/heaven-gate.html
heaven-gate.static.earth,静态HTML-开天门,土,静态 HTML：packages/client/heaven-gate.html
heaven-gate.static.earth.aria-label,静态HTML-开天门,斩土灵根,静态 HTML：packages/client/heaven-gate.html
heaven-gate.static.fire,静态HTML-开天门,火,静态 HTML：packages/client/heaven-gate.html
heaven-gate.static.fire.aria-label,静态HTML-开天门,斩火灵根,静态 HTML：packages/client/heaven-gate.html
heaven-gate.static.heaven-gate-stat-name-earth-root,静态HTML-开天门,土灵根,静态 HTML：packages/client/heaven-gate.html
heaven-gate.static.heaven-gate-stat-name-fire-root,静态HTML-开天门,火灵根,静态 HTML：packages/client/heaven-gate.html
heaven-gate.static.heaven-gate-stat-name-metal-root,静态HTML-开天门,金灵根,静态 HTML：packages/client/heaven-gate.html
heaven-gate.static.heaven-gate-stat-name-water-root,静态HTML-开天门,水灵根,静态 HTML：packages/client/heaven-gate.html
heaven-gate.static.heaven-gate-stat-name-wood-root,静态HTML-开天门,木灵根,静态 HTML：packages/client/heaven-gate.html
heaven-gate.static.heaven-gate-summary-label-available-exp,静态HTML-开天门,当前可用经验,静态 HTML：packages/client/heaven-gate.html
heaven-gate.static.heaven-gate-summary-label-current-total,静态HTML-开天门,当前总值,静态 HTML：packages/client/heaven-gate.html
heaven-gate.static.heaven-gate-summary-label-reroll-cost,静态HTML-开天门,逆天改命消耗,静态 HTML：packages/client/heaven-gate.html
heaven-gate.static.heaven-gate-summary-label-sever-cost,静态HTML-开天门,斩 / 补消耗,静态 HTML：packages/client/heaven-gate.html
heaven-gate.static.heaven-gate.title,静态HTML-开天门,开天门,静态 HTML：packages/client/heaven-gate.html
heaven-gate.static.judgement-desc,静态HTML-开天门,开天门后会根据当前保留灵根的数量、强弱、均衡程度，给出对应的资质称谓与描述。,静态 HTML：packages/client/heaven-gate.html
heaven-gate.static.judgement-meta,静态HTML-开天门,未开天门前不生成判语。,静态 HTML：packages/client/heaven-gate.html
heaven-gate.static.judgement-name,静态HTML-开天门,灵根未定,静态 HTML：packages/client/heaven-gate.html
heaven-gate.static.meta-metal,静态HTML-开天门,待定,静态 HTML：packages/client/heaven-gate.html
heaven-gate.static.metal,静态HTML-开天门,金,静态 HTML：packages/client/heaven-gate.html
heaven-gate.static.metal.aria-label,静态HTML-开天门,斩金灵根,静态 HTML：packages/client/heaven-gate.html
heaven-gate.static.panel-section-title-five-elements-result,静态HTML-开天门,五行结果,静态 HTML：packages/client/heaven-gate.html
heaven-gate.static.panel-section-title-operation-note-title,静态HTML-开天门,当前操作说明,静态 HTML：packages/client/heaven-gate.html
heaven-gate.static.popup-cancel,静态HTML-开天门,取消,静态 HTML：packages/client/heaven-gate.html
heaven-gate.static.popup-confirm,静态HTML-开天门,确认,静态 HTML：packages/client/heaven-gate.html
heaven-gate.static.popup-subtitle,静态HTML-开天门,请确认当前操作。,静态 HTML：packages/client/heaven-gate.html
heaven-gate.static.popup-title,静态HTML-开天门,确认操作,静态 HTML：packages/client/heaven-gate.html
heaven-gate.static.reroll,静态HTML-开天门,逆天改命,静态 HTML：packages/client/heaven-gate.html
heaven-gate.static.reset-demo,静态HTML-开天门,重置,静态 HTML：packages/client/heaven-gate.html
heaven-gate.static.result-hint,静态HTML-开天门,当前还未开天门。保留灵根会以 1 作为占位，已斩灵根为 0。,静态 HTML：packages/client/heaven-gate.html
heaven-gate.static.strip-note,静态HTML-开天门,点击任意连线可斩或补灵根。已出结果后若再斩 / 补，当前结果会失效并退回重新开门。,静态 HTML：packages/client/heaven-gate.html
heaven-gate.static.subtitle,静态HTML-开天门,叩仙门 · 已斩 0/4 · 保留 5 条灵根,静态 HTML：packages/client/heaven-gate.html
heaven-gate.static.total,静态HTML-开天门,未定,静态 HTML：packages/client/heaven-gate.html
heaven-gate.static.total-badge,静态HTML-开天门,总值 未定,静态 HTML：packages/client/heaven-gate.html
heaven-gate.static.water,静态HTML-开天门,水,静态 HTML：packages/client/heaven-gate.html
heaven-gate.static.water.aria-label,静态HTML-开天门,斩水灵根,静态 HTML：packages/client/heaven-gate.html
heaven-gate.static.wood,静态HTML-开天门,木,静态 HTML：packages/client/heaven-gate.html
heaven-gate.static.wood.aria-label,静态HTML-开天门,斩木灵根,静态 HTML：packages/client/heaven-gate.html
shell.account,静态HTML-主界面,账号,静态 HTML：packages/client/index.html
shell.account-name.placeholder,静态HTML-主界面,输入登录账号,静态 HTML：packages/client/index.html
shell.action-bar,静态HTML-主界面,行动栏,静态 HTML：packages/client/index.html
shell.action-subtitle,静态HTML-主界面,常驻操作与技能切换,静态 HTML：packages/client/index.html
shell.attr-overview,静态HTML-主界面,属性总览,静态 HTML：packages/client/index.html
shell.bag-scroll,静态HTML-主界面,行囊录,静态 HTML：packages/client/index.html
shell.bag-subtitle,静态HTML-主界面,背包、装备、功法、炼体与任务,静态 HTML：packages/client/index.html
shell.body-training,静态HTML-主界面,炼体,静态 HTML：packages/client/index.html
shell.breakthrough,静态HTML-主界面,突破,静态 HTML：packages/client/index.html
shell.chat-combat,静态HTML-主界面,战斗,静态 HTML：packages/client/index.html
shell.chat-grudge,静态HTML-主界面,情仇,静态 HTML：packages/client/index.html
shell.chat-input.placeholder,静态HTML-主界面,输入聊天内容，回车发送,静态 HTML：packages/client/index.html
shell.chat-nearby,静态HTML-主界面,附近,静态 HTML：packages/client/index.html
shell.chat-party,静态HTML-主界面,组队,日志与聊天自定义频道
shell.chat-sect,静态HTML-主界面,宗门,静态 HTML：packages/client/index.html
shell.chat-system,静态HTML-主界面,系统,静态 HTML：packages/client/index.html
shell.chat-world,静态HTML-主界面,世界,静态 HTML：packages/client/index.html
shell.cultivate,静态HTML-主界面,修为 (0/0),静态 HTML：packages/client/index.html
shell.cultivation-scroll,静态HTML-主界面,修行卷,静态 HTML：packages/client/index.html
shell.daojie-yusheng.title,静态HTML-主界面,道劫余生,静态 HTML：packages/client/index.html
shell.debug-reset-spawn,静态HTML-主界面,回出生点,静态 HTML：packages/client/index.html
shell.debug-title-debug,静态HTML-主界面,Debug,静态 HTML：packages/client/index.html
shell.debug.reset-desc,静态HTML-主界面,角色丢失或跑出视野时，可直接送回云来镇出生点。,静态 HTML：packages/client/index.html
shell.detail-modal-hint,静态HTML-主界面,点击空白处关闭,静态 HTML：packages/client/index.html
shell.detail-modal-title,静态HTML-主界面,详情,静态 HTML：packages/client/index.html
shell.display-name,静态HTML-主界面,显示名,静态 HTML：packages/client/index.html
shell.display-name-status,静态HTML-主界面,注册时必填,静态 HTML：packages/client/index.html
shell.display-name.placeholder,静态HTML-主界面,注册时必填，仅 1 个字,静态 HTML：packages/client/index.html
shell.equipment,静态HTML-主界面,装备,静态 HTML：packages/client/index.html
shell.hud-label-age,静态HTML-主界面,岁,静态 HTML：packages/client/index.html
shell.hud-label-lifespan,静态HTML-主界面,寿,静态 HTML：packages/client/index.html
shell.hud-label-map,静态HTML-主界面,地图,静态 HTML：packages/client/index.html
shell.hud-label-position,静态HTML-主界面,位置,静态 HTML：packages/client/index.html
shell.hud-link-btn-text-guided-tour,静态HTML-主界面,引导,静态 HTML：packages/client/index.html
shell.hud-link-btn-text-simple-tutorial,静态HTML-主界面,百科,静态 HTML：packages/client/index.html
shell.hud-realm-label-realm,静态HTML-主界面,境界,静态 HTML：packages/client/index.html
shell.hud-resource-label-hp,静态HTML-主界面,生命值,静态 HTML：packages/client/index.html
shell.hud-resource-label-qi,静态HTML-主界面,灵力,静态 HTML：packages/client/index.html
shell.intel,静态HTML-主界面,情报,静态 HTML：packages/client/index.html
shell.inventory,静态HTML-主界面,背包,静态 HTML：packages/client/index.html
shell.join-qq-group.aria-label,静态HTML-主界面,加入QQ群,静态 HTML：packages/client/index.html
shell.join-qq-group.title.attr,静态HTML-主界面,加入QQ群,静态 HTML：packages/client/index.html
shell.layout-toggle-bottom.aria-label,静态HTML-主界面,收起下方面板,静态 HTML：packages/client/index.html
shell.layout-toggle-bottom.title,静态HTML-主界面,收起下方面板,静态 HTML：packages/client/index.html
shell.layout-toggle-left,静态HTML-主界面,&lt;,静态 HTML：packages/client/index.html
shell.layout-toggle-left.aria-label,静态HTML-主界面,收起左侧区域,静态 HTML：packages/client/index.html
shell.layout-toggle-left.title,静态HTML-主界面,收起左侧区域,静态 HTML：packages/client/index.html
shell.layout-toggle-right,静态HTML-主界面,&gt;,静态 HTML：packages/client/index.html
shell.layout-toggle-right.aria-label,静态HTML-主界面,收起右侧区域,静态 HTML：packages/client/index.html
shell.layout-toggle-right.title,静态HTML-主界面,收起右侧区域,静态 HTML：packages/client/index.html
shell.logbook,静态HTML-主界面,日志与聊天,静态 HTML：packages/client/index.html
shell.login-logo-daojie-yusheng.alt,静态HTML-主界面,道劫余生,静态 HTML：packages/client/index.html
shell.login-name-label,静态HTML-主界面,账号 / 角色名,静态 HTML：packages/client/index.html
shell.login-name.placeholder,静态HTML-主界面,输入账号或角色名,静态 HTML：packages/client/index.html
shell.login-stamp-stamp-enter,静态HTML-主界面,入,静态 HTML：packages/client/index.html
shell.login.mode-tabs.aria-label,静态HTML-主界面,登录模式切换,静态 HTML：packages/client/index.html
shell.logout,静态HTML-主界面,登出,静态 HTML：packages/client/index.html
shell.map-current-time-phase,静态HTML-主界面,未明,静态 HTML：packages/client/index.html
shell.map-fps-metric-label-1-low,静态HTML-主界面,1% LOW,静态 HTML：packages/client/index.html
shell.map-fps-metric-label-fps,静态HTML-主界面,FPS,静态 HTML：packages/client/index.html
shell.map-fps-metric-label-low,静态HTML-主界面,LOW,静态 HTML：packages/client/index.html
shell.map-fps-rate.title,静态HTML-主界面,客户端当前渲染帧率,静态 HTML：packages/client/index.html
shell.map-intel,静态HTML-主界面,地图信息,静态 HTML：packages/client/index.html
shell.map-minimap-delete-all-memory,静态HTML-主界面,删除全部,静态 HTML：packages/client/index.html
shell.map-minimap-delete-memory,静态HTML-主界面,删除记忆,静态 HTML：packages/client/index.html
shell.map-minimap-filter-all,静态HTML-主界面,全部,静态 HTML：packages/client/index.html
shell.map-minimap-filter-memory,静态HTML-主界面,记忆,静态 HTML：packages/client/index.html
shell.map-minimap-filter-unlock,静态HTML-主界面,解锁,静态 HTML：packages/client/index.html
shell.map-minimap-modal-catalog-toggle,静态HTML-主界面,目录,静态 HTML：packages/client/index.html
shell.map-minimap-modal-close,静态HTML-主界面,关,静态 HTML：packages/client/index.html
shell.map-minimap-modal-source-switch.aria-label,静态HTML-主界面,地图显示切换,静态 HTML：packages/client/index.html
shell.map-minimap-open,静态HTML-主界面,展,静态 HTML：packages/client/index.html
shell.map-minimap-open.title,静态HTML-主界面,展开大地图,静态 HTML：packages/client/index.html
shell.map-minimap-title,静态HTML-主界面,舆图,静态 HTML：packages/client/index.html
shell.map-minimap-toggle,静态HTML-主界面,隐,静态 HTML：packages/client/index.html
shell.map-minimap-toggle.title,静态HTML-主界面,隐藏小地图,静态 HTML：packages/client/index.html
shell.map-ping-rate.title,静态HTML-主界面,通过当前访问域名检测游戏连接响应；当服务端主循环阻塞时，这里的数值也会被拉高,静态 HTML：packages/client/index.html
shell.map-ping-unit,静态HTML-主界面,待测,静态 HTML：packages/client/index.html
shell.map-tick-rate-char-breath,静态HTML-主界面,息,静态 HTML：packages/client/index.html
shell.map-tick-rate-char-current-a,静态HTML-主界面,当,静态 HTML：packages/client/index.html
shell.map-tick-rate-char-current-b,静态HTML-主界面,前,静态 HTML：packages/client/index.html
shell.map-tick-rate-char-delay,静态HTML-主界面,延,静态 HTML：packages/client/index.html
shell.map-tick-rate-char-flow,静态HTML-主界面,流,静态 HTML：packages/client/index.html
shell.map-tick-rate-char-gap,静态HTML-主界面,隔,静态 HTML：packages/client/index.html
shell.map-tick-rate-char-interval,静态HTML-主界面,间,静态 HTML：packages/client/index.html
shell.map-tick-rate-char-latency,静态HTML-主界面,迟,静态 HTML：packages/client/index.html
shell.map-tick-rate-char-network,静态HTML-主界面,网,静态 HTML：packages/client/index.html
shell.map-tick-rate-char-spirit,静态HTML-主界面,灵,静态 HTML：packages/client/index.html
shell.map-tick-rate-char-time,静态HTML-主界面,时,静态 HTML：packages/client/index.html
shell.map-tick-rate-char-turn,静态HTML-主界面,转,静态 HTML：packages/client/index.html
shell.map-zoom-reset-label-reset,静态HTML-主界面,重置,静态 HTML：packages/client/index.html
shell.market,静态HTML-主界面,坊市,静态 HTML：packages/client/index.html
shell.mobile-action,静态HTML-主界面,行动,静态 HTML：packages/client/index.html
shell.mobile-attrs,静态HTML-主界面,属性,静态 HTML：packages/client/index.html
shell.mobile-bag,静态HTML-主界面,行囊,静态 HTML：packages/client/index.html
shell.mobile-overview,静态HTML-主界面,概览,静态 HTML：packages/client/index.html
shell.mobile-ui-shell.aria-label,静态HTML-主界面,手机界面切换,静态 HTML：packages/client/index.html
shell.name,静态HTML-主界面,修行者,静态 HTML：packages/client/index.html
shell.objective,静态HTML-主界面,暂无,静态 HTML：packages/client/index.html
shell.observe-modal-title-observe,静态HTML-主界面,观察,静态 HTML：packages/client/index.html
shell.open-activity,静态HTML-主界面,活动,静态 HTML：packages/client/index.html
shell.open-chronicle,静态HTML-主界面,史书,静态 HTML：packages/client/index.html
shell.open-guided-tour.aria-label,静态HTML-主界面,打开新手引导,静态 HTML：packages/client/index.html
shell.open-guided-tour.title,静态HTML-主界面,引导,静态 HTML：packages/client/index.html
shell.open-mail,静态HTML-主界面,飞书,静态 HTML：packages/client/index.html
shell.open-settings,静态HTML-主界面,设置,静态 HTML：packages/client/index.html
shell.open-tutorial.aria-label,静态HTML-主界面,打开百科,静态 HTML：packages/client/index.html
shell.open-tutorial.title,静态HTML-主界面,百科,静态 HTML：packages/client/index.html
shell.optional,静态HTML-主界面,(可选),静态 HTML：packages/client/index.html
shell.password,静态HTML-主界面,密码,静态 HTML：packages/client/index.html
shell.password.placeholder,静态HTML-主界面,输入密码,静态 HTML：packages/client/index.html
shell.quest,静态HTML-主界面,任务,静态 HTML：packages/client/index.html
shell.register.display-icon.label,静态HTML-主界面,显示图标,静态 HTML：packages/client/index.html
shell.register.display-icon.placeholder,静态HTML-主界面,1 字,静态 HTML：packages/client/index.html
shell.register.invitation-code.label,静态HTML-主界面,邀请码,静态 HTML：packages/client/index.html
shell.register.invitation-code.placeholder,静态HTML-主界面,邀请链接会自动填入,静态 HTML：packages/client/index.html
shell.register.username.label,静态HTML-主界面,用户名,静态 HTML：packages/client/index.html
shell.register.username.placeholder,静态HTML-主界面,输入游戏内用户名,静态 HTML：packages/client/index.html
shell.role-name,静态HTML-主界面,角色名,静态 HTML：packages/client/index.html
shell.role-name.placeholder,静态HTML-主界面,输入角色名称,静态 HTML：packages/client/index.html
shell.send,静态HTML-主界面,发送,静态 HTML：packages/client/index.html
shell.social,静态HTML-主界面,道友,静态 HTML：packages/client/index.html
shell.tab-login,静态HTML-主界面,登录,静态 HTML：packages/client/index.html
shell.tab-register,静态HTML-主界面,注册,静态 HTML：packages/client/index.html
shell.technique,静态HTML-主界面,功法,静态 HTML：packages/client/index.html
shell.threat,静态HTML-主界面,平稳,静态 HTML：packages/client/index.html
shell.tianji,静态HTML-主界面,天机阁,静态 HTML：packages/client/index.html
shell.title,静态HTML-主界面,无号散修,静态 HTML：packages/client/index.html
shell.zoom-reset.title,静态HTML-主界面,重置缩放到 2x,静态 HTML：packages/client/index.html
shell.zoom-slider.aria-label,静态HTML-主界面,地图缩放,静态 HTML：packages/client/index.html
gm.abnormal,静态HTML-GM,异常,静态 HTML：packages/client/gm.html
gm.account-status-all,静态HTML-GM,账号状态: 全部,静态 HTML：packages/client/gm.html
gm.alchemy,静态HTML-GM,炼丹,静态 HTML：packages/client/gm.html
gm.avg-expanded,静态HTML-GM,平均展开,静态 HTML：packages/client/gm.html
gm.avg-queue,静态HTML-GM,平均排队,静态 HTML：packages/client/gm.html
gm.avg-run,静态HTML-GM,平均计算,静态 HTML：packages/client/gm.html
gm.banned,静态HTML-GM,封禁,静态 HTML：packages/client/gm.html
gm.behavior-all,静态HTML-GM,行为: 全部,静态 HTML：packages/client/gm.html
gm.bots,静态HTML-GM,机器人,静态 HTML：packages/client/gm.html
gm.buffer-cpp-objects,静态HTML-GM,Buffer / C++ 对象等,静态 HTML：packages/client/gm.html
gm.by-map,静态HTML-GM,按地图,静态 HTML：packages/client/gm.html
gm.by-role-name,静态HTML-GM,按角色名,静态 HTML：packages/client/gm.html
gm.combat,静态HTML-GM,战斗,静态 HTML：packages/client/gm.html
gm.cpu-breakdown,静态HTML-GM,CPU 热点分项,静态 HTML：packages/client/gm.html
gm.cpu-breakdown-sort-avg,静态HTML-GM,单次,静态 HTML：packages/client/gm.html
gm.cpu-breakdown-sort-count,静态HTML-GM,次数,静态 HTML：packages/client/gm.html
gm.cpu-breakdown-sort-total,静态HTML-GM,总耗时,静态 HTML：packages/client/gm.html
gm.cpu-pressure,静态HTML-GM,CPU 压力,静态 HTML：packages/client/gm.html
gm.cpu-profile-meta,静态HTML-GM,CPU 画像尚未开始。,静态 HTML：packages/client/gm.html
gm.cpu-tick-window-note,静态HTML-GM,最近采样窗口内全部地图 tick 累计墙钟,静态 HTML：packages/client/gm.html
gm.cultivation,静态HTML-GM,修炼,静态 HTML：packages/client/gm.html
gm.current-cpu-pressure,静态HTML-GM,当前 CPU 压力,静态 HTML：packages/client/gm.html
gm.current-password,静态HTML-GM,当前密码,静态 HTML：packages/client/gm.html
gm.daojie-yusheng-gm.title,静态HTML-GM,道劫余生 · 监察司,静态 HTML：packages/client/gm.html
gm.drop-expire,静态HTML-GM,淘汰与过期,静态 HTML：packages/client/gm.html
gm.editor-empty,静态HTML-GM,从左侧选择一个角色后，可查看并修改其完整数据。,静态 HTML：packages/client/gm.html
gm.editor-note-editor-save-note,静态HTML-GM,当前保存只会提交所在标签的数据。刷新当前玩家会丢弃未保存草稿，并重新拉取服务端详情。,静态 HTML：packages/client/gm.html
gm.editor-note-peace-mode-note,静态HTML-GM,开启后会立刻关闭所有玩家的全体攻击，并允许玩家在任意位置重叠。,静态 HTML：packages/client/gm.html
gm.editor-section-note-compat-migrations-note,静态HTML-GM,显式迁移旧版本数据格式。先预览影响范围，确认后由服务端一次性写入新真源格式。,静态 HTML：packages/client/gm.html
gm.editor-section-note-compensation-note,静态HTML-GM,用于执行全服统一补偿。按钮会直接作用到在线与离线角色。,静态 HTML：packages/client/gm.html
gm.editor-section-note-database-source-note,静态HTML-GM,按表查看当前数据库中的玩家真源，不直接参与可视化编辑。,静态 HTML：packages/client/gm.html
gm.editor-section-note-global-mail-note,静态HTML-GM,给当前全服玩家发送广播邮件。正文走低频 GM HTTP 接口，玩家收件箱再按需拉取详情。,静态 HTML：packages/client/gm.html
gm.editor-section-note-gm-password-note,静态HTML-GM,修改后立即生效，当前登录态不受影响。,静态 HTML：packages/client/gm.html
gm.editor-section-note-herb-stock-note,静态HTML-GM,给当前所有已加载地图里的草药采集点统一补充库存，按地图 tick 批量生效。,静态 HTML：packages/client/gm.html
gm.editor-section-note-player-migration-note,静态HTML-GM,用于地图大改后，把全服角色统一送回新手村出生点。,静态 HTML：packages/client/gm.html
gm.editor-section-note-save-cleanup-note,静态HTML-GM,手动清理全服玩家背包、坊市托管仓和装备栏里的无效物品。在线与离线角色都会处理。,静态 HTML：packages/client/gm.html
gm.editor-section-title-compat-migrations,静态HTML-GM,兼容迁移,静态 HTML：packages/client/gm.html
gm.editor-section-title-compensation,静态HTML-GM,补偿,静态 HTML：packages/client/gm.html
gm.editor-section-title-database-source,静态HTML-GM,数据库真源,静态 HTML：packages/client/gm.html
gm.editor-section-title-global-mail,静态HTML-GM,全服邮件,静态 HTML：packages/client/gm.html
gm.editor-section-title-herb-stock,静态HTML-GM,草药库存,静态 HTML：packages/client/gm.html
gm.editor-section-title-player-migration,静态HTML-GM,角色迁移,静态 HTML：packages/client/gm.html
gm.editor-section-title-save-cleanup,静态HTML-GM,存档清理,静态 HTML：packages/client/gm.html
gm.editor-tab-basic,静态HTML-GM,基础,静态 HTML：packages/client/gm.html
gm.editor-tab-benefits,静态HTML-GM,权益,静态 HTML：packages/client/gm.html
gm.editor-tab-buffs,静态HTML-GM,Buff,静态 HTML：packages/client/gm.html
gm.editor-tab-items,静态HTML-GM,物品,静态 HTML：packages/client/gm.html
gm.editor-tab-mail,静态HTML-GM,邮件,静态 HTML：packages/client/gm.html
gm.editor-tab-position,静态HTML-GM,位置,静态 HTML：packages/client/gm.html
gm.editor-tab-quests,静态HTML-GM,任务,静态 HTML：packages/client/gm.html
gm.editor-tab-realm,静态HTML-GM,属性,静态 HTML：packages/client/gm.html
gm.editor-tab-risk,静态HTML-GM,风险检测,静态 HTML：packages/client/gm.html
gm.editor-tab-shortcuts,静态HTML-GM,快捷操作,静态 HTML：packages/client/gm.html
gm.editor-tab-techniques,静态HTML-GM,功法,静态 HTML：packages/client/gm.html
gm.editor-title,静态HTML-GM,未选择角色,静态 HTML：packages/client/gm.html
gm.enhancement,静态HTML-GM,强化,静态 HTML：packages/client/gm.html
gm.external-memory,静态HTML-GM,外部内存,静态 HTML：packages/client/gm.html
gm.gather,静态HTML-GM,采集,静态 HTML：packages/client/gm.html
gm.gm-password,静态HTML-GM,GM 密码,静态 HTML：packages/client/gm.html
gm.god-view,静态HTML-GM,上帝视角,静态 HTML：packages/client/gm.html
gm.god-view-hint,静态HTML-GM,右键拖动 · 滚轮缩放 · 左键选中查看,静态 HTML：packages/client/gm.html
gm.heap-free-reserved,静态HTML-GM,Heap 预留空闲,静态 HTML：packages/client/gm.html
gm.heap-total,静态HTML-GM,Heap 总量,静态 HTML：packages/client/gm.html
gm.heap-usage,静态HTML-GM,Heap 使用率,静态 HTML：packages/client/gm.html
gm.heap-used,静态HTML-GM,Heap 已用,静态 HTML：packages/client/gm.html
gm.heavy-instance-ranking,静态HTML-GM,实例大户榜,静态 HTML：packages/client/gm.html
gm.host-uptime,静态HTML-GM,宿主机 uptime,静态 HTML：packages/client/gm.html
gm.inbound-total,静态HTML-GM,上行总量,静态 HTML：packages/client/gm.html
gm.info-actions,静态HTML-GM,信息与操作,静态 HTML：packages/client/gm.html
gm.instance-list,静态HTML-GM,实例列表,静态 HTML：packages/client/gm.html
gm.instance-world-selected-detail,静态HTML-GM,实例信息、世界控制与选中目标详情,静态 HTML：packages/client/gm.html
gm.latest-map-tick,静态HTML-GM,最近单图 tick,静态 HTML：packages/client/gm.html
gm.load-15m,静态HTML-GM,15 分钟负载,静态 HTML：packages/client/gm.html
gm.load-1m,静态HTML-GM,1 分钟负载,静态 HTML：packages/client/gm.html
gm.load-5m,静态HTML-GM,5 分钟负载,静态 HTML：packages/client/gm.html
gm.logical-cores,静态HTML-GM,逻辑核心数,静态 HTML：packages/client/gm.html
gm.login-logo-daojie-yusheng.alt,静态HTML-GM,道劫余生,静态 HTML：packages/client/gm.html
gm.login-stamp-stamp-forbidden,静态HTML-GM,禁,静态 HTML：packages/client/gm.html
gm.login-submit,静态HTML-GM,入司,静态 HTML：packages/client/gm.html
gm.login-subtitle-login-subtitle,静态HTML-GM,独立 GM 管理台 · 仅限持密进入,静态 HTML：packages/client/gm.html
gm.login-title-inspector-office,静态HTML-GM,监察司,静态 HTML：packages/client/gm.html
gm.logout,静态HTML-GM,退出管理台,静态 HTML：packages/client/gm.html
gm.memory-estimate-meta,静态HTML-GM,运行态内存画像尚未生成。,静态 HTML：packages/client/gm.html
gm.memory-heap-usage-note,静态HTML-GM,已用 0 MB / 总量 0 MB,静态 HTML：packages/client/gm.html
gm.memory-rss-heap-ratio-note,静态HTML-GM,倍率越高，非堆占比越大,静态 HTML：packages/client/gm.html
gm.memory-snapshot-meta,静态HTML-GM,内存明细显示当前进程快照，建议配合“立即刷新”观察变化。,静态 HTML：packages/client/gm.html
gm.memory-usage,静态HTML-GM,内存占用,静态 HTML：packages/client/gm.html
gm.network-breakdown-subtitle-cpu-breakdown-hint,静态HTML-GM,按消耗分组展示；组内按当前排序口径排列，并显示总耗时、均秒耗时、均次耗时、总次数、均秒次数和总占比,静态 HTML：packages/client/gm.html
gm.network-breakdown-subtitle-heavy-instance-ranking-note,静态HTML-GM,按实例元数据 + 怪物快照估算排序，优先看最重的图,静态 HTML：packages/client/gm.html
gm.network-breakdown-subtitle-object-domain-profile-note,静态HTML-GM,按玩家 / 怪物 / 实例快照估算，便于先定位优化方向,静态 HTML：packages/client/gm.html
gm.network-in-page-meta,静态HTML-GM,第 1 / 1 页 · 共 0 条,静态 HTML：packages/client/gm.html
gm.network-in-page-next,静态HTML-GM,下一页,静态 HTML：packages/client/gm.html
gm.network-in-page-prev,静态HTML-GM,上一页,静态 HTML：packages/client/gm.html
gm.network-inbound-ranking,静态HTML-GM,网络事件上行榜,静态 HTML：packages/client/gm.html
gm.network-outbound-ranking,静态HTML-GM,网络事件下行榜,静态 HTML：packages/client/gm.html
gm.new-password,静态HTML-GM,新密码,静态 HTML：packages/client/gm.html
gm.no-cpu-breakdown,静态HTML-GM,当前还没有 CPU 分项数据。,静态 HTML：packages/client/gm.html
gm.no-inbound-events,静态HTML-GM,当前还没有累计上行事件。,静态 HTML：packages/client/gm.html
gm.no-instance-memory-profile,静态HTML-GM,当前还没有实例内存画像。,静态 HTML：packages/client/gm.html
gm.no-outbound-events,静态HTML-GM,当前还没有累计下行事件。,静态 HTML：packages/client/gm.html
gm.no-pathfinding-failures,静态HTML-GM,当前还没有寻路失败记录。,静态 HTML：packages/client/gm.html
gm.no-runtime-memory-profile,静态HTML-GM,当前还没有运行态内存画像。,静态 HTML：packages/client/gm.html
gm.node-process-uptime,静态HTML-GM,Node 进程 uptime,静态 HTML：packages/client/gm.html
gm.node-visible-cpu-cores,静态HTML-GM,Node 进程可见 CPU 核心,静态 HTML：packages/client/gm.html
gm.normal,静态HTML-GM,正常,静态 HTML：packages/client/gm.html
gm.note-card-preparing-database-panel,静态HTML-GM,正在准备数据库管理面板…,静态 HTML：packages/client/gm.html
gm.note-card-shortcuts-warning,静态HTML-GM,这里的快捷指令会直接影响全服角色状态。在线角色会在下一息统一执行，离线角色会直接更新存档。,静态 HTML：packages/client/gm.html
gm.object-domain-profile,静态HTML-GM,对象域画像,静态 HTML：packages/client/gm.html
gm.offline-count,静态HTML-GM,离线人数,静态 HTML：packages/client/gm.html
gm.offline-hanging,静态HTML-GM,离线挂机,静态 HTML：packages/client/gm.html
gm.online,静态HTML-GM,在线,静态 HTML：packages/client/gm.html
gm.online-count,静态HTML-GM,在线人数,静态 HTML：packages/client/gm.html
gm.online-first,静态HTML-GM,在线优先,静态 HTML：packages/client/gm.html
gm.open-player-mail,静态HTML-GM,发邮件,静态 HTML：packages/client/gm.html
gm.outbound-total,静态HTML-GM,下行总量,静态 HTML：packages/client/gm.html
gm.overview.online-save-note,静态HTML-GM,在线玩家的修改会由服务端在下一息统一执行。离线玩家会直接更新存档。,静态 HTML：packages/client/gm.html
gm.overview.snapshot-save-note,静态HTML-GM,默认编辑器展示的是完整运行态快照；高级区可切换查看真实存档态 JSON。像 `actions`、`finalAttrs`、`numericStats`、`realm` 这类派生字段，保存后仍以服务端重算结果为准。,静态 HTML：packages/client/gm.html
gm.panel-stamp-stamp-command,静态HTML-GM,令,静态 HTML：packages/client/gm.html
gm.panel-stamp-stamp-office,静态HTML-GM,司,静态 HTML：packages/client/gm.html
gm.panel-stamp-stamp-redeem,静态HTML-GM,兑,静态 HTML：packages/client/gm.html
gm.partition-editor,静态HTML-GM,分区数据编辑,静态 HTML：packages/client/gm.html
gm.partition-editor-subtitle,静态HTML-GM,按基础、位置、属性、功法、物品、任务等分开查看与保存，原始 JSON 保留在高级区,静态 HTML：packages/client/gm.html
gm.password-save,静态HTML-GM,修改 GM 密码,静态 HTML：packages/client/gm.html
gm.password.placeholder,静态HTML-GM,输入 GM 管理密码,静态 HTML：packages/client/gm.html
gm.path-cancelled,静态HTML-GM,寻路取消,静态 HTML：packages/client/gm.html
gm.path-queue,静态HTML-GM,寻路队列,静态 HTML：packages/client/gm.html
gm.path-workers,静态HTML-GM,寻路线程,静态 HTML：packages/client/gm.html
gm.pathfinding-drop-note,静态HTML-GM,等待丢弃 0 · 结果过期 0,静态 HTML：packages/client/gm.html
gm.pathfinding-expanded-note,静态HTML-GM,峰值 0 · 成功 0,静态 HTML：packages/client/gm.html
gm.pathfinding-queue-note,静态HTML-GM,峰值 0 ms · 队列峰值 0,静态 HTML：packages/client/gm.html
gm.pathfinding-reset-meta,静态HTML-GM,寻路统计区间尚未开始。,静态 HTML：packages/client/gm.html
gm.pathfinding-run-note,静态HTML-GM,峰值 0 ms · 已完成 0,静态 HTML：packages/client/gm.html
gm.pathfinding-summary,静态HTML-GM,寻路调度摘要,静态 HTML：packages/client/gm.html
gm.peace-mode,静态HTML-GM,和平模式,静态 HTML：packages/client/gm.html
gm.player-book,静态HTML-GM,角色册,静态 HTML：packages/client/gm.html
gm.player-book-subtitle,静态HTML-GM,列表显示账号、角色名、显示名；搜索支持账号、角色名、显示名和地图中文名,静态 HTML：packages/client/gm.html
gm.player-bulk-ban-by-risk,静态HTML-GM,预览并批量封号,静态 HTML：packages/client/gm.html
gm.player-bulk-ban-preview,静态HTML-GM,尚未生成批量封号预览。,静态 HTML：packages/client/gm.html
gm.player-bulk-ban-reason.placeholder,静态HTML-GM,批量封号原因（可选）,静态 HTML：packages/client/gm.html
gm.player-database-meta,静态HTML-GM,当前还没有数据库表数据。,静态 HTML：packages/client/gm.html
gm.player-search.placeholder,静态HTML-GM,搜索账号 / 角色名 / 显示名 / 地图,静态 HTML：packages/client/gm.html
gm.player.presence.offline,静态HTML-GM,离线,静态 HTML：packages/client/gm.html
gm.preparing-redeem-editor,静态HTML-GM,正在准备分组编辑器…,静态 HTML：packages/client/gm.html
gm.presence-all,静态HTML-GM,在线状态: 全部,静态 HTML：packages/client/gm.html
gm.process-latest-sample,静态HTML-GM,全进程最近一次采样窗口,静态 HTML：packages/client/gm.html
gm.process-resident-memory,静态HTML-GM,进程常驻内存,静态 HTML：packages/client/gm.html
gm.process-system-cpu,静态HTML-GM,进程累计 system CPU,静态 HTML：packages/client/gm.html
gm.process-uptime,静态HTML-GM,进程运行时长,静态 HTML：packages/client/gm.html
gm.process-user-cpu,静态HTML-GM,进程累计 user CPU,静态 HTML：packages/client/gm.html
gm.realm-asc,静态HTML-GM,境界从低到高,静态 HTML：packages/client/gm.html
gm.realm-desc,静态HTML-GM,境界从高到低,静态 HTML：packages/client/gm.html
gm.redeem-code-list,静态HTML-GM,兑换码列表,静态 HTML：packages/client/gm.html
gm.redeem-code-list-subtitle,静态HTML-GM,可查看使用状态，并销毁指定可用兑换码,静态 HTML：packages/client/gm.html
gm.redeem-group-editor,静态HTML-GM,分组编辑,静态 HTML：packages/client/gm.html
gm.redeem-group-editor-subtitle,静态HTML-GM,新建时选择奖励物品和数量，后续也可继续修改,静态 HTML：packages/client/gm.html
gm.redeem-group-list,静态HTML-GM,分组列表,静态 HTML：packages/client/gm.html
gm.redeem-group-list-subtitle,静态HTML-GM,查看每个分组的兑换码总数、已使用数和可用数,静态 HTML：packages/client/gm.html
gm.redeem-status,静态HTML-GM,兑换码数据读取中…,静态 HTML：packages/client/gm.html
gm.refresh-player,静态HTML-GM,刷新当前玩家,静态 HTML：packages/client/gm.html
gm.refresh-state,静态HTML-GM,立即刷新,静态 HTML：packages/client/gm.html
gm.remove-all-bots,静态HTML-GM,移除全部机器人,静态 HTML：packages/client/gm.html
gm.remove-bot,静态HTML-GM,移除该机器人,静态 HTML：packages/client/gm.html
gm.reset-cpu-stats,静态HTML-GM,重置 CPU 统计,静态 HTML：packages/client/gm.html
gm.reset-heaven-gate,静态HTML-GM,重置天门,静态 HTML：packages/client/gm.html
gm.reset-network-stats,静态HTML-GM,重置流量统计,静态 HTML：packages/client/gm.html
gm.reset-pathfinding-stats,静态HTML-GM,重置寻路统计,静态 HTML：packages/client/gm.html
gm.reset-player,静态HTML-GM,回出生点,静态 HTML：packages/client/gm.html
gm.resident-gap,静态HTML-GM,常驻差额,静态 HTML：packages/client/gm.html
gm.resident-gap-note,静态HTML-GM,RSS - Heap 总量 - 外部内存，近似 native/栈/代码段,静态 HTML：packages/client/gm.html
gm.risk-asc,静态HTML-GM,风险从低到高,静态 HTML：packages/client/gm.html
gm.risk-desc,静态HTML-GM,风险从高到低,静态 HTML：packages/client/gm.html
gm.rss-heap-ratio,静态HTML-GM,RSS / Heap 已用,静态 HTML：packages/client/gm.html
gm.rss-memory,静态HTML-GM,RSS 内存,静态 HTML：packages/client/gm.html
gm.save-player,静态HTML-GM,保存当前标签,静态 HTML：packages/client/gm.html
gm.select-instance-left,静态HTML-GM,从左侧选择一个实例,静态 HTML：packages/client/gm.html
gm.select-instance-runtime,静态HTML-GM,选择实例查看运行时状态,静态 HTML：packages/client/gm.html
gm.select-redeem-group,静态HTML-GM,请选择一个分组查看兑换码。,静态 HTML：packages/client/gm.html
gm.server-logs-load-older,静态HTML-GM,加载更早 100 行,静态 HTML：packages/client/gm.html
gm.server-logs-meta,静态HTML-GM,日志尚未加载。,静态 HTML：packages/client/gm.html
gm.server-logs-refresh,静态HTML-GM,刷新最近 100 行,静态 HTML：packages/client/gm.html
gm.server-subtab-cpu,静态HTML-GM,CPU 信息,静态 HTML：packages/client/gm.html
gm.server-subtab-database,静态HTML-GM,数据库,静态 HTML：packages/client/gm.html
gm.server-subtab-logs,静态HTML-GM,日志,静态 HTML：packages/client/gm.html
gm.server-subtab-memory,静态HTML-GM,内存信息,静态 HTML：packages/client/gm.html
gm.server-subtab-overview,静态HTML-GM,总览,静态 HTML：packages/client/gm.html
gm.server-subtab-traffic,静态HTML-GM,流量统计,静态 HTML：packages/client/gm.html
gm.shell-brand-daojie-yusheng-gm,静态HTML-GM,道劫余生 · 监察司,静态 HTML：packages/client/gm.html
gm.shell-subtitle-batch-high-frequency-gm-actions,静态HTML-GM,批量执行高频 GM 操作,静态 HTML：packages/client/gm.html
gm.shell-subtitle-redeem-management-subtitle,静态HTML-GM,管理分组奖励、生成兑换码、查看使用情况与销毁指定兑换码,静态 HTML：packages/client/gm.html
gm.shell-subtitle-server-overview-subtitle,静态HTML-GM,全服监察总览,静态 HTML：packages/client/gm.html
gm.shell-title-daojie-yusheng,静态HTML-GM,道劫余生,静态 HTML：packages/client/gm.html
gm.shell-title-redeem-management,静态HTML-GM,兑换码管理,静态 HTML：packages/client/gm.html
gm.shortcut-add-herb-stock-1000,静态HTML-GM,全图草药库存 +1000,静态 HTML：packages/client/gm.html
gm.shortcut-cleanup-abnormal-temporary-tiles,静态HTML-GM,清理全图异常临时石头,静态 HTML：packages/client/gm.html
gm.shortcut-cleanup-invalid-items,静态HTML-GM,清理全部玩家无效物品,静态 HTML：packages/client/gm.html
gm.shortcut-compensate-combat-exp-2026-04-09,静态HTML-GM,战斗经验补偿-2026-04-09,静态 HTML：packages/client/gm.html
gm.shortcut-compensate-foundation-2026-04-09,静态HTML-GM,底蕴补偿-2026-04-09,静态 HTML：packages/client/gm.html
gm.shortcut-delete-empty-custom-technique-books,静态HTML-GM,清理空白功法残卷,静态 HTML：packages/client/gm.html
gm.shortcut-migrate-ai-arts-strength-v1-to-v2,静态HTML-GM,迁移旧版AI术法草稿,静态 HTML：packages/client/gm.html
gm.shortcut-migrate-recovery-pills,静态HTML-GM,恢复丹药迁移,静态 HTML：packages/client/gm.html
gm.shortcut-recover-empty-custom-technique-books,静态HTML-GM,修复空白功法残卷,静态 HTML：packages/client/gm.html
gm.shortcut-refresh-online-technique-templates,静态HTML-GM,刷新在线玩家功法模板,静态 HTML：packages/client/gm.html
gm.shortcut-repair-market-storage-item-ids,静态HTML-GM,修复坊市托管仓旧ID,静态 HTML：packages/client/gm.html
gm.shortcut-repair-quest-progress-payloads,静态HTML-GM,修复历史任务进度Payload,静态 HTML：packages/client/gm.html
gm.shortcut-return-all-to-default-spawn,静态HTML-GM,所有角色回新手村出生点,静态 HTML：packages/client/gm.html
gm.spawn-bots,静态HTML-GM,在选中角色附近生傀儡,静态 HTML：packages/client/gm.html
gm.summary-memory,静态HTML-GM,0 MB,静态 HTML：packages/client/gm.html
gm.summary-peace-mode,静态HTML-GM,关闭,静态 HTML：packages/client/gm.html
gm.summary-tick,静态HTML-GM,0 ms,静态 HTML：packages/client/gm.html
gm.system-cpu-time,静态HTML-GM,内核态 CPU 时间,静态 HTML：packages/client/gm.html
gm.system-load-average,静态HTML-GM,系统 load average,静态 HTML：packages/client/gm.html
gm.system-uptime,静态HTML-GM,系统运行时长,静态 HTML：packages/client/gm.html
gm.tab-players,静态HTML-GM,玩家管理,静态 HTML：packages/client/gm.html
gm.tab-redeem,静态HTML-GM,兑换码,静态 HTML：packages/client/gm.html
gm.tab-server,静态HTML-GM,服务器信息,静态 HTML：packages/client/gm.html
gm.tab-shortcuts,静态HTML-GM,快捷指令,静态 HTML：packages/client/gm.html
gm.tab-world,静态HTML-GM,世界管理,静态 HTML：packages/client/gm.html
gm.tick-window,静态HTML-GM,tick 占窗,静态 HTML：packages/client/gm.html
gm.toggle-peace-mode,静态HTML-GM,切换和平模式,静态 HTML：packages/client/gm.html
gm.total-inbound,静态HTML-GM,累计上行,静态 HTML：packages/client/gm.html
gm.total-outbound,静态HTML-GM,累计下行,静态 HTML：packages/client/gm.html
gm.total-players,静态HTML-GM,角色总数,静态 HTML：packages/client/gm.html
gm.traffic-reset-meta,静态HTML-GM,统计区间尚未开始。,静态 HTML：packages/client/gm.html
gm.traffic-total-in-note,静态HTML-GM,均次 0 B · 均秒 0 B/s,静态 HTML：packages/client/gm.html
gm.traffic.client-to-server-bytes,静态HTML-GM,客户端 -> 服务端累计字节,静态 HTML：packages/client/gm.html
gm.traffic.server-to-client-bytes,静态HTML-GM,服务端 -> 客户端累计字节,静态 HTML：packages/client/gm.html
gm.user-cpu-time,静态HTML-GM,用户态 CPU 时间,静态 HTML：packages/client/gm.html
gm.v8-heap-total,静态HTML-GM,V8 当前堆容量,静态 HTML：packages/client/gm.html
gm.v8-heap-used,静态HTML-GM,V8 已使用堆,静态 HTML：packages/client/gm.html
gm.v8-reserved-unused,静态HTML-GM,V8 已申请但尚未使用,静态 HTML：packages/client/gm.html
heaven-gate.action.cancel,开天门,取消,
heaven-gate.action.confirm,开天门,确认,
heaven-gate.action.confirm-enter,开天门,确认入天门,
heaven-gate.action.confirm-open,开天门,确认开天门,
heaven-gate.action.confirm-reroll,开天门,确认逆天改命,
heaven-gate.action.confirm-restore,开天门,确认补回,
heaven-gate.action.confirm-sever,开天门,确认斩断,
heaven-gate.action.enter,开天门,入天门,
heaven-gate.action.open,开天门,开天门,
heaven-gate.action.reroll,开天门,逆天改命,
heaven-gate.action.restore,开天门,补,
heaven-gate.action.restore-full,开天门,补回,
heaven-gate.action.sever,开天门,斩,
heaven-gate.action.sever-full,开天门,斩断,
heaven-gate.modal.close-hint,开天门,点击空白处关闭,
heaven-gate.popup.enter-desc,开天门,入天门会正式写入本次灵根并完成开天门，但不会代替突破动作。入天门后，多数情况下结果即定，难以再重抽或逆天改命。,
heaven-gate.popup.open-desc,开天门,开天门不耗境界修为。多灵根则更易出现，斩后更偏单一高值；被斩属性本局不再出现。对结果不满可入天门前逆天改命重开。,
heaven-gate.popup.reroll-desc,开天门,逆天改命会消耗 {cost} 点境界修为，并清掉当前结果，退回重新开天门状态。,
heaven-gate.popup.restore-desc,开天门,补回会使该灵根重入随机池，并提高复合可能；补回同样消耗 {cost} 点境界修为（上限 {percent}%）；当前结果会失效并退回可重开。,
heaven-gate.popup.sever-desc,开天门,斩断后，此系将不参与本次随机；留数越少，单条越易高值，但该系本局将不再出现。消耗 {cost} 点境界修为（上限 {percent}%）；当前已有结果会失效并退回可重开。,
heaven-gate.popup.sever-title,开天门,确认{action}{element}灵根,
heaven-gate.toast.max-sever,开天门,最多只能斩断四条灵根。,
heaven-gate.toast.no-player,开天门,当前未获取到角色状态。,
heaven-gate.toast.unavailable,开天门,当前已完成入天门，或暂时不处于可开天门状态。,
world-migration.line.peaceful,跨界,虚境,
world-migration.line.real,跨界,现世,
world-migration.modal.hint,跨界,切入他道后，随其之道。,
world-migration.modal.subtitle,跨界,当前世界：{world},
world-migration.modal.title,跨界,世界迁移,
world-migration.toast.not-ready,跨界,身未安定，暂不可跨界。,
offline-gain.toast.confirm-send-failed,离线挂机,连接尚未就绪，请稍后再次确认收取,
offline-gain.toast.confirm-timeout,离线挂机,云端确认结果尚未返回，请检查连接后重试,
offline-gain.toast.local-save-failed,离线挂机,离线挂机收益已确认，本地历史保存失败，云端总账仍已保留,
offline-gain.toast.saved,离线挂机,离线挂机收益已确认并保存：{count} 条,
offline-gain.modal.confirm-btn,离线收益,确认收取,
offline-gain.modal.confirming-btn,离线收益,正在确认…,
offline-gain.modal.hint.confirm,离线收益,确认后将结算云端离线收益并进入游戏,
offline-gain.modal.hint.confirming,离线收益,正在结算云端离线收益，请稍候,
offline-gain.modal.hint.save-failed,离线收益,本地历史无法持久化，确认后仍会进入游戏,
offline-gain.modal.hint.saved,离线收益,已存入本地浏览器,
offline-gain.modal.subtitle,离线收益,{count} 次离线记录 · {duration},
offline-gain.modal.title,离线收益,离线挂机收益,
connection.auth.expired-login,连接,灵气印记已散，请重新入世,登录态失效提示
connection.bootstrap.unavailable,连接,当前角色所在世界暂不可用，请稍后重试,角色运行时引导失败提示
connection.error.disconnected,连接,天地失联：{message},连接失败提示
connection.kicked.removed,连接,会话已失效，请重新入世,会话移除提示
connection.kicked.replaced,连接,此身已在别处显化,顶号登出提示
connection.kicked.server-shutdown,连接,服务器正在重启，请稍后重归天地,服务器关停重启提示
connection.redeem.disconnected,连接,气机已断，兑换未竟,断线拒绝兑换码提示
connection.session.restored,连接,灵气牵引已续，重归天地...,会话续期成功提示
connection.status.offline,连接,离线,离线状态
connection.status.redirecting,连接,迁移,重定向连接状态
connection.status.restoring,连接,重归,重连状态
connection.toast.reconnecting,连接,天地气机暂断，正尝试重连...,断线重连提示
runtime.toast.restart-soon,连接,天道有变，即将重启...,
body-training.bonus.all-attrs,炼体,全属性+{percent}%,
body-training.bonus.none,炼体,全属性暂未提升,
body-training.foundation.direct-infuse,炼体,当前可直接灌入 {foundation} 点底蕴。,
body-training.foundation.max-reach-level,炼体,当前最多可直达第 {level} 层。,
body-training.infuse.action,炼体,灌注,
body-training.infuse.all-action,炼体,全部灌注,
body-training.infuse.all-foundation,炼体,全部底蕴,
body-training.infuse.available-foundation,炼体,可用底蕴,
body-training.infuse.available-infuse-label,炼体,当前可灌,
body-training.infuse.confirm,炼体,确认灌注,
body-training.infuse.convert-exp,炼体,转化经验,
body-training.infuse.cost-foundation,炼体,消耗底蕴,
body-training.infuse.detail.insufficient-one-level,炼体,当前底蕴暂不足提升一层，可直接灌注 {foundation} 点底蕴。,
body-training.infuse.detail.rate,炼体,1 点底蕴 = {exp} 点炼体经验。,
body-training.infuse.foundation-count,炼体,{count} 底蕴,
body-training.infuse.insufficient-foundation,炼体,底蕴不足,
body-training.infuse.level-gain,炼体,+{level} 层,
body-training.infuse.max-level-gain-label,炼体,最多可升,
body-training.infuse.no-foundation,炼体,当前没有可用于灌注的底蕴。,
body-training.infuse.note.all,炼体,本次将直接灌入全部 {cost} 点底蕴。,
body-training.infuse.note.level,炼体,本次需要 {exp} 点炼体经验，换算为 {cost} 点底蕴。,
body-training.infuse.pick-mode,炼体,选择灌注方式,
body-training.infuse.preview-exp,炼体,预计当前经验,
body-training.infuse.preview-level,炼体,预计境界,
body-training.infuse.preview.max-level-gain,炼体,本次最多可提升 {level} 层,
body-training.infuse.preview.no-level-gain,炼体,可先灌注底蕴积累经验,
body-training.infuse.subtitle.current-level,炼体,当前第 {level} 层,
body-training.infuse.title,炼体,灌注炼体,
body-training.infuse.unavailable,炼体,暂不可用,
body-training.kicker.level,炼体,炼体层数,
body-training.label.current-bonus,炼体,当前总加成,
body-training.label.current-foundation,炼体,当前底蕴,
body-training.level,炼体,第 {level} 层,
body-training.remain-exp,炼体,距下一层还需 {exp} 炼体经验,
craft.workbench.alchemy.action.cancel,炼制,取消{modeLabel},
craft.workbench.alchemy.action.cancel-activity,炼制,取消当前{activityName},
craft.workbench.alchemy.action.delete-preset,炼制,删除已选,
craft.workbench.alchemy.action.full-start.alchemy,炼制,按完整丹方炼制,
craft.workbench.alchemy.action.full-start.forging,炼制,按完整器方炼制,
craft.workbench.alchemy.action.note.batch,炼制,择量制作，至多 {maxQuantity} 批，每批 {batchCount} {unit}。,
craft.workbench.alchemy.action.note.exact,炼制,当前投料已等同完整{recipeKind}。,
craft.workbench.alchemy.action.note.job-ready,炼制,当前技艺任务进行中，新{recipeKind}确认后即入队列。,
craft.workbench.alchemy.action.note.single,炼制,单批固定 {batchCount} {unit}，每{unit}独立判定；单批需灵石 {spiritStoneCost} 枚，单批耗时 {batchTime}。,
craft.workbench.alchemy.action.reset-draft,炼制,重置投料,
craft.workbench.alchemy.action.save-preset.create,炼制,保存自定义丹方,
craft.workbench.alchemy.action.save-preset.create.forging,炼制,保存自定义器方,
craft.workbench.alchemy.action.save-preset.overwrite,炼制,覆盖当前自定义丹方,
craft.workbench.alchemy.action.save-preset.overwrite.forging,炼制,覆盖当前自定义器方,
craft.workbench.alchemy.action.simple-tab.alchemy,炼制,去自创丹方调整,
craft.workbench.alchemy.action.simple-tab.forging,炼制,去自创器方调整,
craft.workbench.alchemy.category.accessory,炼制,饰品,
craft.workbench.alchemy.category.artifact,炼制,法宝,
craft.workbench.alchemy.category.body,炼制,护甲,
craft.workbench.alchemy.category.buff,炼制,增益,
craft.workbench.alchemy.category.head,炼制,头盔,
craft.workbench.alchemy.category.legs,炼制,鞋履,
craft.workbench.alchemy.category.recovery,炼制,恢复,
craft.workbench.alchemy.category.special,炼制,特殊,
craft.workbench.alchemy.category.technique,炼制,技艺,
craft.workbench.alchemy.category.weapon,炼制,武器,
craft.workbench.alchemy.confirm.batch-time,炼制,单批耗时,
craft.workbench.alchemy.confirm.error.exceed-max,炼制,当前最多可制作 {maxQuantity} 批。,
craft.workbench.alchemy.confirm.error.invalid-quantity,炼制,炼制数量有误,
craft.workbench.alchemy.confirm.error.no-materials,炼制,材料或灵石不足，当前无法制作。,
craft.workbench.alchemy.confirm.hint,炼制,至多 {maxQuantity} 批，每批产出 {outputCount} {unit}。动则暂停技艺。,
craft.workbench.alchemy.confirm.item-kind.alchemy,炼制,丹药,
craft.workbench.alchemy.confirm.item-kind.forging,炼制,器物,
craft.workbench.alchemy.confirm.mode.alchemy,炼制,炼制,
craft.workbench.alchemy.confirm.mode.forging,炼制,炼器,
craft.workbench.alchemy.confirm.no-startup,炼制,直接制作,
craft.workbench.alchemy.confirm.quantity-label,炼制,炼制数量,
craft.workbench.alchemy.confirm.quick.max,炼制,最大,
craft.workbench.alchemy.confirm.quick.one,炼制,1,
craft.workbench.alchemy.confirm.recipe-kind.alchemy,炼制,丹方,
craft.workbench.alchemy.confirm.recipe-kind.forging,炼制,器方,
craft.workbench.alchemy.confirm.recipe-label.full.alchemy,炼制,完整丹方,
craft.workbench.alchemy.confirm.recipe-label.full.forging,炼制,完整器方,
craft.workbench.alchemy.confirm.recipe-label.simple.alchemy,炼制,自创丹方,
craft.workbench.alchemy.confirm.recipe-label.simple.forging,炼制,自创器方,
craft.workbench.alchemy.confirm.recipe-summary,炼制,{recipeLabel} · 一批 {batchCount} {unit},
craft.workbench.alchemy.confirm.spirit-stone,炼制,灵石,
craft.workbench.alchemy.confirm.start,炼制,开始,
craft.workbench.alchemy.confirm.start-append,炼制,加入到队列,
craft.workbench.alchemy.confirm.start-preserve,炼制,开始(保留队列),
craft.workbench.alchemy.confirm.subtitle,炼制,{recipeName} · {recipeLabel},
craft.workbench.alchemy.confirm.title,炼制,选择{modeLabel}数量,
craft.workbench.alchemy.confirm.total-spirit-stone,炼制,总灵石,
craft.workbench.alchemy.confirm.total-spirit-stone-value,炼制,{cost} 灵石,
craft.workbench.alchemy.confirm.total-time,炼制,本次总耗时,
craft.workbench.alchemy.confirm.total-time-value,炼制,{ticks} 息,
craft.workbench.alchemy.confirm.unit.alchemy,炼制,枚,
craft.workbench.alchemy.confirm.unit.forging,炼制,件,
craft.workbench.alchemy.control.realm,炼制,境界,
craft.workbench.alchemy.control.recipe-type.alchemy,炼制,丹方类型,
craft.workbench.alchemy.control.recipe-type.forging,炼制,器方类型,
craft.workbench.alchemy.item-kind.alchemy,炼制,药名,
craft.workbench.alchemy.item-kind.forging,炼制,器物,
craft.workbench.alchemy.job.batch-output,炼制,每批 {count} {unit},
craft.workbench.alchemy.job.empty,炼制,暂无{activityName}任务。,
craft.workbench.alchemy.job.failure-count,炼制,失败 {count},
craft.workbench.alchemy.job.progress,炼制,炼制进度,
craft.workbench.alchemy.job.progress-value,炼制,{completed} / {quantity} 批,
craft.workbench.alchemy.job.quantity,炼制,数量 {quantity} 批,
craft.workbench.alchemy.job.remaining,炼制,剩余 {ticks},
craft.workbench.alchemy.job.spirit-stone,炼制,灵石 {count},
craft.workbench.alchemy.job.success-count,炼制,成功 {count},
craft.workbench.alchemy.job.title,炼制,当前任务,
craft.workbench.alchemy.metric.success.alchemy,炼制,成丹率 {rate},
craft.workbench.alchemy.metric.success.forging,炼制,成器率 {rate},
craft.workbench.alchemy.noun.alchemy-recipe,炼制,丹方,
craft.workbench.alchemy.noun.forging-recipe,炼制,器方,
craft.workbench.alchemy.phase.brewing,炼制,制作中,
craft.workbench.alchemy.phase.paused,炼制,等待恢复,
craft.workbench.alchemy.realm.foundation,炼制,筑基,
craft.workbench.alchemy.realm.mortal,炼制,凡胎,
craft.workbench.alchemy.realm.qi,炼制,练气,
craft.workbench.alchemy.recipe-list.empty-category,炼制,当前分类下还没有可炼制的{noun}。,
craft.workbench.alchemy.recipe-list.empty-current,炼制,当前没有可用{noun}。,
craft.workbench.alchemy.recipe-list.loading,炼制,{noun}查探中...,
craft.workbench.alchemy.subtitle.alchemy,炼制,炼丹 Lv.{alchemyLevel} · 采集 Lv.{gatherLevel},
craft.workbench.alchemy.subtitle.forging,炼制,炼器 Lv.{level} · 技艺器方,
craft.workbench.alchemy.subtitle.job,炼制,当前任务：{itemName} · {completed} / {quantity} 批,
craft.workbench.alchemy.tab.full-alchemy,炼制,完整丹方,
craft.workbench.alchemy.tab.full-forging,炼制,完整器方,
craft.workbench.alchemy.tab.simple-alchemy,炼制,自创丹方,
craft.workbench.alchemy.tab.simple-forging,炼制,自创器方,
craft.workbench.alchemy.topbar.level.alchemy,炼制,炼丹等级,
craft.workbench.alchemy.topbar.level.forging,炼制,炼器等级,
craft.workbench.alchemy.topbar.note,炼制,悬浮或点按{itemKind}可查看效果与来源,
craft.workbench.forging.beginner-recipes,炼制,入门器方,
craft.workbench.forging.placeholder.text,炼制,当前炼器只开放最低级工具类器方；未装备炼器工具时可以进入菜单，但不会获得工具加成。,
root.dual.balanced.desc,灵根,两系强弱接近，灵气分布平滑，适合走互补路线。,
root.dual.balanced.meta,灵根,双灵根 · 均衡,
root.dual.balanced.name,灵根,{names}均衡双灵根,
root.dual.heaven.desc,灵根,双系皆过九十，兼顾变化与纯度，属于极罕见的双系天灵根。,
root.dual.heaven.meta,灵根,双灵根 · 天品,
root.dual.heaven.name,灵根,{names}天灵根,
root.dual.mixed.desc,灵根,两系都不算太强，难称精品，只能算常见的杂双灵根。,
root.dual.mixed.meta,灵根,双灵根 · 杂驳,
root.dual.mixed.name,灵根,{names}杂双灵根,
root.dual.normal.desc,灵根,标准双灵根格局，既有变化，也承担了纯度被分走的代价。,
root.dual.normal.meta,灵根,双灵根 · 常规,
root.dual.normal.name,灵根,{names}双灵根,
root.dual.true.desc,灵根,两系都很扎实，是双修路线里相当漂亮的一档。,
root.dual.true.meta,灵根,双灵根 · 上品,
root.dual.true.name,灵根,{names}真双灵根,
root.dual.waste.desc,灵根,两系都沾一点，却都不成气候，属于典型废双灵根。,
root.dual.waste.meta,灵根,双灵根 · 近废,
root.dual.waste.name,灵根,{names}废双灵根,
root.five.balanced.desc,灵根,五行分布极其平均，没有明显偏科，最适合全系兼修路线。,
root.five.balanced.meta,灵根,五灵根 · 均衡,
root.five.balanced.name,灵根,五行均衡灵根,
root.five.god.desc,灵根,五行俱圆满，条条皆为百数，已经不是寻常五灵根能形容的资质。,
root.five.god.meta,灵根,五灵根 · 神品,
root.five.god.name,灵根,神灵根,
root.five.heaven.desc,灵根,五行俱全且全部过九十，极其稀有，真正意义上的五行齐鸣。,
root.five.heaven.meta,灵根,五灵根 · 天品,
root.five.heaven.name,灵根,五行天灵根,
root.five.high.desc,灵根,五行总值不低，已经跳出普通杂灵根范畴，整体底子相当扎实。,
root.five.high.meta,灵根,五灵根 · 上品,
root.five.high.name,灵根,上品五灵根,
root.five.low.desc,灵根,属于五灵根里比较常见的一档，路子很多，但单系都不算特别强。,
root.five.low.meta,灵根,五灵根 · 普通,
root.five.low.name,灵根,下品五灵根,
root.five.mixed.desc,灵根,五行混杂、纯度偏低，是最常见的一类灵根，优点是适配面广。,
root.five.mixed.meta,灵根,五灵根 · 杂驳,
root.five.mixed.name,灵根,杂灵根,
root.five.supreme.desc,灵根,五行俱全且整体总值极高，虽然未必每条都达天品，但底子已经极厚。,
root.five.supreme.meta,灵根,五灵根 · 极品,
root.five.supreme.name,灵根,极品五行灵根,
root.five.true.desc,灵根,五行全部强势，虽然未到全体天品，但整体已经非常夸张。,
root.five.true.meta,灵根,五灵根 · 极上,
root.five.true.name,灵根,五行真灵根,
root.five.waste.desc,灵根,五行俱全却极度孱弱，看似什么都有，实则每一系都不足以撑起修行。,
root.five.waste.meta,灵根,五灵根 · 近废,
root.five.waste.name,灵根,废灵根,
root.none.desc,灵根,当前没有可用灵根。,
root.none.meta,灵根,灵根已绝,
root.none.name,灵根,无灵根,
root.quad.heaven.desc,灵根,四系全部极高，已经超出常规四灵根应有的驳杂程度。,
root.quad.heaven.meta,灵根,四灵根 · 天品,
root.quad.heaven.name,灵根,{names}四象天灵根,
root.quad.mixed.desc,灵根,四系驳杂，纯度摊得很散，是典型的普通杂四灵根。,
root.quad.mixed.meta,灵根,四灵根 · 杂驳,
root.quad.mixed.name,灵根,{names}杂四灵根,
root.quad.normal.desc,灵根,四系并存，天然适合更复杂的路线，只是单系优势更难拉出来。,
root.quad.normal.meta,灵根,四灵根 · 常规,
root.quad.normal.name,灵根,{names}四灵根,
root.quad.true.desc,灵根,四系都不低，说明这次开门极顺，属于相当漂亮的四灵根。,
root.quad.true.meta,灵根,四灵根 · 上品,
root.quad.true.name,灵根,{names}真四灵根,
root.quad.waste.desc,灵根,四系过多又过弱，属性不少，但每一条都像风中残烛。,
root.quad.waste.meta,灵根,四灵根 · 近废,
root.quad.waste.name,灵根,{names}废四灵根,
root.single.heaven.desc,灵根,灵气归一，杂质极少，属于典型的单系天灵根。,
root.single.heaven.meta,灵根,单灵根 · 天品,
root.single.heaven.name,灵根,{names}天灵根,
root.single.innate-dao.desc,灵根,仅存一系，且数值圆满，已近先天道胎之象。,
root.single.innate-dao.meta,灵根,单灵根 · 极境资质,
root.single.innate-dao.name,灵根,{names}先天道胎灵根,
root.single.supreme.desc,灵根,单一属性纯度极高，已是最上层的单系资质。,
root.single.supreme.meta,灵根,单灵根 · 极品,
root.single.supreme.name,灵根,{names}极品天灵根,
root.single.true.desc,灵根,虽然未到天品，但依旧属于极强的单系资质。,
root.single.true.meta,灵根,单灵根 · 上品,
root.single.true.name,灵根,{names}真灵根,
root.single.waste.desc,灵根,虽然形式上只余一系，但数值太低，几近枯竭。,
root.single.waste.meta,灵根,单灵根 · 近废,
root.single.waste.name,灵根,{names}废灵根,
root.single.weak.desc,灵根,路线纯粹，但根基偏枯，后续更依赖资源和机缘。,
root.single.weak.meta,灵根,单灵根 · 偏弱,
root.single.weak.name,灵根,{names}偏枯单灵根,
root.triple.balanced.desc,灵根,三系分布平滑，没有明显短板，适合多属性体系。,
root.triple.balanced.meta,灵根,三灵根 · 均衡,
root.triple.balanced.name,灵根,{names}均衡三灵根,
root.triple.heaven.desc,灵根,三系齐强且都过九十，放在三灵根里已近传说。,
root.triple.heaven.meta,灵根,三灵根 · 天品,
root.triple.heaven.name,灵根,{names}三系天灵根,
root.triple.mixed.desc,灵根,很常见的普通资质，广而不精，更看后续功法与资源。,
root.triple.mixed.meta,灵根,三灵根 · 杂驳,
root.triple.mixed.name,灵根,{names}杂三灵根,
root.triple.normal.desc,灵根,标准三灵根，属性选择更多，但每一系分到的纯度也更少。,
root.triple.normal.meta,灵根,三灵根 · 常规,
root.triple.normal.name,灵根,{names}三灵根,
root.triple.true.desc,灵根,三系根基都很扎实，胜在路子广、兼容性强。,
root.triple.true.meta,灵根,三灵根 · 上品,
root.triple.true.name,灵根,{names}真三灵根,
root.triple.waste.desc,灵根,三系都有，却都过于孱弱，修行时容易处处分散。,
root.triple.waste.meta,灵根,三灵根 · 近废,
root.triple.waste.name,灵根,{names}废三灵根,
domain.none,领域标签,无,
domain.unknown-action,领域标签,未知行动,
domain.unknown-attr,领域标签,未知属性,
domain.unknown-element,领域标签,未知五行,
domain.unknown-entity,领域标签,未知,
domain.unknown-equip-slot,领域标签,未知部位,
domain.unknown-formula-var,领域标签,未知变量,
domain.unknown-interactable,领域标签,未知交互物,
domain.unknown-item-type,领域标签,未知物品类型,
domain.unknown-marker,领域标签,未知标记,
domain.unknown-quest-line,领域标签,未知任务线,
domain.unknown-quest-objective,领域标签,未知目标,
domain.unknown-quest-status,领域标签,未知状态,
domain.unknown-stat,领域标签,未知统计,
domain.unknown-technique-category,领域标签,未分类,
domain.unknown-technique-grade,领域标签,无品,
domain.unknown-technique-realm,领域标签,未知,
domain.unknown-terrain,领域标签,未知地貌,
panel.registry.action,面板注册,行动,
panel.registry.attr,面板注册,属性,
panel.registry.body-training,面板注册,炼体,
panel.registry.changelog,面板注册,更新日志,
panel.registry.chat,面板注册,聊天,
panel.registry.debug,面板注册,调试,
panel.registry.equipment,面板注册,装备,
panel.registry.inventory,面板注册,背包,
panel.registry.loot,面板注册,拾取,
panel.registry.mail,面板注册,飞书,
panel.registry.market,面板注册,坊市,
panel.registry.minimap,面板注册,小地图,
panel.registry.quest,面板注册,任务,
panel.registry.settings,面板注册,设置,
panel.registry.social,面板注册,道友,
panel.registry.technique,面板注册,功法,
panel.registry.world-map-intel,面板注册,地图情报,
panel.registry.world-tianji,面板注册,天机阁,
targeting.badge.cast-range,目标选择,射程 {range},范围D固定前端可见文本
targeting.badge.max-targets,目标选择,· 最多 {count} 目标,范围D固定前端可见文本
targeting.badge.selected,目标选择,选定 {actionName} 目标 · {range}{shape},范围D固定前端可见文本
targeting.badge.shape.area,目标选择,· 范围半径 {radius}{maxTargets},范围D固定前端可见文本
targeting.badge.shape.box,目标选择,· 矩形 {width}x{height}{maxTargets},范围D固定前端可见文本
targeting.badge.shape.checkerboard,目标选择,· 棋盘 {width}x{height}{maxTargets},范围D固定前端可见文本
targeting.badge.shape.line,目标选择,· 直线{maxTargets},范围D固定前端可见文本
targeting.badge.shape.oriented-box,目标选择,· 定向矩形 {width}x{height}{maxTargets},范围D固定前端可见文本
targeting.badge.shape.ring,目标选择,· 环带 {inner}-{outer}{maxTargets},范围D固定前端可见文本
targeting.badge.vision-range,目标选择,视野 {range},范围D固定前端可见文本
targeting.senseqi.title,目标选择,感气视角,范围D固定前端可见文本
targeting.toast.cancelled,目标选择,已取消目标选择,范围D固定前端可见文本
targeting.toast.observe,目标选择,请选择当前视野内的目标格，按取消键或右键取消,范围D固定前端可见文本
targeting.toast.select-range,目标选择,请选择 {range} 格内目标，按取消键或右键取消,范围D固定前端可见文本
targeting.tooltip.coordinate,目标选择,"坐标 ({x}, {y})",范围D固定前端可见文本
targeting.tooltip.formation,目标选择,"{name} · 中心 ({x}, {y}) · 半径 {radius}",范围D固定前端可见文本
targeting.tooltip.formation.default-name,目标选择,阵法,范围D固定前端可见文本
targeting.tooltip.resource-level,目标选择,{label}等级 {level},范围D固定前端可见文本
targeting.tooltip.resource-value,目标选择,{label} {value},范围D固定前端可见文本
targeting.wangqi.area,目标选择,面积 {area},范围D固定前端可见文本
targeting.wangqi.doors-windows,目标选择,门窗 {doors}/{windows},范围D固定前端可见文本
targeting.wangqi.enclosed,目标选择,封闭完整,范围D固定前端可见文本
targeting.wangqi.fengshui,目标选择,风水：{label} {score},范围D固定前端可见文本
targeting.wangqi.fengshui.neutral,目标选择,风水：平 0,范围D固定前端可见文本
targeting.wangqi.luck,目标选择,幸运：{luck},范围D固定前端可见文本
targeting.wangqi.luck.zero,目标选择,幸运：+0,范围D固定前端可见文本
targeting.wangqi.open,目标选择,连通外界,范围D固定前端可见文本
targeting.wangqi.room,目标选择,房间：{room},范围D固定前端可见文本
targeting.wangqi.room.none,目标选择,房间：此处不在房间内,范围D固定前端可见文本
targeting.wangqi.title,目标选择,望气视角,范围D固定前端可见文本
startup.toast.returning-spawn,启动,正返回诞生之地...,
craft.workbench.enhancement.empty.error,强化,当前无法打开强化界面。,
craft.workbench.enhancement.empty.loading,强化,正在整理强化名录与当前背包状态…,
craft.workbench.enhancement.empty.no-target,强化,当前没有可强化的装备或法宝。现在任意装备和法宝都可强化，但你身上暂时没有可用目标。,
craft.workbench.enhancement.empty.select-item,强化,请选择一件装备或法宝。,
craft.workbench.enhancement.formula-pill,强化,强化说明,
craft.workbench.enhancement.formula.line.base-rate,强化,基础成功率由目标等级决定，等级越高越难成功。,
craft.workbench.enhancement.formula.line.duration,强化,耗时会受到强化等级与强化锤修正影响。,
craft.workbench.enhancement.formula.line.final-high,强化,最终成功率受强化上限约束。,
craft.workbench.enhancement.formula.line.final-low,强化,强化等级不足时，成功率会明显降低。,
craft.workbench.enhancement.formula.line.final-negative,强化,修正后低于下限时会按最低成功率结算。,
craft.workbench.enhancement.formula.line.high-skill,强化,角色强化等级越高，越能提高成功率并缩短耗时。,
craft.workbench.enhancement.formula.line.low-skill,强化,角色强化等级低于目标等级时，会受到额外惩罚。,
craft.workbench.enhancement.formula.line.settle,强化,每次强化按当前冲击等级单独结算。,
craft.workbench.enhancement.formula.line.spirit-stone,强化,灵石只在本阶成功时扣除，保护物只在失败且保护生效时扣除。,
craft.workbench.enhancement.history.detail.note,强化,以下成功率按当前角色强化等级 Lv.{level} 与当前强化锤修正计算，仅用于展示该次行动内各目标等级的参考概率。,
craft.workbench.enhancement.history.detail.protection-disabled,强化,未启用保护,
craft.workbench.enhancement.history.detail.protection-enabled,强化,保护从 +{level} 生效,
craft.workbench.enhancement.history.detail.row.failure,强化,失败,
craft.workbench.enhancement.history.detail.row.failure-value,强化,败 {count},
craft.workbench.enhancement.history.detail.row.success,强化,成功,
craft.workbench.enhancement.history.detail.row.success-rate,强化,成功率,
craft.workbench.enhancement.history.detail.row.success-value,强化,成 {count},
craft.workbench.enhancement.history.detail.row.target,强化,目标,
craft.workbench.enhancement.history.detail.subtitle,强化,{itemName} · 开始于 {startedAt},
craft.workbench.enhancement.history.detail.summary,强化,{sessionSummary} · 历史最高 +{highestLevel} · {status} · {endedAt} · {protection},
craft.workbench.enhancement.history.detail.title,强化,强化记录详情,
craft.workbench.enhancement.history.list.empty,强化,当前还没有本地强化记录。,
craft.workbench.enhancement.history.list.entry-meta,强化,等级 {level} · 历史最高 +{highestLevel} · 累计 {attemptCount} 次,
craft.workbench.enhancement.history.list.subtitle,强化,以下为当前设备上的本地累计记录，点击物品后可查看每次开始强化的行动列表,
craft.workbench.enhancement.history.list.title,强化,强化历史记录,
craft.workbench.enhancement.history.session.empty,强化,该物品的旧版历史只有累计汇总，无法拆回过去每次开始强化；后续新记录会按行动分别列出。,
craft.workbench.enhancement.history.session.ended-at,强化,结束于 {endedAt},
craft.workbench.enhancement.history.session.ended-at-empty,强化,尚未结束,
craft.workbench.enhancement.history.session.started-at,强化,开始于 {startedAt},
craft.workbench.enhancement.history.session.status-meta,强化,历史最高 +{highestLevel} · 累计 {attemptCount} 次 · {status} · {endedAt},
craft.workbench.enhancement.history.session.subtitle,强化,{itemName} · 按每次开始强化分组,
craft.workbench.enhancement.history.session.target-summary,强化,开始 +{startLevel} · 首冲 +{initialTargetLevel} · 目标 +{desiredTargetLevel},
craft.workbench.enhancement.history.session.title,强化,强化行动记录,
craft.workbench.enhancement.picker.empty,强化,当前没有可强化的装备或法宝。,
craft.workbench.enhancement.picker.source.equipped,强化,已装备 · {slot},
craft.workbench.enhancement.picker.source.inventory,强化,背包槽位 {slot},
craft.workbench.enhancement.picker.subtitle,强化,点击下方任意目标后会立即回填到强化目标槽,
craft.workbench.enhancement.picker.title,强化,选择强化目标,
craft.workbench.enhancement.picker.type.equipment,强化,装备,
craft.workbench.enhancement.record.status.archived,强化,已归档,
craft.workbench.enhancement.record.status.cancelled,强化,已取消,
craft.workbench.enhancement.record.status.completed,强化,已完成,
craft.workbench.enhancement.record.status.in-progress,强化,进行中,
craft.workbench.enhancement.record.status.stopped,强化,已停止,
craft.workbench.history.time.unknown,强化,未知时间,
quest.action.navigate-submit,任务,前往交付,
quest.action.navigate-target,任务,前往目标,
quest.action.open-guide,任务,打开引导,
quest.card.chapter,任务,章节：{chapter},
quest.card.expand-hint,任务,点击查看详情,
quest.card.next-step,任务,下一步：{content},
quest.card.objective,任务,目标：{content},
quest.detail.accept-location,任务,接取地点,
quest.detail.chapter,任务,章节,
quest.detail.desc,任务,任务描述,
quest.detail.giver,任务,发布者,
quest.detail.guide,任务,相关引导,
quest.detail.guide-desc,任务,打开这个任务关联的操作引导，不会改变任务进度。,
quest.detail.next-step,任务,下一步,
quest.detail.objective-note,任务,任务说明,
quest.detail.progress,任务,当前进度,
quest.detail.relay,任务,传话内容,
quest.detail.requirement,任务,任务需求,
quest.detail.reward,任务,奖励,
quest.detail.status,任务,当前状态,
quest.detail.story,任务,剧情,
quest.detail.submit-location,任务,提交地点,
quest.detail.target,任务,任务目标,
quest.detail.target-location,任务,目标地点,
quest.empty.all,任务,暂无任务，和场景人物交互可接取,
quest.empty.line,任务,当前没有{line}任务,
quest.location.unknown,任务,未知,
quest.location.unset,任务,未设置,
quest.next.accept-at,任务,前往 {location} 找 {npcName} 接取任务,
quest.next.accept-to,任务,前往 {npcName} 接取任务,
quest.next.collect-item,任务,继续收集 {itemName} ({current}/{required}),
quest.next.completed,任务,任务已结清,
quest.next.kill,任务,前往击杀 {targetName},
quest.next.kill-at,任务,前往 {location} 击杀 {targetName},
quest.next.kill-collect,任务,前往击杀 {targetName}，并收集 {itemName},
quest.next.kill-collect-at,任务,前往 {location} 击杀 {targetName}，并收集 {itemName},
quest.next.learn-technique,任务,打开背包，使用功法书学会 {targetName},
quest.next.realm-progress,任务,前往历练并击败敌人，继续积累 {targetName},
quest.next.realm-stage,任务,继续历练；境界圆满后点击顶部境界/突破查看要求并突破，达到 {targetName},
quest.next.submit-at,任务,前往 {location} 找 {npcName} 交付任务,
quest.next.submit-item,任务,准备 {itemName} 并前往交付,
quest.next.submit-item-at,任务,准备 {itemName}，再前往 {location} 交付,
quest.next.submit-to,任务,前往 {npcName} 交付任务,
quest.next.talk-at,任务,前往 {location} 找 {npcName} 传达口信,
quest.next.talk-to,任务,前往 {npcName} 传达口信,
quest.panel.title,任务,任务簿,
quest.progress.learn.done,任务,{targetName} 已参悟,
quest.progress.learn.pending,任务,{targetName} 未参悟,
quest.progress.realm-stage.done,任务,{targetName} 已达成,
quest.progress.realm-stage.pending,任务,{targetName} 未达成,
quest.progress.talk.done,任务,口信已传达,
quest.progress.talk.pending,任务,尚未传达,
quest.requirement.empty,任务,当前任务无额外提交材料。,
quest.requirement.owned,任务,当前持有 {current}/{required},
quest.reward.empty,任务,暂无额外奖励说明,
quest.reward.none-marker,任务,无,
react.reference.item.grade,任务,品阶：{grade},
react.reference.item.missing,任务,未找到对应物品配置,
react.reference.item.type,任务,类型：{type},
react.reference.monster.location,任务,出没：{mapName},
react.reference.monster.lower-map,任务,另有低阶地图也可能出现,
react.reference.monster.map-lv,任务,推荐境界：{mapLv},
react.reference.monster.missing,任务,未找到对应怪物出没信息,
settings.account.action.save-display-name,设置,保存显示名称,
settings.account.action.save-password,设置,保存密码,
settings.account.action.save-role-name,设置,保存角色名称,
settings.account.copy.account,设置,账号用于登录，登录页输入当前账号或当前角色名都可以进入。设置页这里展示的是当前登录账号。,
settings.account.copy.names,设置,显示名称是头顶的一字标识，必须是可见字符；除“人”外，显示名称仍只和其他显示名称比唯一性。角色名称完整显示在头顶，也必须包含可见字符；纯中文建议不超过 {roleNameMaxLength} 个字，纯英文最多 {roleNameMaxAsciiLength} 个字符。,
settings.account.error.check-failed,设置,验查未果,
settings.account.error.current-password-empty,设置,当前密码不能为空,
settings.account.error.current-password-required,设置,当前密码不能为空,
settings.account.error.login-expired,设置,登录已失效，请重新登录,
settings.account.error.no-token,设置,登录已失效，请重新登录,
settings.account.error.save-failed,设置,保存失败,
settings.account.label.current-account,设置,当前账号,
settings.account.label.current-password,设置,当前密码,
settings.account.label.display-name,设置,显示名称,
settings.account.label.new-password,设置,新密码,
settings.account.label.player-no,设置,ID序号,
settings.account.label.role-name,设置,角色名称,
settings.account.placeholder.current-password,设置,输入当前密码,
settings.account.placeholder.display-name,设置,字,
settings.account.placeholder.new-password,设置,至少 6 位且不含空格,
settings.account.placeholder.role-name,设置,输入角色名称,
settings.account.section.account,设置,账号信息,
settings.account.section.names,设置,名称设置,
settings.account.section.password,设置,修改密码,
settings.account.status.check-failed,设置,验查未果,
settings.account.status.checking,设置,正在检测...,
settings.account.status.display-name-available,设置,道号可用,
settings.account.status.display-name-available-current,设置,道号可继续使用,
settings.account.status.display-name-current,设置,当前名称可继续使用,
settings.account.status.display-name-saved,设置,道号已更,
settings.account.status.display-name-taken,设置,道号已被占,
settings.account.status.password-saved,设置,密码已更新,
settings.account.status.role-name-saved,设置,角色名号已更,
settings.account.status.role-name-unchanged,设置,角色名称未变化,
settings.account.status.saving,设置,正在保存...,
settings.color-mode.dark.desc,设置,切换为更适合夜间游玩的暗面配色。,
settings.color-mode.dark.label,设置,深色,
settings.color-mode.light.desc,设置,保持当前纸卷风格的亮面配色。,
settings.color-mode.light.label,设置,浅色,
settings.common.action.off,设置,关闭,
settings.common.action.on,设置,开启,
settings.common.action.refresh,设置,刷新,
settings.common.action.reset-default,设置,恢复默认,
settings.common.action.show,设置,显示,
settings.error.not-connected,设置,气机未通，稍后再试,
settings.error.redeem-busy,设置,尚有兑换未竟，稍候,
settings.error.redeem-execution-failed,设置,兑换执行失败，请先查看行囊再重试,
settings.error.redeem-request-rejected,设置,兑换请求未能受理，请稍后重试,
settings.error.redeem-timeout,设置,兑换未有回音，请稍后查看行囊,
settings.font-level.body.desc,设置,大部分正文、表单输入和常规信息文字。,
settings.font-level.body.label,设置,正文,
settings.font-level.body.preview,设置,正文内容示例,
settings.font-level.caption.desc,设置,说明文、辅助信息、标签描述。,
settings.font-level.caption.label,设置,说明,
settings.font-level.caption.preview,设置,说明文字,
settings.font-level.display.desc,设置,角色单字显示名、统计大号数字和大区块抬头。,
settings.font-level.display.label,设置,大标题,
settings.font-level.display.preview,设置,玄,
settings.font-level.hero.desc,设置,登录大标题、超大数字和强调性标题。,
settings.font-level.hero.label,设置,主标题,
settings.font-level.hero.preview,设置,道劫余生,
settings.font-level.micro.desc,设置,提示、状态角标、极短辅助信息。,
settings.font-level.micro.label,设置,小字,
settings.font-level.micro.preview,设置,小字提示,
settings.font-level.subtitle.desc,设置,页签、次级抬头、按钮和强调文案。,
settings.font-level.subtitle.label,设置,副标题,
settings.font-level.subtitle.preview,设置,副标题示例,
settings.font-level.title.desc,设置,弹层标题、面板标题、主要分区抬头。,
settings.font-level.title.label,设置,标题,
settings.font-level.title.preview,设置,设置标题,
settings.language.copy,设置,切换语言后需重新加载界面以套用。,设置面板语言区段说明
settings.language.option.simplified,设置,简体中文,简体中文选项
settings.language.option.traditional,设置,繁體中文,繁體中文选项
settings.language.reload-confirm,设置,切换语言需要重新加载界面，是否继续？,切换语言确认弹窗
settings.language.reload-confirm-no,设置,取消,取消切换
settings.language.reload-confirm-yes,设置,重新加载,确认重新加载
settings.language.section,设置,语言,设置面板语言区段标题
settings.logout.done,设置,已退出登录,
settings.modal.close-hint,设置,点击空白处关闭,
settings.modal.not-logged-in,设置,未登录,
settings.modal.not-set,设置,未设置,
settings.modal.subtitle,设置,账号：{account} · 道号：{displayName} · 角色：{roleName},
settings.modal.title,设置,设置,
settings.offline-gain.aria.history,设置,收支统计历史,
settings.offline-gain.copy.summary,设置,今日、昨日、本周总账由云端统计，包含在线与离线全部收支。下方历史展示本设备留存的在线与离线挂机收支明细。,
settings.offline-gain.empty.history,设置,本机还没有收支统计历史,
settings.offline-gain.metric.professions,设置,技艺,
settings.offline-gain.metric.progress,设置,修为,
settings.offline-gain.metric.spirit-stones,设置,灵石,
settings.offline-gain.metric.techniques,设置,功法,
settings.offline-gain.period.today,设置,今日总计,
settings.offline-gain.period.week,设置,本周总计,
settings.offline-gain.period.yesterday,设置,昨日总计,
settings.offline-gain.record.duration,设置,{scope} · {duration},
settings.offline-gain.section.title,设置,收支统计,
settings.offline-gain.status.source,设置,总账由云端统计，历史记录留存于本设备,
settings.performance.copy.overlay,设置,这里的配置只保存在当前设备。默认关闭；开启后会在地图顶部显示 FPS、LOW 与 1% LOW，方便排查全屏、缩放和特效变化带来的帧率波动。,
settings.performance.desc.herb-text-mode,设置,开启后地图上的草药采集点改用文字符号渲染，不显示图片。,
settings.performance.desc.monster-text-mode,设置,开启后地图上的怪物改用文字符号渲染，不显示图片。,
settings.performance.desc.npc-text-mode,设置,开启后地图上的 NPC 改用文字符号渲染，不显示图片。,
settings.performance.desc.pixi-profiler,设置,开启后显示可拖动的前端性能分析器窗口，可查看渲染、运行时、浏览器长任务、资源加载和内存明细。,
settings.performance.desc.render-runtime-tile-sprites,设置,关闭后地图地块回退到旧色块和字符渲染，用于判断运行时图包是否造成卡顿。,
settings.performance.desc.show-fps,设置,关闭时不显示浮层，也不会启动额外的帧率采样循环。,
settings.performance.desc.target-fps,设置,默认 60 FPS，可按设备自行调整。仅影响地图画面流畅度，最低 {min}，最高 {max}。,
settings.performance.desc.terrain-text-mode,设置,开启后地图地块改用文字符号渲染，不显示贴图。,
settings.performance.label.herb-text-mode,设置,草药文字模式,
settings.performance.label.monster-text-mode,设置,怪物文字模式,
settings.performance.label.npc-text-mode,设置,NPC 文字模式,
settings.performance.label.pixi-profiler,设置,前端性能分析器窗口,
settings.performance.label.render-runtime-tile-sprites,设置,运行时地块贴图,
settings.performance.label.show-fps,设置,显示地图帧率浮层,
settings.performance.label.target-fps,设置,地图画面帧率上限,
settings.performance.label.terrain-text-mode,设置,地块文字模式,
settings.performance.section.overlay,设置,地图性能浮层,
settings.redeem.action.submit,设置,立即兑换,
settings.redeem.copy.bulk,设置,支持一次输入多个兑换码，用换行、空格、逗号或分号分隔即可。兑换将在下一息统一执行。,
settings.redeem.error.empty,设置,请至少填写一个兑换码,
settings.redeem.error.failed,设置,兑换失败,
settings.redeem.label.codes,设置,兑换码列表,
settings.redeem.placeholder.codes,设置,每行一个，或用空格 / 逗号分隔多个兑换码,
settings.redeem.result.failed,设置,失败,
settings.redeem.result.success,设置,成功,
settings.redeem.section.bulk,设置,批量兑换,
settings.redeem.status.result-mixed,设置,兑换收讫：{successCount} 成 {failedCount} 败,
settings.redeem.status.result-success,设置,兑换收讫：{successCount} 成,
settings.redeem.status.submitted,设置,兑换已呈报，静待回音...,
settings.status.color-mode-switched,设置,已切换为{mode}模式,
settings.status.font-adjusted,设置,字号已调,
settings.status.fps-hidden,设置,帧率示数已隐,
settings.status.fps-shown,设置,帧率示数已显,
settings.status.mode.dark,设置,深色,
settings.status.mode.light,设置,浅色,
settings.status.offline-gain-refreshed,设置,收支统计已刷新,
settings.status.performance-reset,设置,性能已复归原本,
settings.status.pixi-profiler-hidden,设置,Pixi 分析器已隐,
settings.status.pixi-profiler-shown,设置,Pixi 分析器已显,
settings.status.render-toggle-adjusted,设置,渲染开关已更新,
settings.status.scale-adjusted,设置,画幅已调,
settings.status.target-fps-adjusted,设置,渲染帧率上限已调至 {fps},
settings.status.ui-reset,设置,界面已复归原本,
settings.tab.account,设置,账号管理,
settings.tab.offline-gain,设置,收支统计,
settings.tab.performance,设置,性能,
settings.tab.redeem,设置,兑换码,
settings.tab.ui,设置,UI,
settings.tabs.aria,设置,设置分组,
settings.toast.display-name-updated,设置,显示名称已改为 {displayName},
settings.toast.role-name-updated,设置,角色名称已改为 {roleName},
settings.ui.copy.color-mode,设置,切换后立即生效，并自动保存在当前设备。深色模式会同步替换主界面、弹层与常用控件的基础配色。,
settings.ui.copy.display,设置,只保留一个全局字号和一个整体界面缩放。两项都会立即生效，并自动保存在当前设备。,
settings.ui.desc.global-font,设置,统一增减全部文字大小，适合“现在字太小”这类情况。,
settings.ui.desc.scale,设置,统一放大常用 UI 尺寸和字号，适合高分屏或 2K / 4K 屏幕。,
settings.ui.label.global-font,设置,全局字号,
settings.ui.label.scale,设置,界面缩放,
settings.ui.preview.body,设置,山门告示,
settings.ui.preview.scale,设置,缩放预览,
settings.ui.section.color-mode,设置,颜色模式,
settings.ui.section.display,设置,界面显示,
settings.ui.status.saved-local,设置,当前配置已自动保存到本机,
entity.badge.boss,实体,王,boss怪物徽记
entity.badge.demonic,实体,魔,入魔玩家徽记
entity.badge.party,实体,队,同队玩家徽记
entity.badge.variant,实体,异,变异怪物徽记
entity.monster.elite-keyword,实体,精英,用于清理怪物名中的重复修饰词
entity.monster.unknown,实体,未知妖兽,
entity.player.self-char,实体,我,玩家格子字符fallback
entity-detail.buff.category.buff,实体详情,增益,范围D固定前端可见文本
entity-detail.buff.category.debuff,实体详情,减益,范围D固定前端可见文本
entity-detail.buff.duration,实体详情,{remaining} / {duration} 息,范围D固定前端可见文本
entity-detail.buff.empty,实体详情,未见异状。,范围D固定前端可见文本
entity-detail.buff.empty.buffs,实体详情,未见增益,范围D固定前端可见文本
entity-detail.buff.empty.debuffs,实体详情,未见减益,范围D固定前端可见文本
entity-detail.buff.insight-count,实体详情,洞察状态,范围D固定前端可见文本
entity-detail.buff.section.observe-buffs,实体详情,洞察增益,范围D固定前端可见文本
entity-detail.buff.section.observe-debuffs,实体详情,洞察减益,范围D固定前端可见文本
entity-detail.buff.section.public-buffs,实体详情,可见增益,范围D固定前端可见文本
entity-detail.buff.section.public-debuffs,实体详情,可见减益,范围D固定前端可见文本
entity-detail.buff.tooltip.category,实体详情,类别：{category},范围D固定前端可见文本
entity-detail.buff.tooltip.effect,实体详情,效果：{effect},范围D固定前端可见文本
entity-detail.buff.tooltip.remaining,实体详情,剩余：{duration},范围D固定前端可见文本
entity-detail.buff.tooltip.source,实体详情,来源：{source},范围D固定前端可见文本
entity-detail.buff.tooltip.stacks,实体详情,层数：{stacks} / {max},范围D固定前端可见文本
entity-detail.buff.visible-count,实体详情,可见状态,范围D固定前端可见文本
entity-detail.container.default-desc,实体详情,这处{name}可以搜索，翻找后或许会有收获。,范围D固定前端可见文本
entity-detail.container.field.grade,实体详情,搜索阶次,范围D固定前端可见文本
entity-detail.container.searchable,实体详情,可搜索陈设,范围D固定前端可见文本
entity-detail.count.entries,实体详情,{count} 条,范围D固定前端可见文本
entity-detail.count.items,实体详情,{count} 项,范围D固定前端可见文本
entity-detail.empty,实体详情,暂未探明此物详情。,范围D固定前端可见文本
entity-detail.field.category,实体详情,类别,范围D固定前端可见文本
entity-detail.field.description,实体详情,说明,范围D固定前端可见文本
entity-detail.field.name,实体详情,名称,范围D固定前端可见文本
entity-detail.field.position,实体详情,位置,范围D固定前端可见文本
entity-detail.field.state,实体详情,状态,范围D固定前端可见文本
entity-detail.field.type,实体详情,类型,范围D固定前端可见文本
entity-detail.ground.empty,实体详情,暂未探明地面之物。,范围D固定前端可见文本
entity-detail.ground.field.items,实体详情,物品,范围D固定前端可见文本
entity-detail.ground.field.source,实体详情,来源,范围D固定前端可见文本
entity-detail.ground.no-visible-items,实体详情,已无可见之物。,范围D固定前端可见文本
entity-detail.ground.title,实体详情,地面物,范围D固定前端可见文本
entity-detail.label.hp,实体详情,气血,范围D固定前端可见文本
entity-detail.label.life,实体详情,生命,范围D固定前端可见文本
entity-detail.label.qi,实体详情,灵力,范围D固定前端可见文本
entity-detail.loading,实体详情,详情观望中……,范围D固定前端可见文本
entity-detail.monster.alive,实体详情,存活,范围D固定前端可见文本
entity-detail.monster.empty,实体详情,暂未探明妖兽详情。,范围D固定前端可见文本
entity-detail.monster.field.level,实体详情,层级,范围D固定前端可见文本
entity-detail.monster.field.respawn,实体详情,重生,范围D固定前端可见文本
entity-detail.monster.field.tier,实体详情,血脉,范围D固定前端可见文本
entity-detail.monster.respawning,实体详情,待重生,范围D固定前端可见文本
entity-detail.monster.subtitle,实体详情,{tier} · 等级 {level},范围D固定前端可见文本
entity-detail.npc.empty,实体详情,暂未探明此人详情。,范围D固定前端可见文本
entity-detail.npc.field.dialogue,实体详情,对话,范围D固定前端可见文本
entity-detail.npc.field.quest,实体详情,任务,范围D固定前端可见文本
entity-detail.npc.field.quest-state,实体详情,任务状态,范围D固定前端可见文本
entity-detail.npc.field.role,实体详情,身份,范围D固定前端可见文本
entity-detail.npc.field.shop,实体详情,商店,范围D固定前端可见文本
entity-detail.npc.no-role-mark,实体详情,无身份标记,范围D固定前端可见文本
entity-detail.npc.quest.available,实体详情,可接取,范围D固定前端可见文本
entity-detail.npc.quest.none,实体详情,暂无追索之委托,范围D固定前端可见文本
entity-detail.npc.quest.progress,实体详情,进行中,范围D固定前端可见文本
entity-detail.npc.quest.ready,实体详情,可交付,范围D固定前端可见文本
entity-detail.npc.shop.available,实体详情,可交易,范围D固定前端可见文本
entity-detail.observation.clarity.blurred,实体详情,轮廓模糊,范围D固定前端可见文本
entity-detail.observation.clarity.clear,实体详情,已较清晰,范围D固定前端可见文本
entity-detail.observation.clarity.complete,实体详情,洞察完整,范围D固定前端可见文本
entity-detail.observation.clarity.partial,实体详情,窥得部分,范围D固定前端可见文本
entity-detail.observation.clarity.veiled,实体详情,雾里看花,范围D固定前端可见文本
entity-detail.observation.field.clarity,实体详情,清晰度,范围D固定前端可见文本
entity-detail.observation.field.count,实体详情,洞察条目,范围D固定前端可见文本
entity-detail.observation.field.details,实体详情,细节,范围D固定前端可见文本
entity-detail.observation.field.verdict,实体详情,判词,范围D固定前端可见文本
entity-detail.observation.no-more,实体详情,未得更多回响。,范围D固定前端可见文本
entity-detail.observation.rows.empty,实体详情,暂且如此。,范围D固定前端可见文本
entity-detail.observation.title,实体详情,观测,范围D固定前端可见文本
entity-detail.player.empty,实体详情,暂未探明此身详情。,范围D固定前端可见文本
entity-detail.player.field.display-name,实体详情,称呼,范围D固定前端可见文本
entity-detail.player.subtitle,实体详情,玩家观测,范围D固定前端可见文本
entity-detail.player.tracking.coordinate,实体详情,卷宗坐标,范围D固定前端可见文本
entity-detail.player.tracking.desc,实体详情,该坐标来自天下榜玩家击杀榜的低频追索结果，榜册开启期间每十息刷新一次。,范围D固定前端可见文本
entity-detail.player.tracking.empty,实体详情,此身未在诛仙榜追索册页中。查看天下榜时若命中上榜对象，会在这里显现最新坐标。,范围D固定前端可见文本
entity-detail.player.tracking.offline,实体详情,离线坐标,范围D固定前端可见文本
entity-detail.player.tracking.online,实体详情,在线追索,范围D固定前端可见文本
entity-detail.player.tracking.title,实体详情,天机追索,范围D固定前端可见文本
entity-detail.portal.empty,实体详情,暂未探明界门详情。,范围D固定前端可见文本
entity-detail.portal.field.target-coordinate,实体详情,目标坐标,范围D固定前端可见文本
entity-detail.portal.field.target-map,实体详情,目标地图,范围D固定前端可见文本
entity-detail.portal.field.trigger,实体详情,触发方式,范围D固定前端可见文本
entity-detail.portal.kind.gate,实体详情,关隘,范围D固定前端可见文本
entity-detail.portal.kind.portal,实体详情,传送点,范围D固定前端可见文本
entity-detail.portal.kind.stairs,实体详情,楼梯,范围D固定前端可见文本
entity-detail.portal.trigger.auto,实体详情,踏入即触发,范围D固定前端可见文本
entity-detail.portal.trigger.manual,实体详情,需要主动使用,范围D固定前端可见文本
entity-detail.respawn.after,实体详情,{ticks} 息后重生,范围D固定前端可见文本
entity-detail.respawn.none,实体详情,无需等待,范围D固定前端可见文本
entity-detail.respawn.soon,实体详情,即将重生,范围D固定前端可见文本
entity-detail.subtitle.kind,实体详情,目标类型：{kind},范围D固定前端可见文本
entity-detail.subtitle.loading,实体详情,详情观望中...,范围D固定前端可见文本
entity-detail.title.default,实体详情,详情,范围D固定前端可见文本
entity-detail.unsupported,实体详情,此般详情尚不可察。,范围D固定前端可见文本
entity-detail.value.none,实体详情,无,范围D固定前端可见文本
entity-detail.value.unknown,实体详情,未明,范围D固定前端可见文本
world.migration.already-peaceful,世界面板,当前已经位于虚境。,
world.migration.already-real,世界面板,当前已经位于现世。,
world.migration.badge-available,世界面板,可切换,
world.migration.badge-current,世界面板,当前世界,
world.migration.cancel,世界面板,取消,
world.migration.choice-title.peaceful,世界面板,虚境,
world.migration.choice-title.real,世界面板,现世,
world.migration.confirm-desc-peaceful,世界面板,确认后入虚境，再通过传送点跨界亦循虚境。,
world.migration.confirm-desc-real,世界面板,确认后入现世，再通过传送点跨界亦循现世。,
world.migration.confirm-title,世界面板,确认切换到{target},
world.migration.current-peaceful,世界面板,身在虚境，往后跨界皆入虚境。,
world.migration.current-real,世界面板,身在现世，往后跨界皆入现世。,
world.migration.desc-peaceful,世界面板,虚境禁争伐，切换后入当前地图虚境道。,
world.migration.desc-real,世界面板,现世可争锋破地，切换后入当前地图现世道。,
world.migration.intro-peaceful,世界面板,你当前在虚境，欲归现世则循现世线。,
world.migration.intro-real,世界面板,你当前在现世，欲循虚境则入虚境线。,
world.migration.meta-peaceful,世界面板,虚境 · 禁争伐 · 禁破地,
world.migration.meta-real,世界面板,现世 · 可争锋 · 可破地,
world.migration.tip,世界面板,虚境禁斗法，现世可争锋。选中后尚需再度确认。,
world.migration.warning-peaceful,世界面板,若身染煞气入体或反噬，则无法返归虚境。,
world.migration.warning-real,世界面板,入现世后，此后跨界皆循此道。,
world.panel.cultivating-empty,世界面板,未设定,
world.panel.empty-hint,世界面板,尚未进入世界,
world.panel.label.cultivating,世界面板,当前主修,
world.panel.label.current-stage,世界面板,当前阶段,
world.panel.label.recommended-realm,世界面板,推荐境界,
world.panel.label.resources,世界面板,主要资源,
world.panel.label.route,世界面板,推进路线,
world.panel.label.threats,世界面板,主要威胁,
world.panel.map-type.peaceful,世界面板,虚境,
world.panel.map-type.real,世界面板,现世,
world.panel.map-type.sect,世界面板,宗门,
world.panel.realm-cultivating,世界面板,修行中,功法境界查找失败时的fallback
world.panel.realm-fallback,世界面板,凡俗武者,无功法时的境界fallback
world.panel.resources-empty,世界面板,暂无,
world.panel.sect-fallback.desc,世界面板,宗门驻地。,
world.panel.sect-fallback.mood,世界面板,宗门,
world.panel.sect-fallback.route,世界面板,宗门驻地,
world.panel.threats-empty,世界面板,未知,
world.panel.tianji.leaderboard-desc,世界面板,按天榜、战斗、技艺与人榜查看全服排行。,
world.panel.tianji.leaderboard-title,世界面板,排行榜,
world.panel.tianji.title,世界面板,天机阁,
world.panel.tianji.view,世界面板,查看,
world.panel.tianji.world-desc,世界面板,查看全服灵石总和、行动人数、境界人数，以及击杀与死亡总计。,
world.panel.tianji.world-title,世界面板,世界,
world.panel.tooltip.peaceful-pvp,世界面板,不能对其他修士发起攻击,
world.panel.tooltip.real-pvp,世界面板,可以对其他修士发起攻击,
world.panel.tooltip.real-tile,世界面板,可以攻击地块,
world.panel.tooltip.sect,世界面板,宗门驻地,地图类型tooltip
world.panel.unknown-map.desc,世界面板,该区域暂无卷宗记载，建议稳步试探。,
world.panel.unknown-map.mood,世界面板,未知地域,
world.panel.unknown-map.route,世界面板,继续探索当前区域,
world.panel.unknown-map.title,世界面板,未知地域,
map-level.recommended,世界信息,推荐境界 {realm},
map-level.unknown,世界信息,未知,地图等级无效时fallback
world-summary.action.open-leaderboard,世界信息,天下榜,范围D固定前端可见文本
world-summary.action.open-summary,世界信息,世界卷宗,范围D固定前端可见文本
world-summary.action.refresh-leaderboard,世界信息,刷新榜册,范围D固定前端可见文本
world-summary.action.refresh-summary,世界信息,刷新卷宗,范围D固定前端可见文本
world-summary.generated-at.loading,世界信息,调卷中,范围D固定前端可见文本
world-summary.hint.total-spirit-stones,世界信息,包含背包、坊市托管仓与求购挂单中冻结的灵石。,范围D固定前端可见文本
world-summary.leaderboard.empty,世界信息,暂无榜册内容。,范围D固定前端可见文本
world-summary.leaderboard.group.combat,世界信息,战斗,范围D固定前端可见文本
world-summary.leaderboard.group.heaven,世界信息,天榜,范围D固定前端可见文本
world-summary.leaderboard.group.social,世界信息,人榜,范围D固定前端可见文本
world-summary.leaderboard.group.technique,世界信息,技艺,范围D固定前端可见文本
world-summary.leaderboard.invitation.foundation-title,世界信息,筑基成道,范围D固定前端可见文本
world-summary.leaderboard.invitation.qi-title,世界信息,引气入道,范围D固定前端可见文本
world-summary.leaderboard.invitation.total-title,世界信息,引渡总数,范围D固定前端可见文本
world-summary.leaderboard.loading,世界信息,天机阁正在调阅最新榜册……,范围D固定前端可见文本
world-summary.leaderboard.location.loading,世界信息,坐标：天机追索中,范围D固定前端可见文本
world-summary.leaderboard.location.offline,世界信息,"离线坐标：{mapName} ({x}, {y})",范围D固定前端可见文本
world-summary.leaderboard.location.online,世界信息,"坐标：{mapName} ({x}, {y})",范围D固定前端可见文本
world-summary.leaderboard.meta.exp,世界信息,当前经验 {exp},范围D固定前端可见文本
world-summary.leaderboard.meta.monster-kills,世界信息,精英 {elite} · Boss {boss},范围D固定前端可见文本
world-summary.leaderboard.meta.progress,世界信息,经验 {exp} / {expToNext},范围D固定前端可见文本
world-summary.leaderboard.meta.realm-progress,世界信息,修为 {progress} · 底蕴 {foundation},范围D固定前端可见文本
world-summary.leaderboard.meta.sect-leader,世界信息,宗主 {leaderName},范围D固定前端可见文本
world-summary.leaderboard.navigation.groups-label,世界信息,排行榜分组,范围D固定前端可见文本
world-summary.leaderboard.navigation.tabs-label,世界信息,当前分组榜单,范围D固定前端可见文本
world-summary.leaderboard.subtitle,世界信息,收录前 {limit} 名 · 十分钟一更 · {time},范围D固定前端可见文本
world-summary.leaderboard.tab.attribute.constitution,世界信息,体魄,范围D固定前端可见文本
world-summary.leaderboard.tab.attribute.meridians,世界信息,经脉,范围D固定前端可见文本
world-summary.leaderboard.tab.attribute.perception,世界信息,身法,范围D固定前端可见文本
world-summary.leaderboard.tab.attribute.spirit,世界信息,神识,范围D固定前端可见文本
world-summary.leaderboard.tab.attribute.strength,世界信息,力道,范围D固定前端可见文本
world-summary.leaderboard.tab.attribute.talent,世界信息,根骨,范围D固定前端可见文本
world-summary.leaderboard.tab.body-training,世界信息,炼体,范围D固定前端可见文本
world-summary.leaderboard.tab.deaths,世界信息,身陨,范围D固定前端可见文本
world-summary.leaderboard.tab.invitation,世界信息,引渡,范围D固定前端可见文本
world-summary.leaderboard.tab.monster-kills,世界信息,斩妖,范围D固定前端可见文本
world-summary.leaderboard.tab.player-kills,世界信息,杀伐,范围D固定前端可见文本
world-summary.leaderboard.tab.realm,世界信息,境界,范围D固定前端可见文本
world-summary.leaderboard.tab.sects,世界信息,宗门,范围D固定前端可见文本
world-summary.leaderboard.tab.spirit-stones,世界信息,灵石,范围D固定前端可见文本
world-summary.leaderboard.tab.technique.alchemy,世界信息,炼丹,范围D固定前端可见文本
world-summary.leaderboard.tab.technique.building,世界信息,营造,范围D固定前端可见文本
world-summary.leaderboard.tab.technique.enhancement,世界信息,强化,范围D固定前端可见文本
world-summary.leaderboard.tab.technique.forging,世界信息,炼器,范围D固定前端可见文本
world-summary.leaderboard.tab.technique.formation,世界信息,阵法,范围D固定前端可见文本
world-summary.leaderboard.tab.technique.gather,世界信息,采集,范围D固定前端可见文本
world-summary.leaderboard.tab.technique.mining,世界信息,挖矿,范围D固定前端可见文本
world-summary.leaderboard.tab.technique.transmission,世界信息,传法,范围D固定前端可见文本
world-summary.leaderboard.title,世界信息,排行榜,范围D固定前端可见文本
world-summary.leaderboard.value.attribute,世界信息,{value} 点,范围D固定前端可见文本
world-summary.leaderboard.value.body-training,世界信息,炼体 {level} 层,范围D固定前端可见文本
world-summary.leaderboard.value.deaths,世界信息,死亡 {count},范围D固定前端可见文本
world-summary.leaderboard.value.invitation-foundation,世界信息,{count} 人筑基,范围D固定前端可见文本
world-summary.leaderboard.value.invitation-qi,世界信息,{count} 人炼气,范围D固定前端可见文本
world-summary.leaderboard.value.invitation-total,世界信息,引渡 {count} 人,范围D固定前端可见文本
world-summary.leaderboard.value.monster-kills,世界信息,击杀 {count},范围D固定前端可见文本
world-summary.leaderboard.value.player-kills,世界信息,击杀玩家 {count},范围D固定前端可见文本
world-summary.leaderboard.value.sect-members,世界信息,{count} 人,范围D固定前端可见文本
world-summary.leaderboard.value.spirit-stones,世界信息,{count} 灵石,范围D固定前端可见文本
world-summary.leaderboard.value.technique-level,世界信息,技艺 {level} 级,范围D固定前端可见文本
world-summary.modal.hint.close-outside,世界信息,点击空白处关闭,范围D固定前端可见文本
world-summary.row.action.alchemy,世界信息,炼丹,范围D固定前端可见文本
world-summary.row.action.combat,世界信息,战斗,范围D固定前端可见文本
world-summary.row.action.cultivation,世界信息,修炼,范围D固定前端可见文本
world-summary.row.action.enhancement,世界信息,强化,范围D固定前端可见文本
world-summary.row.kills.boss-monsters,世界信息,Boss,范围D固定前端可见文本
world-summary.row.kills.elite-monsters,世界信息,精英怪物,范围D固定前端可见文本
world-summary.row.kills.normal-monsters,世界信息,普通怪物,范围D固定前端可见文本
world-summary.row.kills.player-deaths,世界信息,玩家死亡,范围D固定前端可见文本
world-summary.row.kills.player-kills,世界信息,玩家击杀玩家,范围D固定前端可见文本
world-summary.row.realm.initial,世界信息,初始境界,范围D固定前端可见文本
world-summary.row.realm.mortal,世界信息,凡人境界,范围D固定前端可见文本
world-summary.row.realm.qi-refining-or-above,世界信息,炼气及以上,范围D固定前端可见文本
world-summary.row.total-spirit-stones,世界信息,全体玩家持有,范围D固定前端可见文本
world-summary.section.actions,世界信息,当前行动人数,范围D固定前端可见文本
world-summary.section.kills-deaths,世界信息,全服击杀与死亡,范围D固定前端可见文本
world-summary.section.realms,世界信息,境界人数,范围D固定前端可见文本
world-summary.section.spirit-stones,世界信息,灵石总和,范围D固定前端可见文本
world-summary.summary.empty,世界信息,暂无世界卷宗。,范围D固定前端可见文本
world-summary.summary.loading,世界信息,天机阁正在调阅世界卷宗……,范围D固定前端可见文本
world-summary.summary.subtitle,世界信息,世界卷宗 · 十分钟一更 · {time},范围D固定前端可见文本
world-summary.summary.title,世界信息,世界,范围D固定前端可见文本
world-summary.value.people,世界信息,{count} 人,范围D固定前端可见文本
world-summary.value.spirit-stones,世界信息,{count} 灵石,范围D固定前端可见文本
world-summary.value.times,世界信息,{count} 次,范围D固定前端可见文本
world.danger.easier.1,世界信息,尚可从容,
world.danger.easier.2,世界信息,游刃有余,
world.danger.easier.3,世界信息,轻车熟路,
world.danger.easier.4,世界信息,难逢敌手,
world.danger.easier.many,世界信息,如履平地,
world.danger.harder.1,世界信息,高你一境，稍有风浪,
world.danger.harder.2,世界信息,高你两境，已有压力,
world.danger.harder.3,世界信息,高你三境，险意渐浓,
world.danger.harder.4,世界信息,高你四境，步步惊心,
world.danger.harder.many,世界信息,高你{gap}境，十面埋伏,
world.danger.matched,世界信息,境界相宜，正合历练,
world.danger.realm.acquired,世界信息,易筋-通脉,
world.danger.realm.before-qi,世界信息,叩仙门,
world.danger.realm.body-training,世界信息,凡胎-锻骨,
world.danger.realm.entry,世界信息,凡胎-锻骨,
world.danger.realm.innate,世界信息,瑶光-叩仙门,
world.danger.realm.major,世界信息,瑶光-天玑,
world.danger.realm.minor,世界信息,易筋-通脉,
world.danger.realm.perfection,世界信息,天璇-叩仙门,
world.danger.realm.qi-start,世界信息,练气一层,
world.danger.recommended.unknown,世界信息,未知,
world.danger.unknown,世界信息,境界未明，谨慎试探,
world.guide.ancient-ruins.desc,世界信息,阵纹、碑灵与残篇并存，是正式触碰修仙叙事的区域。,
world.guide.ancient-ruins.mood,世界信息,仙道线索区,
world.guide.ancient-ruins.recommended-realm,世界信息,瑶光-天权,
world.guide.ancient-ruins.resource.0,世界信息,断纹石片,
world.guide.ancient-ruins.resource.1,世界信息,魂墨,
world.guide.ancient-ruins.resource.2,世界信息,遗迹钥石,
world.guide.ancient-ruins.route,世界信息,清理符阵看守，接通灵岭与天穹后段线。,
world.guide.ancient-ruins.threat.0,世界信息,石卫傀,
world.guide.ancient-ruins.threat.1,世界信息,骨翎夜鸮,
world.guide.ancient-ruins.threat.2,世界信息,符阵看守,
world.guide.ancient-ruins.title,世界信息,断碑遗迹,
world.guide.bamboo-forest.desc,世界信息,狼群、蛇妖与竹灵共生，是从江湖搏杀过渡到修行世界的门槛。,
world.guide.bamboo-forest.mood,世界信息,武侠过渡带,
world.guide.bamboo-forest.recommended-realm,世界信息,易筋-养气,
world.guide.bamboo-forest.resource.0,世界信息,狼牙,
world.guide.bamboo-forest.resource.1,世界信息,蛇胆,
world.guide.bamboo-forest.resource.2,世界信息,翠竹心,
world.guide.bamboo-forest.resource.3,世界信息,步法残页,
world.guide.bamboo-forest.route,世界信息,主径推矿洞与遗迹，侧路进荒野，南下兽谷。,
world.guide.bamboo-forest.threat.0,世界信息,噬灵狼,
world.guide.bamboo-forest.threat.1,世界信息,青鳞竹蛇,
world.guide.bamboo-forest.threat.2,世界信息,刃竹螳,
world.guide.bamboo-forest.title,世界信息,青竹林,
world.guide.beast-valley.desc,世界信息,兽谷裂隙已显露灵灾本相，建议高补给、高功法成熟度再推进。,
world.guide.beast-valley.mood,世界信息,修仙高危战区,
world.guide.beast-valley.recommended-realm,世界信息,玉衡-天璇,
world.guide.beast-valley.resource.0,世界信息,血羽,
world.guide.beast-valley.resource.1,世界信息,妖狼骨,
world.guide.beast-valley.resource.2,世界信息,谷底核心,
world.guide.beast-valley.resource.3,世界信息,逆鳞,
world.guide.beast-valley.route,世界信息,先清外围，再压谷底王级目标和灵岭入口。,
world.guide.beast-valley.threat.0,世界信息,裂齿妖狼,
world.guide.beast-valley.threat.1,世界信息,血羽鸦,
world.guide.beast-valley.threat.2,世界信息,裂渊狼主,
world.guide.beast-valley.title,世界信息,噬魂兽谷,
world.guide.black-iron-mine.desc,世界信息,矿脉灵气紊乱，材料密集，但补给和走位压力明显上升。,
world.guide.black-iron-mine.mood,世界信息,资源高压区,
world.guide.black-iron-mine.recommended-realm,世界信息,养气-玉衡,
world.guide.black-iron-mine.resource.0,世界信息,玄铁矿块,
world.guide.black-iron-mine.resource.1,世界信息,晶尘,
world.guide.black-iron-mine.resource.2,世界信息,信标核心,
world.guide.black-iron-mine.route,世界信息,推进钟乳深区，搜集矿材与信标核心。,
world.guide.black-iron-mine.threat.0,世界信息,矿魈,
world.guide.black-iron-mine.threat.1,世界信息,晶背蝠,
world.guide.black-iron-mine.title,世界信息,玄铁矿洞,
world.guide.qizhen-crossing.desc,世界信息,主城改成三重错台加折线街巷，百工、静气、行修和旧渡口不再是几块平铺方盒。,
world.guide.qizhen-crossing.mood,世界信息,前线渡城,
world.guide.qizhen-crossing.recommended-realm,世界信息,练气一层-半步筑基,
world.guide.qizhen-crossing.resource.0,世界信息,五行路口,
world.guide.qizhen-crossing.resource.1,世界信息,散修交易,
world.guide.qizhen-crossing.resource.2,世界信息,稳脉调息,
world.guide.qizhen-crossing.resource.3,世界信息,练气补给,
world.guide.qizhen-crossing.route,世界信息,北台接回渡阵，西去裂锋原，东分青萝谷与寒汐泽，南下赤陨庭。,
world.guide.qizhen-crossing.threat.0,世界信息,外行修士混杂,
world.guide.qizhen-crossing.threat.1,世界信息,水线失足,
world.guide.qizhen-crossing.threat.2,世界信息,五行外图回压,
world.guide.qizhen-crossing.title,世界信息,栖真渡,
world.guide.sky-ruins.desc,世界信息,天宫已坠，封印未绝，乃当世至险之地。,
world.guide.sky-ruins.mood,世界信息,高段终局区,
world.guide.sky-ruins.recommended-realm,世界信息,宗师-叩仙门,
world.guide.sky-ruins.resource.0,世界信息,星陨金,
world.guide.sky-ruins.resource.1,世界信息,天纹残页,
world.guide.sky-ruins.resource.2,世界信息,天封核心,
world.guide.sky-ruins.route,世界信息,补齐天封核心，处理终局王级目标。,
world.guide.sky-ruins.threat.0,世界信息,天宫猎者,
world.guide.sky-ruins.threat.1,世界信息,残宫傀仪,
world.guide.sky-ruins.threat.2,世界信息,噬星兽,
world.guide.sky-ruins.title,世界信息,天穹残宫,
world.guide.spirit-ridge.desc,世界信息,这里已经不止是江湖争杀，更考验神识、心性与突破准备。,
world.guide.spirit-ridge.mood,世界信息,升阶门槛区,
world.guide.spirit-ridge.recommended-realm,世界信息,天玑-大宗师,
world.guide.spirit-ridge.resource.0,世界信息,岭兽爪,
world.guide.spirit-ridge.resource.1,世界信息,霜华精粹,
world.guide.spirit-ridge.resource.2,世界信息,灵岭行令,
world.guide.spirit-ridge.route,世界信息,先做岭门试锋，再接天穹残宫。,
world.guide.spirit-ridge.threat.0,世界信息,灵脊虎,
world.guide.spirit-ridge.threat.1,世界信息,寒翎鹤,
world.guide.spirit-ridge.threat.2,世界信息,守岭残魂,
world.guide.spirit-ridge.title,世界信息,灵脊岭,
world.guide.wildlands.desc,世界信息,野兽、匪徒与沼泽妖物混杂，适合补材料与做支线。,
world.guide.wildlands.mood,世界信息,侧线练级区,
world.guide.wildlands.recommended-realm,世界信息,凡胎-锻骨,
world.guide.wildlands.resource.0,世界信息,彘牙,
world.guide.wildlands.resource.1,世界信息,泽鳞,
world.guide.wildlands.resource.2,世界信息,阴沼丝,
world.guide.wildlands.resource.3,世界信息,匪徒腰牌,
world.guide.wildlands.route,世界信息,刷侧线材料，补足装备后回主线。,
world.guide.wildlands.threat.0,世界信息,獠牙野彘,
world.guide.wildlands.threat.1,世界信息,泽鳞蜥,
world.guide.wildlands.threat.2,世界信息,荒野匪徒,
world.guide.wildlands.title,世界信息,荒野,
world.guide.yunlai-town.desc,世界信息,新的主城布局更紧凑，主线、补给、炼药与打铁都围着主路展开。,
world.guide.yunlai-town.mood,世界信息,武道起点,
world.guide.yunlai-town.recommended-realm,世界信息,凡胎-锻骨,
world.guide.yunlai-town.resource.0,世界信息,主线任务,
world.guide.yunlai-town.resource.1,世界信息,基础补给,
world.guide.yunlai-town.resource.2,世界信息,镇内试手怪,
world.guide.yunlai-town.resource.3,世界信息,可搜索家具,
world.guide.yunlai-town.route,世界信息,镇中接主线，西北入青竹林，南门出荒野，北路可转灵脊岭。,
world.guide.yunlai-town.threat.0,世界信息,零散鼠患,
world.guide.yunlai-town.threat.1,世界信息,夜间匪徒,
world.guide.yunlai-town.title,世界信息,云来镇,
world.map-fallback.ancient-ruins.recommended-realm,世界信息,瑶光-天权,
world.map-fallback.bamboo-forest.recommended-realm,世界信息,易筋-养气,
world.map-fallback.beast-valley.recommended-realm,世界信息,玉衡-天璇,
world.map-fallback.black-iron-mine.recommended-realm,世界信息,养气-玉衡,
world.map-fallback.qizhen-crossing.recommended-realm,世界信息,练气一层-半步筑基,
world.map-fallback.sky-ruins.recommended-realm,世界信息,宗师-叩仙门,
world.map-fallback.spirit-ridge.recommended-realm,世界信息,天玑-大宗师,
world.map-fallback.wildlands.recommended-realm,世界信息,凡胎-锻骨,
world.map-fallback.yunlai-town.recommended-realm,世界信息,凡胎-锻骨,
world.tech-realm.entry,世界信息,武学入门,
world.tech-realm.major,世界信息,先天凝意,
world.tech-realm.minor,世界信息,后天圆熟,
world.tech-realm.perfection,世界信息,半步修真,
attr.craft.open,属性总览,打开,
attr.empty.no-data,属性总览,暂无属性数据,
attr.numeric.actions-per-turn.desc,属性总览,决定每回合最多可以执行的战斗行动次数。,
attr.numeric.actions-per-turn.label,属性总览,每回合行动次数,
attr.numeric.anti-crit.desc,属性总览,压低对手对你造成暴击的概率。,
attr.numeric.anti-crit.label,属性总览,免爆,
attr.numeric.aura-cost-reduce.desc,属性总览,降低光环或阵法持续消耗。,
attr.numeric.aura-cost-reduce.label,属性总览,光环消耗缩减,
attr.numeric.aura-power-rate.desc,属性总览,提高光环或阵法提供的效果。,
attr.numeric.aura-power-rate.label,属性总览,光环效果增强,
attr.numeric.break-power.desc,属性总览,压低目标化解概率；超出目标化解的部分会按概率触发破招，使本次命中与暴击判定翻倍。,
attr.numeric.break-power.label,属性总览,破招,
attr.numeric.cooldown-speed.desc,属性总览,提高技能与效果的冷却流转速度。,
attr.numeric.cooldown-speed.label,属性总览,冷却速度,
attr.numeric.crit-damage.desc,属性总览,决定暴击命中后的伤害倍率。,
attr.numeric.crit-damage.label,属性总览,暴击伤害,
attr.numeric.crit.desc,属性总览,提高暴击触发概率。,
attr.numeric.crit.label,属性总览,暴击,
attr.numeric.dodge.desc,属性总览,提高闪避攻击的概率。,
attr.numeric.dodge.label,属性总览,闪避,
attr.numeric.hit.desc,属性总览,提高攻击命中目标的能力。,
attr.numeric.hit.label,属性总览,命中,
attr.numeric.hp-regen-rate.desc,属性总览,决定每息自动回复的生命值。,
attr.numeric.hp-regen-rate.label,属性总览,生命回复,
attr.numeric.loot-rate.desc,属性总览,提高常规掉落收益。,
attr.numeric.loot-rate.label,属性总览,掉落增幅,
attr.numeric.max-hp.desc,属性总览,决定你在战斗中的生存上限。,
attr.numeric.max-hp.label,属性总览,最大生命值,
attr.numeric.max-qi-output-per-tick.desc,属性总览,限制每息可稳定输出的灵力上限。,
attr.numeric.max-qi-output-per-tick.label,属性总览,灵力输出速率,
attr.numeric.max-qi.desc,属性总览,决定你可承载的灵力总量。,
attr.numeric.max-qi.label,属性总览,最大灵力值,
attr.numeric.move-speed.desc,属性总览,决定每息获得的移动预算。500 以内按原始收益计算，超过后进入软衰减；大路、小路、草地、泥地与沼泽会按不同消耗结算。,
attr.numeric.move-speed.label,属性总览,移动速度,
attr.numeric.phys-atk.desc,属性总览,影响物理系技能；普通攻击会取物理攻击与法术攻击中的较高值结算。,
attr.numeric.phys-atk.label,属性总览,物理攻击,
attr.numeric.phys-def.desc,属性总览,降低受到的物理伤害，化解触发时会按双倍防御重新计算减伤。,
attr.numeric.phys-def.label,属性总览,物理防御,
attr.numeric.player-exp-rate.desc,属性总览,提高境界修为获取效率。,
attr.numeric.player-exp-rate.label,属性总览,境界修为,
attr.numeric.qi-regen-rate.desc,属性总览,决定每息自动回复的灵力值。,
attr.numeric.qi-regen-rate.label,属性总览,灵力回复,
attr.numeric.rare-loot-rate.desc,属性总览,提高稀有掉落收益。,
attr.numeric.rare-loot-rate.label,属性总览,稀有掉落,
attr.numeric.realm-exp-per-tick.desc,属性总览,决定修炼状态下每息获得的境界修为。,
attr.numeric.realm-exp-per-tick.label,属性总览,每息境界修为,
attr.numeric.resolve-power.desc,属性总览,提高化解来招的概率；化解触发时会按双倍防御重新结算本次减伤。,
attr.numeric.resolve-power.label,属性总览,化解,
attr.numeric.spell-atk.desc,属性总览,影响法术系技能与灵术伤害；普通攻击会取物理攻击与法术攻击中的较高值结算。,
attr.numeric.spell-atk.label,属性总览,法术攻击,
attr.numeric.spell-def.desc,属性总览,降低受到的法术伤害，化解触发时会按双倍防御重新计算减伤。,
attr.numeric.spell-def.label,属性总览,法术防御,
attr.numeric.technique-exp-per-tick.desc,属性总览,决定修炼状态下每息获得的功法经验基础值。,
attr.numeric.technique-exp-per-tick.label,属性总览,每息功法经验,
attr.numeric.technique-exp-rate.desc,属性总览,提高功法经验获取效率。,
attr.numeric.technique-exp-rate.label,属性总览,功法经验,
attr.numeric.title.qi-flow,属性总览,灵脉流转,
attr.numeric.view-range.desc,属性总览,决定地图上的可见范围。,
attr.numeric.view-range.label,属性总览,视野范围,
attr.qi-projection.source,属性总览,来源：{sources},
attr.radar.scale,属性总览,刻度 {label},
attr.special.combat-exp.desc,属性总览,通过战斗获得的境界修为会一比一累计到战斗经验，并按双方差距影响攻击时的命中、受击时的闪避（两者最高翻倍），以及普通攻击 50% 到 200% 的独立伤害乘区。,
attr.special.combat-exp.label,属性总览,战斗经验,
attr.special.comprehension.desc,属性总览,提高境界修为与功法经验获取；不作为六维参与基础属性换算。,
attr.special.comprehension.label,属性总览,悟性,
attr.special.foundation.desc,属性总览,在能够获得境界修为时，优先把本次境界修为抬高到三倍上限；实际额外补上的部分会等量消耗底蕴。,
attr.special.foundation.label,属性总览,底蕴,
attr.special.luck.desc,属性总览,提高挖矿矿物额外概率，并提高炼丹、炼器、强化成功率；不提供战斗属性。,
attr.special.luck.label,属性总览,幸运,
attr.special.root-foundation.desc,属性总览,每点根基提供 1% 六维境界乘区，可在境界圆满时消耗当前境界整条修为和对应材料凝练。,
attr.special.root-foundation.label,属性总览,根基,
attr.tab.base,属性总览,六维,
attr.tab.combat,属性总览,斗法,
attr.tab.craft,属性总览,技艺,
attr.tab.qi,属性总览,灵力,
attr.tab.root,属性总览,灵根,
attr.tab.special,属性总览,特殊,
attr.tab.vein,属性总览,灵脉,
attr.tooltip.actual-conversion,属性总览,实际转化：,
attr.tooltip.base-value,属性总览,基础值：,
attr.tooltip.base-zero-note,属性总览,基础值为 0 时，系统仍会给予少量基础加成,
attr.tooltip.body-training,属性总览,炼体：,
attr.tooltip.buff-status,属性总览,状态：,
attr.tooltip.extra-value,属性总览,额外值：,
attr.tooltip.move-speed-detail,属性总览,每息获得 {movePoints} 点移动预算，约等于 {roadTiles} 格大路 / {trailTiles} 格小路 / {grassTiles} 格草地 / {swampTiles} 格沼泽,
attr.tooltip.move-speed-note,属性总览,此为经过递减折算后的实际移动速度，所有移动和技能判定均以此为准,
attr.tooltip.pill,属性总览,丹药：,
attr.tooltip.realm,属性总览,境界：,
attr.tooltip.root-foundation,属性总览,根基：,
attr.tooltip.root-foundation-bonus,属性总览,六维境界加成：{percent}%,
attr.tooltip.scale,属性总览,刻度 {label},
attr.tooltip.six-dim,属性总览,六维：,
attr.tooltip.technique-max,属性总览,万法归元：,
attr.tooltip.total-fixed,属性总览,总固定值：{value},
attr.tooltip.total-percent,属性总览,总百分比：{value},
common.unknown-item,通用,未知物品,
common.value.unknown,通用,未知,缺失 key 自动补齐
ui.zoom.adjusted,通用,缩放已调整为 {zoom}x,
ui.zoom.reset,通用,缩放已重置为 {zoom}x,
notice.action.attack-intensity-updated,通知,出手力度已调整为 {intensity} 成,
notice.action.aura-sense-toggled,通知,感气视角已{state},
notice.action.auto-root-foundation-cap,通知,根基已达当前境界上限，已关闭自动凝练根基。,
notice.action.auto-root-foundation-disabled,通知,已关闭自动凝练根基。,
notice.action.auto-root-foundation-enabled,通知,已开启自动凝练根基，修为和材料满足时会每息检测并自动凝练。,
notice.action.body-training-convert,通知,消耗 {foundationSpent} 底蕴灌入肉身，获得 {expGained} 炼体经验,
notice.action.compass-required,通知,需要装备铜罗盘才能望气,
notice.action.cultivation-toggled,通知,修炼已{state},
notice.action.qi-sense-toggled,通知,望气视角已{state},
notice.action.world-migration-peaceful-complete,通知,已切入虚境，后续跨图会默认进入虚境线。,
notice.action.world-migration-peaceful-kept,通知,默认世界已保持为虚境，后续跨图会继续进入虚境线。,
notice.action.world-migration-real-complete,通知,已切入现世，后续跨图会默认进入现世线。,
notice.action.world-migration-real-kept,通知,默认世界已保持为现世，后续跨图会继续进入现世线。,
notice.activity.eternal-activated,通知,已使用{itemName} x{count}，月卡总池增加 {merit} 功德，每日签到固定池增加 {dailySignInFixedMerit} 功德，已获得永恒权益,
notice.activity.month-card-activated,通知,已使用{itemName} x{count}，月卡总池增加 {merit} 功德，领取时间重置为 {days} 天,
notice.asset.reconciliation-pending,通知,资产操作结果正在确认，请稍后刷新背包。,
notice.channel.alchemy,通知,炼丹,炼丹频道兜底名
notice.channel.building,通知,建造,建造频道兜底名
notice.channel.combat,通知,战斗,战斗频道兜底名
notice.channel.enhancement,通知,强化,强化频道兜底名
notice.channel.forging,通知,炼器,炼器频道兜底名
notice.channel.formation,通知,阵法,阵法频道兜底名
notice.channel.gather,通知,采集,采集频道兜底名
notice.channel.grudge,通知,情仇,情仇频道兜底名
notice.channel.loot,通知,掉落,掉落频道兜底名
notice.channel.mining,通知,挖矿,挖矿频道兜底名
notice.channel.quest,通知,任务,任务频道兜底名
notice.channel.success,通知,天机,成功频道兜底名
notice.channel.system,通知,系统,系统频道兜底名
notice.channel.transmission,通知,传法,传法频道兜底名
notice.channel.travel,通知,江湖,旅行频道兜底名
notice.channel.warn,通知,警示,警告频道兜底名
notice.combat.auto-use-item,通知,自动使用 {itemName},
notice.combat.chant-cancelled-config,通知,{skillName} 吟唱取消：技能配置已更新,
notice.combat.chant-expired,通知,神通吟唱已过期,
notice.combat.chant-fail-qi,通知,{skillName} 吟唱结算失败：元气不足,
notice.combat.chant-interrupted,通知,{skillName} 吟唱被打断：{reason},
notice.combat.herb-container-empty,通知,{title} 当前没有可打落的草药，{countdown},
notice.combat.herb-container-hit,通知,你攻击 {title}，打落 1 朵，剩余 {remaining} 朵{countdown},
notice.combat.kill-progress,通知,{action} {target}：{details},
notice.combat.killed,通知,斩杀 {monsterName},
notice.combat.killed-batch,通知,连续斩杀 {count} 个目标：{targetList},
notice.combat.offline-defeat,通知,你在离线挂机期间于{locationName}被{killerName}击败，离线挂机已结束。,
notice.combat.safe-zone-stop,通知,安全区内无法攻击，自动战斗已停止,
notice.combat.sha-backlash-convert,通知,身死后煞气入体，煞气反噬累计 {total} 层（剩余 {remaining}）,
notice.combat.sha-backlash-loss,通知,煞气反噬，折损修为 {progress}、底蕴 {foundation},
notice.combat.sha-infusion,通知,杀念入体，煞气加深至 {stacks} 层,
notice.combat.soul-injury,通知,神魂受损加深至 {stacks} 层,
notice.combat.temporary-tiles-created,通知,{skillName} 生成了 {count} 处临时石头,
notice.command.caster-dead,通知,你当前无法继续行动。,
notice.command.casting-busy,通知,正在吟唱中，无法执行该动作。,
notice.command.casting-busy-alchemy,通知,吟唱中无法分心炼丹。,
notice.command.casting-busy-building,通知,吟唱中无法分心营造。,
notice.command.casting-busy-enhancement,通知,吟唱中无法分心强化。,
notice.command.casting-busy-formation-maintenance,通知,吟唱中无法分心维护阵法。,
notice.command.casting-busy-gather,通知,吟唱中无法分心采集。,
notice.command.casting-busy-mining,通知,吟唱中无法分心挖矿。,
notice.command.failed,通知,行动未能完成，请稍后重试。,
notice.command.no-target,通知,没有可命中的目标,
notice.command.pvp-forbidden,通知,当前区域不允许玩家互攻。,
notice.command.qi-insufficient,通知,元气不足。,
notice.command.skill-cooldown,通知,技能尚在冷却。,
notice.command.target-blocked,通知,目标被遮挡。,
notice.command.target-dead,通知,目标已经死亡。,
notice.command.target-left-map,通知,目标已离开当前地图。,
notice.command.target-out-of-range,通知,目标超出作用范围。,
notice.command.technique-active,通知,学习者已有进行中的技艺任务。,
notice.command.technique-already-known,通知,学习者已经掌握该功法。,
notice.command.technique-cancel-none,通知,当前没有可取消的技艺任务。,
notice.command.technique-none,通知,当前没有进行中的技艺任务。,
notice.command.technique-queue-full,通知,技艺任务队列已满。,
notice.command.tile-damage-forbidden,通知,当前区域禁止攻击地形。,
notice.craft.activity-condition-failed,通知,{activityLabel}中断：{reason},
notice.craft.activity-interrupted,通知,{activityLabel}被{reasonLabel}打断,
notice.craft.activity-interrupted-wait,通知,{itemName} 的{activityLabel}被打断，暂歇 {ticks} 息,
notice.craft.activity-interrupted-wait-generic,通知,{activityLabel}被{reasonLabel}打断，暂歇 {ticks} 息,
notice.craft.alchemy.batch-failed,通知,第 {batch} 批未能{successNoun},
notice.craft.alchemy.batch-resources-missing,通知,当前批次材料或灵石不足，技艺任务已停止,
notice.craft.alchemy.batch-success,通知,第 {batch} 批{successNoun} {count} 件,
notice.craft.alchemy.cancel-no-refund,通知,已取消技艺任务，未完成批次尚未扣除材料,
notice.craft.alchemy.cancel-refunded,通知,已取消技艺任务，未开始的后续批次材料已退回,
notice.craft.alchemy.completed,通知,{itemName} {activityLabel}完成，{successNoun} {count} 件,
notice.craft.alchemy.start,通知,开始{actionLabel} {itemName}，共 {quantity} 批，预计消耗灵石 x{spiritStoneCost}；预计 {totalTicks} 息。单批固定 {batchOutputCount} 件，每件{outputNoun}率 {successRate}%,
notice.craft.building.completed,通知,{buildingName}已完工,
notice.craft.building.deconstruct-completed,通知,{buildingName}已拆除,
notice.craft.building.deconstruct-failed,通知,拆除失败，建筑已恢复原状。,
notice.craft.building.deconstruct-start,通知,开始拆除：{buildingName}，预计 {totalTicks} 息,
notice.craft.building.deconstruct-too-far,通知,离开建筑后拆除已取消，建筑恢复原状。,
notice.craft.building.deconstruct-unavailable,通知,建筑当前不可继续拆除。,
notice.craft.building.interrupted,通知,{buildingName} 的营造被{reasonLabel}打断。,
notice.craft.building.sleeping,通知,建筑施工条件暂时不满足，已转入等待队列。,
notice.craft.building.start,通知,开始建造：{buildingName}，预计 {totalTicks} 息,
notice.craft.building.target-missing,通知,建造目标已经不存在。,
notice.craft.building.unavailable,通知,建筑当前不可继续施工。,
notice.craft.building.virtual-world-forbidden,通知,虚境不能建造建筑，当前施工已停止。,
notice.craft.enhancement.advance-continue,通知,{itemName} 已强化成功 +{currentLevel}，继续冲击 +{nextTargetLevel},
notice.craft.enhancement.advance-missing-target,通知,{itemName} 当前强化目标数据缺失，队列已停止,
notice.craft.enhancement.advance-resources-missing,通知,{itemName} 当前已到 +{currentLevel}，后续强化所需灵石、材料或保护物不足，队列已停止,
notice.craft.enhancement.cancelled,通知,你停止了 {itemName} 的强化，已投入的本阶材料不会退回；保护物仅在失败且保护生效时扣除，灵石将在本阶成功后结算,
notice.craft.enhancement.failed-protected,通知,{itemName} 强化失败，保护生效，降为 +{level},
notice.craft.enhancement.failed-reset,通知,{itemName} 强化失败，已归零为 +0,
notice.craft.enhancement.protection-missing,通知,{itemName} 强化失败，保护物不足，本阶已终止,
notice.craft.enhancement.start,通知,开始强化 {itemName}，目标 +{targetLevel}，预计耗时 {totalTicks} 息,
notice.craft.enhancement.start-chain,通知,开始强化 {itemName}，先冲击 +{targetLevel}，最终目标 +{desiredTargetLevel},
notice.craft.enhancement.start-chain-protected,通知,开始强化 {itemName}，先冲击 +{targetLevel}，最终目标 +{desiredTargetLevel}，保护从 +{protectionStartLevel} 开始生效,
notice.craft.enhancement.success,通知,{itemName} 已强化成功 +{level},
notice.craft.enhancement.sync-conflict,通知,强化状态正在同步，请稍后重试。,
notice.craft.enhancement.target-missing,通知,{itemName} 当前强化目标数据缺失，本阶已终止,
notice.craft.enhancement.wallet-insufficient,通知,{itemName} 强化中断，结算时灵石不足，本阶未能继续,
notice.craft.forging.batch-resources-missing,通知,当前批次材料或灵石不足，炼器任务已停止,
notice.craft.forging.cancel-no-active,通知,当前没有可取消的炼器任务,
notice.craft.forging.cancel-no-refund,通知,已取消炼器任务，未完成批次尚未扣除材料,
notice.craft.formation.already-maintaining,通知,正在维护 {formationName}。,
notice.craft.formation.qi-insufficient,通知,{formationName} 维护中止：自身灵力不足。,
notice.craft.formation.queued,通知,已将 {formationName} 的维护加入技艺行动队列。,
notice.craft.formation.start,通知,开始维护 {formationName}。,
notice.craft.formation.stopped,通知,已停止维护 {formationName}。,
notice.craft.formation.sync-pending,通知,阵法维护任务状态正在同步，请稍后重试。,
notice.craft.gather.busy-sleeping,通知,采集目标正在由其他玩家采集，已转入等待队列。,
notice.craft.gather.cancelled,通知,你停止了 {resourceNodeName} 的采集。,
notice.craft.gather.depleted,通知,{resourceNodeName} 已经采尽。,
notice.craft.gather.empty,通知,{resourceNodeName} 当前没有可收取的草药。,
notice.craft.gather.interrupted,通知,{resourceNodeName} 的采集被{reasonLabel}打断。,
notice.craft.gather.left-range,通知,你已离开草药采集范围。,
notice.craft.gather.obtained,通知,获得 {itemLabel},
notice.craft.gather.start,通知,你开始采集 {resourceNodeName}，预计 {totalTicks} 息。,
notice.craft.gather.target-missing,通知,采集目标已经不存在。,
notice.craft.overflow-ground,通知,背包放不下，{itemLabel} 落在脚边,
notice.craft.overflow-inventory,通知,无法落地，{itemLabel} 放回背包,
notice.craft.queue.appended,通知,已加入制造队列末尾：{label},
notice.craft.queue.preserved,通知,已加入当前任务之后：{label},
notice.craft.queue.replaced,通知,已重置等待队列，下一项为：{label},
notice.craft.queue.skipped,通知,队列任务无法开始，已跳过：{label}。{error},
notice.craft.queue.started,通知,开始队列中的制造任务：{label},
notice.craft.scripture-contemplation.cancelled,通知,已取消参悟：{techniqueName},
notice.craft.scripture-contemplation.start,通知,开始参悟 {techniqueName},
notice.craft.scripture-recording.cancelled,通知,已取消录入：{techniqueName},
notice.craft.scripture-recording.complete,通知,{techniqueName} 已录入藏经台,
notice.craft.scripture-recording.start,通知,开始录入 {techniqueName},
notice.craft.transmission.cancelled,通知,已取消传法：{techniqueName},
notice.craft.transmission.start,通知,开始传授 {techniqueName},
notice.craft.transmission.teacher-start,通知,你开始向 {learnerName} 传授 {techniqueName},
notice.cultivation.cleared,通知,已取消主修功法,
notice.cultivation.set-primary,通知,已将 {techniqueName} 设为主修功法,
notice.cultivation.technique-comprehension-discarded,通知,已放弃领悟 {techniqueName},
notice.cultivation.technique-forgotten,通知,已遗忘 {techniqueName},
notice.enum.off,通知,关闭,结构化通知枚举值翻译
notice.enum.on,通知,开启,结构化通知枚举值翻译
notice.enum.resumed,通知,恢复,结构化通知枚举值翻译
notice.enum.stopped,通知,停止,结构化通知枚举值翻译
notice.equip.equipped,通知,装备 {itemName},装备穿戴通知
notice.equip.unequipped,通知,卸下 {itemName},装备卸下通知
notice.formation.active-set,通知,{formationName}已{stateLabel}。,
notice.formation.deployed,通知,{formationName}已布下：半径 {radius}，实际效果 {effectValue}，灵力 {qiBudget}，灵石 {spiritStoneBudget}。,
notice.formation.eye-qi-depleted,通知,{formationName}阵眼灵力耗尽，阵势关闭。,
notice.formation.injected,通知,{formationName}注入灵石 {spiritStoneCount}，灵力 {qiAmount}。,
notice.formation.qi-depleted,通知,{formationName}灵力不足，阵势关闭。,
notice.formation.refilled,通知,{formationName}补充灵石 {spiritStoneCount}，灵力 {qiAmount}。,
notice.formation.spirit-stone-depleted,通知,{formationName}灵石耗尽，阵势损毁。,
notice.formation.strength-set,通知,{formationName}强度已调整为 {strength}。,
notice.heaven-gate.already-entered-duplicate,通知,已入天门，无需重复确认,
notice.heaven-gate.already-entered-no-modify,通知,已入天门，无法改动灵根,
notice.heaven-gate.already-entered-no-reopen,通知,已入天门，无法重开,
notice.heaven-gate.already-entered-no-reroll,通知,已入天门，无法逆天改命,
notice.heaven-gate.already-severed,通知,{element} 灵根已被斩断,
notice.heaven-gate.enter-success,通知,入天门成功，灵根已定,
notice.heaven-gate.invalid-element,通知,灵根目标无效,
notice.heaven-gate.max-severed,通知,最多只能斩断四条灵根,
notice.heaven-gate.not-opened-no-enter,通知,尚未开天门，无法入天门,
notice.heaven-gate.not-opened-no-reroll,通知,尚未开天门，无法逆天改命,
notice.heaven-gate.not-severed,通知,{element} 灵根尚未斩断,
notice.heaven-gate.not-unlocked,通知,尚未叩开仙门,
notice.heaven-gate.open-success,通知,天门已开，灵根总值 {total},
notice.heaven-gate.progress-insufficient,通知,境界修为不足,
notice.heaven-gate.progress-insufficient-reroll,通知,修为不足，无法逆天改命,
notice.heaven-gate.realm-invalid,通知,当前境界不可开天门,
notice.heaven-gate.reroll-success,通知,逆天改命成功，消耗修为 {cost}，灵根均值 {averageBonus},
notice.heaven-gate.restore-success,通知,补回 {element} 灵根，消耗修为 {cost},
notice.heaven-gate.seed-foundation-insufficient,通知,底蕴不足，{tierName} 灵根幼苗需要 {cost} 底蕴,
notice.heaven-gate.seed-realm-invalid,通知,至少需叩仙门境界才能使用灵根幼苗,
notice.heaven-gate.seed-success,通知,使用 {tierName} 灵根幼苗成功，{costSummary}，灵根：{rootSummary}，逆天改命次数 +{gainedRerollCount}（共 {totalRerollCount}）,
notice.heaven-gate.seed-tier-invalid,通知,灵根幼苗品阶无效,
notice.heaven-gate.sever-success,通知,斩断 {element} 灵根，消耗修为 {cost},
notice.heaven-gate.shatter-not-unlocked,通知,尚未叩开仙门，不能使用碎灵丹,
notice.heaven-gate.shatter-realm-invalid,通知,至少需叩仙门境界才能使用碎灵丹,
notice.heaven-gate.shatter-success,通知,碎灵丹使用成功，消耗修为 {cost}，逆天改命次数共 {totalRerollCount},
notice.heaven-gate.wangsheng-success,通知,往生丹使用成功，境界归零重修,
notice.item.dropped,通知,放下 {itemName},
notice.item.formation-hint,通知,阵盘需通过布阵页面使用,
notice.item.map-unlocked,通知,已解锁地图：{mapName},
notice.item.spawn-bound,通知,复活点与遁返落点已绑定：{mapName},
notice.item.tile-aura-used,通知,使用 {itemName}，当前地块灵气提升至 {nextValue},
notice.item.tile-aura-used-batch,通知,使用 {itemName} x{count}，当前地块灵气提升至 {nextValue},
notice.item.tile-resource-protected-area,通知,当前位于受保护区域，无法使用地块资源道具。,
notice.item.tile-resource-used,通知,使用 {itemName}，当前地块资源提升至 {nextValue},
notice.item.tile-resource-used-batch,通知,使用 {itemName} x{count}，当前地块资源提升至 {nextValue},
notice.item.tile-resources-used,通知,使用 {itemName}，当前地块 {resourceCount} 类资源已提升,
notice.item.tile-resources-used-batch,通知,使用 {itemName} x{count}，当前地块 {resourceCount} 类资源已提升,
notice.item.tile-sha-used,通知,使用 {itemName}，当前地块煞气提升至 {nextValue},
notice.item.tile-sha-used-batch,通知,使用 {itemName} x{count}，当前地块煞气提升至 {nextValue},
notice.item.used,通知,使用了 {itemName},
notice.loot.bag-full,通知,背包空间不足,
notice.loot.bag-full-ground,通知,背包已满，{itemLabel} 掉落在脚边（{x}，{y}）,
notice.loot.obtained,通知,获得 {itemName},
notice.loot.obtained-batch,通知,获得 {count} 项物品：{itemList},
notice.loot.obtained-multi,通知,获得 {itemList},
notice.loot.pvp-bag-full,通知,背包已满，{victimName} 的 {itemName} x{count} 掉落在地面,
notice.loot.take-failed-container,通知,拿取失败，物品已留在容器内。,
notice.loot.take-failed-ground,通知,拿取失败，物品已留在原地。,
notice.loot.tile-drop-inventory,通知,获得 {itemLabel},通用可拆地块掉落通知
notice.market.auction.bid-placed,通知,你在拍卖行出价 {itemName}，当前总价 {totalPrice} {currencyName}{extensionText}。,
notice.market.auction.buyout-buyer,通知,你在拍卖行一口价竞得了 {itemName} x{quantity}，一口价支付 {currencyName} x{totalPrice}。,
notice.market.auction.buyout-seller,通知,你的寄拍已被一口价拍下：{itemName} x{quantity}，入账 {currencyName} x{totalPrice}。,
notice.market.auction.consigned,通知,已寄拍 {itemName} x{quantity}，整包总价 {totalPrice} {currencyName}，已收上架费 {listingFee} {currencyName}。,
notice.market.auction.expired-returned,通知,寄拍 {itemName} x{quantity} 已流拍，物品已自动返还背包或坊市托管仓。,
notice.market.auction.outbid-refunded-inventory,通知,你在拍卖行对 {itemName} 的出价已被超过，冻结的 {currencyName} x{refundAmount} 已自动退回背包。,
notice.market.auction.outbid-refunded-storage,通知,你在拍卖行对 {itemName} 的出价已被超过，冻结的 {currencyName} x{refundAmount} 已退回坊市托管仓。,
notice.market.auction.settled-buyer,通知,你竞得了 {itemName} x{quantity}，整包成交价 {totalPrice} {currencyName}。,
notice.market.auction.settled-seller,通知,你的寄拍已成交：{itemName} x{quantity}，入账 {currencyName} x{totalPrice}。,
notice.market.buy-order-duplicate,通知,同一种物品已有求购挂单，不能重复求购。,
notice.market.custom-technique-order-book-forbidden,通知,自创功法残卷不能在普通坊市交易，请前往传法台或拍卖行。,
notice.market.item-not-tradable,通知,此物不入坊市流通。,
notice.market.transmission-empty-book,通知,这卷残卷已残缺不全，无法寄售。,
notice.market.transmission-invalid-price,通知,传法台售价必须是正整数。,
notice.market.transmission-lot-missing,通知,这卷功法残卷已不在传法台。,
notice.market.transmission-only-custom-technique,通知,传法台只流通自创功法残卷。,
notice.market.transmission-own-lot,通知,不能求取自己寄售的功法残卷。,
notice.market.transmission.bought,通知,你在传法台求得 {itemName}，付出 {currencyName} x{totalPrice}。,
notice.market.transmission.consigned,通知,已在传法台寄售 {itemName}，售价 {totalPrice} {currencyName}。,
notice.market.transmission.sold,通知,你的传法台寄售已成交：{itemName}，入账 {currencyName} x{totalPrice}。,
notice.navigation.failed,通知,导航暂时不可用，请稍后重试。,
notice.navigation.quest-unreachable,通知,任务目标当前不可达。,
notice.navigation.target-out-of-bounds,通知,目标超出地图范围。,
notice.navigation.unreachable,通知,无法到达该位置。,
notice.progression.body-training-level-up,通知,炼体突破至第 {level} 层,
notice.progression.breakthrough,通知,突破成功，进入 {realmName},
notice.progression.breakthrough-blocked,通知,当前无法突破,
notice.progression.breakthrough-not-ready,通知,境界火候未到,
notice.progression.breakthrough-requirements-unmet,通知,突破条件尚未满足,
notice.progression.cultivation-cleared,通知,主修功法不存在，已自动清空,
notice.progression.realm-full,通知,修为圆满，可尝试突破 {realmName},
notice.progression.refine-blocked,通知,当前不能凝练根基,
notice.progression.refine-success,通知,凝练根基成功，根基 {percent}%,
notice.progression.technique-auto-switch,通知,{fromName} 已达当前修炼上限，自动切换主修为 {toName},
notice.progression.technique-comprehension-complete,通知,{techName} 已领悟完成,
notice.progression.technique-comprehension-template-missing,通知,{techName} 已无法找到，领悟进度保留,
notice.progression.technique-level-up,通知,{techName} 提升至第 {level} 层,
notice.progression.technique-perfected,通知,{techName} 修至圆满,
notice.quest.auto-accept,通知,接取任务：{questTitle},
notice.quest.npc-dialogue,通知,{npcName}：{dialogue},
notice.quest.npc-relay,通知,{npcName}：{message},
notice.quest.npc-story,通知,{npcName}：{story},
notice.quest.progress,通知,{npcName}：{progressText},
notice.quest.reward,通知,{npcName} 赠予：{rewardText},
notice.redeem.execution-failed,通知,兑换执行失败，请先查看行囊再重试。,
notice.redeem.success,通知,兑换成功：{groupName},
notice.respawn.revived,通知,你在 {mapName} 复生,
notice.rewrite.target-too-far,通知,目标过远，神识难及,客户端路径提示改写
notice.rewrite.unreachable,通知,此地无法抵达,客户端路径提示改写
notice.sect.application-approved,通知,{sectName} 已准你入山，护宗大阵会放行同门,
notice.sect.application-approved-operator,通知,已准 {applicantName} 入宗,
notice.sect.application-received,通知,{applicantName} 递交了加入 {sectName} 的拜帖，待审批,
notice.sect.application-rejected-operator,通知,已退回 {applicantName} 的拜帖,
notice.sect.application-submitted,通知,拜帖已递交给 {sectName} 宗主审批,
notice.sect.boundary-expanded,通知,{sectName} 边界被凿开，地脉向外扩展了,
notice.sect.dissolved,通知,{sectName} 已解散,
notice.sect.entered-core,通知,穿过 {sectName} 山门，返回宗门核心,
notice.sect.entrance-relocated,通知,{itemName} 化作新山门，{sectName} 入口已迁至当前位置,
notice.sect.exited-core,通知,离开 {sectName} 宗门领地，返回山门入口,
notice.sect.formation-charged,通知,护宗大阵灵力注入完成,
notice.sect.formation-replenished,通知,护宗大阵灵力已补充,
notice.sect.formation-toggled,通知,护宗大阵状态已切换,
notice.sect.founded,通知,开辟宗门：{sectName},
notice.sect.leadership-received,通知,你已接任 {sectName} 宗主,
notice.sect.leadership-transferred-operator,通知,已将宗主之位转让给 {memberName},
notice.sect.left,通知,你已离开 {sectName},
notice.sect.member-left,通知,{memberName} 已离开 {sectName},
notice.sect.member-removed-operator,通知,已移除宗门成员,
notice.sect.permission-updated,通知,{roleName} 权限已更新,
notice.sect.role-changed-operator,通知,已将 {memberName} 调整为 {roleName},
notice.sect.terrain-manifested,通知,宗门地脉已向四方显化,
notice.shop.purchased,通知,购买 {itemLabel}，花费 {currency} x{cost},
notice.system.cooldown,通知,行动调息中，剩余 {cooldownLeft} 息,
notice.technique-aggregation.overlap,通知,无法学习：与已有统合功法重叠的源功法为 {sourceTechniqueNames},
notice.time-chamber.exit-missing,通知,密室出口暂时不可用。,
notice.time-chamber.full,通知,密室当前已有修士，请稍后再试。,
notice.time-chamber.not-inside,通知,当前不在密室中。,
notice.time-chamber.source-changed,通知,密室入口已经发生变化，请重新操作。,
notice.time-chamber.too-far,通知,需要靠近密室入口才能进入。,
notice.time-chamber.unavailable,通知,密室暂时无法通行，请稍后再试。,
notice.tower.entered,通知,进入通天塔第 {layer} 层。,
notice.tower.exited,通知,退出通天塔，返回 {mapName}。,
notice.tower.layer-cleared,通知,通天塔第 {layer} 层已通关，可前往第 {unlockedLayer} 层。,
notice.tower.layer-cleared-cooldown,通知,通天塔第 {layer} 层已清空，需等待 {cooldownSeconds} 秒后换层。,
notice.travel.arrived,通知,{travelMethod}抵达 {mapName},
breakthrough.aura.level,突破,灵气等级 {level},
breakthrough.btn.confirm,突破,确认突破,
breakthrough.btn.refine,突破,凝练根基,
breakthrough.condition.active,突破,已生效,
breakthrough.condition.inactive,突破,未生效,
breakthrough.condition.met,突破,已达成,
breakthrough.condition.unmet,突破,未达成,
breakthrough.detail.default.completed,突破,当前已满足。,
breakthrough.detail.default.unmet,突破,尚未达成。,
breakthrough.detail.hidden,突破,此关未开，循主线或支线探之。,
breakthrough.detail.increase.completed,突破,该条件当前已生效。,
breakthrough.detail.increase.unmet,突破,未达则全属性门槛上提。,
breakthrough.detail.item.completed,突破,突破成功后会消耗该材料。,
breakthrough.hint.consumable,突破,绿色表示已满足；已生效的材料会在突破后消耗。,
breakthrough.hint.hidden,突破,赤者为未达，隐关需循任务渐开。,
breakthrough.hint.increase,突破,赤者为未达，+%者将抬全属门槛。,
breakthrough.hint.progress.not.full,突破,当前境界修为未满，暂时不能确认突破。,
breakthrough.hint.sync.pending,突破,突破信息同步后会显示凝练根基与完整条件。,
breakthrough.modal.subtitle,突破,{realmName} · 核心要求 {completed}/{total},
breakthrough.modal.title.target,突破,突破至 {targetName},
breakthrough.no.extra.requirements,突破,当前无额外突破要求。,
breakthrough.requirement.progress.full,突破,境界修为圆满,
breakthrough.root.auto.hint,突破,条件满足时执行,
breakthrough.root.auto.refine,突破,自动凝练,
breakthrough.root.desc,突破,消耗当前境界 100% 修为与一倍突破材料，提升 1 点根基；每点根基提供 1% 六维境界加成。,
breakthrough.root.exp.progress,突破,修为：{current} / {cost},
breakthrough.root.no.material,突破,本级无需额外材料,
breakthrough.root.progress,突破,根基 {current} / {cap},
breakthrough.root.status.can.refine,突破,可凝练,
breakthrough.root.status.capped,突破,已达上限,
breakthrough.root.status.unmet,突破,未满足,
breakthrough.section.requirements,突破,突破要求,
breakthrough.section.root.foundation,突破,凝练根基,
breakthrough.status.unmet.bracket,突破,[未达成],
breakthrough.title,突破,突破,
breakthrough.toast.not-ready,突破,当前境界尚未圆满，暂时不能突破,
minimap.action.cancel,小地图,取消,范围D固定前端可见文本
minimap.action.confirm-delete,小地图,确认删除,范围D固定前端可见文本
minimap.action.confirm-delete-all,小地图,确认全部删除,范围D固定前端可见文本
minimap.action.confirm-move,小地图,确认前往,范围D固定前端可见文本
minimap.catalog.badge.memory,小地图,忆,范围D固定前端可见文本
minimap.catalog.badge.unlock,小地图,图,范围D固定前端可见文本
minimap.catalog.desc.memory,小地图,仅保留本地探索记忆，未获得完整地图。,范围D固定前端可见文本
minimap.catalog.desc.unlock,小地图,已解锁完整舆图，可查看整张地图地势。,范围D固定前端可见文本
minimap.catalog.desc.unlock-memory,小地图,已拥有完整舆图，也保留了自身行走记忆。,范围D固定前端可见文本
minimap.catalog.empty,小地图,当前分类下没有可浏览的地图。,范围D固定前端可见文本
minimap.catalog.toggle.collapse,小地图,收起,范围D固定前端可见文本
minimap.catalog.toggle.collapse-title,小地图,收起地图目录,范围D固定前端可见文本
minimap.catalog.toggle.open,小地图,目录,范围D固定前端可见文本
minimap.catalog.toggle.open-title,小地图,展开地图目录,范围D固定前端可见文本
minimap.catalog.unknown-region,小地图,无名地域,范围D固定前端可见文本
minimap.coordinate.with-map,小地图,"{mapName} · 坐标 ({x}, {y})",范围D固定前端可见文本
minimap.current-map,小地图,当前地图,范围D固定前端可见文本
minimap.hover.coordinate,小地图,"坐标 ({x}, {y})",范围D固定前端可见文本
minimap.hover.current-position,小地图,位置：你当前在此,范围D固定前端可见文本
minimap.hover.ground,小地图,地面：{items}{suffix},范围D固定前端可见文本
minimap.hover.ground.suffix,小地图,等 {count} 件,范围D固定前端可见文本
minimap.hover.marker,小地图,{kind}：{label}{detail},范围D固定前端可见文本
minimap.hover.surface,小地图,地表：{surface},范围D固定前端可见文本
minimap.hover.surface.unknown,小地图,地表：此处尚未记下,范围D固定前端可见文本
minimap.hud.guide.current,小地图,滚轮缩放 · 右键拖拽 · 左键前往,范围D固定前端可见文本
minimap.hud.guide.readonly,小地图,滚轮缩放 · 右键拖拽,范围D固定前端可见文本
minimap.marker.detail.visible-container,小地图,当前可见容器,范围D固定前端可见文本
minimap.marker.detail.visible-monster,小地图,当前可见怪物,范围D固定前端可见文本
minimap.marker.detail.visible-npc,小地图,当前可见人物,范围D固定前端可见文本
minimap.marker.detail.visible-portal,小地图,当前视野内传送地块,范围D固定前端可见文本
minimap.marker.detail.visible-stairs,小地图,当前视野内楼梯,范围D固定前端可见文本
minimap.memory.delete-all-disabled-title,小地图,当前没有可删除的本地记忆,范围D固定前端可见文本
minimap.memory.delete-all-title,小地图,删除所有地图的本地记忆,范围D固定前端可见文本
minimap.memory.delete-all.confirm-title,小地图,删除全部本地记忆,范围D固定前端可见文本
minimap.memory.delete-all.message,小地图,会删除所有地图的本地探索记忆，不会影响已解锁整图。当前视野内正在看到的部分会继续保留在本次画面中。,范围D固定前端可见文本
minimap.memory.delete-all.subtitle,小地图,共 {count} 张地图,范围D固定前端可见文本
minimap.memory.delete-selected-disabled-title,小地图,当前地图没有可删除的本地记忆,范围D固定前端可见文本
minimap.memory.delete-selected-title,小地图,删除 {mapName} 的本地记忆,范围D固定前端可见文本
minimap.memory.delete-selected.confirm-title,小地图,删除本地记忆,范围D固定前端可见文本
minimap.memory.delete-selected.message,小地图,只会删除这张地图的本地记忆，不会影响已解锁整图。若你当前正站在该地图，视野内正在看到的部分会继续保留在本次画面中。,范围D固定前端可见文本
minimap.modal.hint.cancel-outside,小地图,点击空白处取消,范围D固定前端可见文本
minimap.modal.title.memory,小地图,{mapName} · 本地记忆,范围D固定前端可见文本
minimap.modal.title.unlock,小地图,{mapName} · 已解锁图鉴,范围D固定前端可见文本
minimap.modal.toggle.collapse-short,小地图,收,范围D固定前端可见文本
minimap.modal.toggle.collapse-title,小地图,收起大地图,范围D固定前端可见文本
minimap.modal.toggle.open-short,小地图,展,范围D固定前端可见文本
minimap.modal.toggle.open-title,小地图,展开大地图,范围D固定前端可见文本
minimap.move-confirm.message,小地图,将角色移动至该坐标。实际能否抵达视路途障碍而定。,范围D固定前端可见文本
minimap.move-confirm.title,小地图,确认前往,范围D固定前端可见文本
minimap.overlay.title.memory,小地图,{mapName} · 记忆,范围D固定前端可见文本
minimap.overlay.title.unlock,小地图,{mapName} · 全图,范围D固定前端可见文本
minimap.overlay.toggle.hide-short,小地图,隐,范围D固定前端可见文本
minimap.overlay.toggle.hide-title,小地图,隐藏小地图,范围D固定前端可见文本
minimap.overlay.toggle.show-short,小地图,显,范围D固定前端可见文本
minimap.overlay.toggle.show-title,小地图,显示小地图,范围D固定前端可见文本
minimap.source.memory-only-title,小地图,当前地图只有本地记忆，未获得完整地图,范围D固定前端可见文本
minimap.source.memory-title,小地图,显示本地记忆地图,范围D固定前端可见文本
minimap.source.unlock-only-title,小地图,当前地图已解锁完整舆图,范围D固定前端可见文本
minimap.source.unlock-title,小地图,显示已解锁整图,范围D固定前端可见文本
guided-tour.action.finish,新手导览,完成,
guided-tour.action.next,新手导览,下一步,
guided-tour.action.prev,新手导览,上一步,
guided-tour.action.skip,新手导览,跳过,
guided-tour.action.wait-target,新手导览,点击高亮处,
guided-tour.flow.alchemy.title,新手导览,炼丹引导,
guided-tour.flow.cultivation.title,新手导览,修炼引导,
guided-tour.flow.force-attack.title,新手导览,强制攻击引导,
guided-tour.flow.mining.title,新手导览,挖矿引导,
guided-tour.flow.observe.title,新手导览,观察功能引导,
guided-tour.flow.sense-qi.title,新手导览,感气功能引导,
guided-tour.flow.starter.title,新手导览,基础界面导览,
guided-tour.list.close-hint,新手导览,点击空白处关闭,
guided-tour.list.empty,新手导览,暂无可用引导,
guided-tour.list.start,新手导览,重新引导,
guided-tour.list.step-count,新手导览,{count} 步,
guided-tour.list.subtitle,新手导览,选择一组引导重新播放。,
guided-tour.list.title,新手导览,引导,
guided-tour.progress.aria,新手导览,第 {current} / {total} 步,
guided-tour.progress.label,新手导览,{current}/{total},
guided-tour.step.action.body,新手导览,常用互动、技能、开关和通用操作都在行动栏。需要点目标的操作会先进入选择状态，再到地图上点目标。,
guided-tour.step.action.title,新手导览,行动栏执行操作,
guided-tour.step.alchemy-attr-panel.body,新手导览,炼丹入口在左侧修行卷的技艺页里。桌面端展开左侧，手机端先切到属性页。,
guided-tour.step.alchemy-attr-panel.title,新手导览,先看左侧修行卷,
guided-tour.step.alchemy-base-tab.body,新手导览,点击基础丹方，回到标准配方视图。新手优先用基础丹方确认材料和消耗。,
guided-tour.step.alchemy-base-tab.title,新手导览,回到基础丹方,
guided-tour.step.alchemy-craft-row.body,新手导览,这一行显示炼丹等级、经验进度和距离下一级还需经验。右侧打开按钮会进入炼丹操作界面。,
guided-tour.step.alchemy-craft-row.title,新手导览,找到炼丹,
guided-tour.step.alchemy-craft-tab.body,新手导览,点击技艺页，进入炼丹、炼器、强化、挖矿等技艺等级与入口列表。,
guided-tour.step.alchemy-craft-tab.title,新手导览,切换到技艺,
guided-tour.step.alchemy-custom-detail.body,新手导览,主药通常固定，辅药可以加减。系统会按当前投料重新计算成功率、耗时和是否满足完整丹方。,
guided-tour.step.alchemy-custom-detail.title,新手导览,自定义丹方说明,
guided-tour.step.alchemy-custom-tab.body,新手导览,自定义丹方允许调整辅药，用不同材料尝试满足五行需求。点击这里查看自定义投料区。,
guided-tour.step.alchemy-custom-tab.title,新手导览,切到自定义丹方,
guided-tour.step.alchemy-detail.body,新手导览,详情区会对比当前投料和标准需求。基础丹方按固定材料炼制，适合稳定生产。,
guided-tour.step.alchemy-detail.title,新手导览,查看丹方详情,
guided-tour.step.alchemy-minor-heal.body,新手导览,点击凡胎回春散后，右侧会显示等级、品阶、五行匹配、材料、耗时、成功率和单批产出。,
guided-tour.step.alchemy-minor-heal.title,新手导览,选择回春散,
guided-tour.step.alchemy-mortal-realm.body,新手导览,先按丹药适用阶段筛选。回春散是凡胎阶段的基础恢复丹药，点击凡胎分组。,
guided-tour.step.alchemy-mortal-realm.title,新手导览,选择凡胎,
guided-tour.step.alchemy-open.body,新手导览,点击炼丹这一行的打开按钮，进入对应的炼丹操作界面。,
guided-tour.step.alchemy-open.title,新手导览,打开炼丹,
guided-tour.step.alchemy-recovery-category.body,新手导览,再按用途筛选。回复药分组会收束到气血、灵力等恢复类丹药。,
guided-tour.step.alchemy-recovery-category.title,新手导览,选择回复药,
guided-tour.step.alchemy-start.body,新手导览,材料足够时，从这里开始炼制或加入技艺队列。按钮不可点时，先补齐材料或灵石。,
guided-tour.step.alchemy-start.title,新手导览,开始炼制,
guided-tour.step.alchemy-workbench.body,新手导览,左侧是技艺模式切换，右侧是当前炼丹内容。基础丹方和自定义丹方都在这里完成。,
guided-tour.step.alchemy-workbench.title,新手导览,炼丹操作界面,
guided-tour.step.cultivation-auto-card.body,新手导览,自动修炼会在空闲时尝试恢复修炼；修满切换可辅助轮换功法。按当前策略选择开启即可。,
guided-tour.step.cultivation-auto-card.title,新手导览,自动修炼选项,
guided-tour.step.cultivation-open-bag.body,新手导览,功法面板在行囊侧栏里。桌面端展开右侧，手机端先切到行囊页。,
guided-tour.step.cultivation-open-bag.title,新手导览,打开行囊侧栏,
guided-tour.step.cultivation-technique-card.body,新手导览,这里可以把某门功法设为主修。若按钮显示取消主修，说明当前已经有功法在修炼中。,
guided-tour.step.cultivation-technique-card.title,新手导览,选择主修功法,
guided-tour.step.cultivation-technique-tab.body,新手导览,修炼功法前，先进入功法页查看已学功法、领悟进度和主修按钮。,
guided-tour.step.cultivation-technique-tab.title,新手导览,切到功法,
guided-tour.step.cultivation-toggle-card.body,新手导览,这个开关控制是否进行闭关修炼。开启后每息获得境界修为和主修功法经验，移动、攻击等操作可能打断当前修炼状态。,
guided-tour.step.cultivation-toggle-card.title,新手导览,当前修炼开关,
guided-tour.step.cultivation-toggle-tab.body,新手导览,主修功法确定后，再回到行动栏开关页控制当前是否闭关修炼。,
guided-tour.step.cultivation-toggle-tab.title,新手导览,回到修炼开关,
guided-tour.step.force-attack-button.body,新手导览,点击后进入选目标状态。它不会自动找怪，需要你在地图上指定要攻击的目标。,
guided-tour.step.force-attack-button.title,新手导览,点击强制攻击,
guided-tour.step.force-attack-map.body,新手导览,在地图上点击视野内目标即可发起攻击。请注意玩家、怪物、建筑或阵法目标的可攻击规则不同。,
guided-tour.step.force-attack-map.title,新手导览,选择攻击目标,
guided-tour.step.force-attack-utility-tab.body,新手导览,强制攻击属于通用操作，用于主动选择目标发起攻击。,
guided-tour.step.force-attack-utility-tab.title,新手导览,切到通用页,
guided-tour.step.hud.body,新手导览,这里显示角色、境界、气血、灵力和突破入口。后续能突破时，按钮会出现在境界区域。,
guided-tour.step.hud.title,新手导览,先看自身状态,
guided-tour.step.inventory.body,新手导览,背包、装备、功法和任务都在这一侧。点击高亮按钮进入行囊页签。,
guided-tour.step.inventory.title,新手导览,打开行囊,
guided-tour.step.map-icons.body,新手导览,NPC 头顶出现任务标记时，! 表示可接任务，? 表示可交付，... 表示任务正在进行。传送点和楼梯用于跨地图，宝箱、草药、矿脉等资源点可以观察或交互，红色敌对目标通常会进入战斗。,
guided-tour.step.map-icons.title,新手导览,先看懂地图标记,
guided-tour.step.map.body,新手导览,点击可见地图格子可以移动或选择目标。战斗、采集、观察等指向性操作也会落在这里。,
guided-tour.step.map.title,新手导览,地图是主要行动区,
guided-tour.step.mining-basement-node.body,新手导览,进入旧屋矿窖后，移动到玄铁矿脉（10，9）附近。挖矿按钮只会在附近存在可见矿脉时出现，找不到按钮时先继续靠近或观察目标格。,
guided-tour.step.mining-basement-node.title,新手导览,靠近玄铁矿脉,
guided-tour.step.mining-button.body,新手导览,看到挖矿行动时，点击它进入矿脉选择状态。若当前没有这个按钮，说明附近没有可采的可见矿脉。,
guided-tour.step.mining-button.title,新手导览,点击挖矿,
guided-tour.step.mining-clear-stone.body,新手导览,石头和矿脉都属于可受损地块。选中石头后使用强制攻击或可用的采掘操作，服务端会按地块耐久结算；石头被破坏后路线才会打开。,
guided-tour.step.mining-clear-stone.title,新手导览,清掉门口石头,
guided-tour.step.mining-map.body,新手导览,移动到矿脉附近后，在地图上选择可见矿脉格即可开始采集。挖矿按钮随位置和可见目标动态出现。,
guided-tour.step.mining-map.title,新手导览,选择矿脉格,
guided-tour.step.mining-quest-tab.body,新手导览,带挖矿引导的任务详情里会出现“打开引导”和“前往目标”。任务导航负责找当前任务地点；本引导用云来镇旧屋矿窖演示入门挖矿路线。,
guided-tour.step.mining-quest-tab.title,新手导览,先从任务定位入口,
guided-tour.step.mining-skill-tab.body,新手导览,挖矿是需要附近有矿脉时出现的采集行动。先进入行动栏的技能页。,
guided-tour.step.mining-skill-tab.title,新手导览,切到技能页,
guided-tour.step.mining-town-entrance.body,新手导览,云来镇旧屋矿窖入口地标在（42，17）附近，实际楼梯传送点在（38，14）。如果门口石头挡住路线，先在地图上选中石头目标处理掉，再靠近楼梯。,
guided-tour.step.mining-town-entrance.title,新手导览,到云来镇矿井前,
guided-tour.step.mining-use-portal.body,新手导览,点击楼梯传送点会自动寻路；角色站到传送点后会进入云来镇·旧屋矿窖。传送和落点仍由服务端处理，导览不会替你跨图。,
guided-tour.step.mining-use-portal.title,新手导览,踩上传送楼梯,
guided-tour.step.observe-action-panel.body,新手导览,观察是指向地图格子的通用操作，先打开行动栏。,
guided-tour.step.observe-action-panel.title,新手导览,打开行动栏,
guided-tour.step.observe-button.body,新手导览,点击观察后会进入选格状态，不会立刻消耗资源。接着到地图上选择要查看的格子。,
guided-tour.step.observe-button.title,新手导览,点击观察,
guided-tour.step.observe-map.body,新手导览,观察可以查看视野内格子的地形、资源、建筑或实体信息。选中目标后，详情会在界面中弹出。,
guided-tour.step.observe-map.title,新手导览,在地图上选格,
guided-tour.step.observe-utility-tab.body,新手导览,通用页放置观察、强制攻击、返回复活点等不属于普通技能的操作。,
guided-tour.step.observe-utility-tab.title,新手导览,切到通用页,
guided-tour.step.sense-qi-card.body,新手导览,点击感气开关后，地图会显示可感知的灵气、魔气、煞气等气机线索。,
guided-tour.step.sense-qi-card.title,新手导览,开启感气,
guided-tour.step.sense-qi-map.body,新手导览,开启后回到地图查看气机叠层。不同地点的灵气、阵法、地块状态会影响后续判断。,
guided-tour.step.sense-qi-map.title,新手导览,观察地图气机,
guided-tour.step.sense-qi-toggle-tab.body,新手导览,感气是显示类开关，先进入行动栏的开关页。,
guided-tour.step.sense-qi-toggle-tab.title,新手导览,切到开关页,
guided-tour.step.tutorial.body,新手导览,不清楚系统规则时，可以从这里打开百科。导览完成后也能从设置或调试入口重新打开。,
guided-tour.step.tutorial.title,新手导览,百科随时可查,
action.attack-intensity.option,行动,{value} 成,
action.attack-intensity.title,行动,出手力度,
action.card.skill-type,行动,[技能],
action.combat-settings.auto-pills.condition.add-buff-missing,行动,添加效果未生效条件,
action.combat-settings.auto-pills.condition.add-hp,行动,添加生命条件,
action.combat-settings.auto-pills.condition.add-qi,行动,添加灵力条件,
action.combat-settings.auto-pills.condition.buff-missing,行动,当前药品效果未生效时使用,
action.combat-settings.auto-pills.condition.copy,行动,满足全部条件时才会尝试服用。,
action.combat-settings.auto-pills.condition.dialog-copy,行动,{name} 的自动条件,
action.combat-settings.auto-pills.condition.dialog-title,行动,条件设置,
action.combat-settings.auto-pills.condition.empty,行动,还没有设置任何触发条件。,
action.combat-settings.auto-pills.condition.no-item,行动,当前槽位还没有选择药品，无法设置条件。,
action.combat-settings.auto-pills.condition.none,行动,未设置条件，不会自动使用。,
action.combat-settings.auto-pills.condition.op.gt,行动,高于,
action.combat-settings.auto-pills.condition.op.lt,行动,低于,
action.combat-settings.auto-pills.condition.remove,行动,移除,
action.combat-settings.auto-pills.condition.resource-ratio,行动,当前{resource}{op} {thresholdPct}%,
action.combat-settings.auto-pills.condition.resource.hp,行动,血量,
action.combat-settings.auto-pills.condition.resource.qi,行动,灵力,
action.combat-settings.auto-pills.condition.title,行动,触发条件,
action.combat-settings.auto-pills.effect.baseline-heal-amount,行动,恢复气血 {value},
action.combat-settings.auto-pills.effect.baseline-heal-percent,行动,恢复标准生命 {value}%,
action.combat-settings.auto-pills.effect.baseline-qi-amount,行动,恢复灵力 {value},
action.combat-settings.auto-pills.effect.baseline-qi-percent,行动,恢复标准灵力 {value}%,
action.combat-settings.auto-pills.effect.buff-fallback,行动,增益,
action.combat-settings.auto-pills.effect.buffs,行动,附带 {buffs},
action.combat-settings.auto-pills.effect.fallback,行动,效果以物品真源配置为准。,
action.combat-settings.auto-pills.effect.heal-amount,行动,恢复气血 {value},
action.combat-settings.auto-pills.effect.heal-percent,行动,恢复生命 {value}%,
action.combat-settings.auto-pills.effect.qi-percent,行动,恢复灵力 {value}%,
action.combat-settings.auto-pills.picker.clear-slot,行动,清空槽位,
action.combat-settings.auto-pills.picker.copy,行动,悬停可查看和背包一致的物品详情，点击后直接放入当前槽位。,
action.combat-settings.auto-pills.picker.empty,行动,当前没有可选的自动服用丹药。,
action.combat-settings.auto-pills.picker.title,行动,选择药品,
action.combat-settings.auto-pills.slot.conditions,行动,条件,
action.combat-settings.auto-pills.slot.current,行动,当前槽位,
action.combat-settings.auto-pills.slot.empty,行动,空槽,
action.combat-settings.auto-pills.slot.unset,行动,未设置药品,
action.combat-settings.confirm-discard,行动,战斗设置里有未应用的改动，关闭后会丢失这些改动。确定关闭吗？,
action.combat-settings.pill.missing-inventory-desc,行动,这是已选中的自动丹药条目，背包里暂时没有同名物品，仍保留原配置用于预览。,
action.combat-settings.pill.tooltip.condition,行动,自动条件：{summary},
action.combat-settings.subtitle,行动,备丹 {pillCount}种 · {tabLabel},
action.combat-settings.tab.auto-pills,行动,备丹,
action.combat-settings.tab.targeting,行动,目标选择,
action.combat-settings.targeting.friendly.all-players.label,行动,所有修士,
action.combat-settings.targeting.friendly.all-players.summary,行动,把所有修士都纳入友方目标。,
action.combat-settings.targeting.friendly.copy,行动,勾选后，这些单位会被你视为友方目标，可多选组合。,
action.combat-settings.targeting.friendly.non-hostile-players.label,行动,非敌修士,
action.combat-settings.targeting.friendly.non-hostile-players.summary,行动,把当前不属于敌对范围的修士视为友方目标。,
action.combat-settings.targeting.friendly.party.label,行动,队伍,
action.combat-settings.targeting.friendly.party.summary,行动,把同队成员纳入治疗与友方增益的可选目标。,
action.combat-settings.targeting.friendly.retaliators.label,行动,仇敌,
action.combat-settings.targeting.friendly.retaliators.summary,行动,把主动攻击过你的玩家也纳入友方目标。,
action.combat-settings.targeting.friendly.title,行动,友方判定,
action.combat-settings.targeting.hostile.all-players.label,行动,所有修士,
action.combat-settings.targeting.hostile.all-players.summary,行动,把所有修士都纳入敌方目标。,
action.combat-settings.targeting.hostile.copy,行动,勾选后，这些单位会被你视为敌方目标，可多选组合。,
action.combat-settings.targeting.hostile.demonized-players.label,行动,入魔者,
action.combat-settings.targeting.hostile.demonized-players.summary,行动,把煞气入体超过 20 层的入魔者纳入敌方目标。,
action.combat-settings.targeting.hostile.monster.label,行动,妖兽,
action.combat-settings.targeting.hostile.monster.summary,行动,把妖兽视为敌方目标。,
action.combat-settings.targeting.hostile.party.label,行动,队伍,
action.combat-settings.targeting.hostile.party.summary,行动,仅当队长已开启全队友伤时，把同队成员纳入你的主动攻击与自动战斗目标。,
action.combat-settings.targeting.hostile.retaliators.label,行动,仇敌,
action.combat-settings.targeting.hostile.retaliators.summary,行动,把主动攻击过你的玩家纳入敌方目标。,
action.combat-settings.targeting.hostile.terrain.label,行动,地形,
action.combat-settings.targeting.hostile.terrain.summary,行动,把墙体、山崖、容器等场景地形纳入敌方目标。,
action.combat-settings.targeting.hostile.title,行动,敌对判定,
action.combat-settings.targeting.title,行动,目标判定,
action.combat-settings.title,行动,战斗设置,
action.combat-settings.toggle-aoe,行动,全体攻击,
action.cooldown,行动,冷却 {ticks} 息,
action.cooldown.left,行动,冷却 {ticks} 息,
action.empty-hint,行动,暂无可用行动,
action.empty.current-group,行动,当前分组暂无内容,
action.empty.no-actions,行动,暂无可用行动,
action.range,行动,射程 {range},
action.sect.fallback.current-leader,行动,当前宗主,缺失 key 自动补齐
action.sect.fallback.unknown-applicant,行动,未知申请人,缺失 key 自动补齐
action.sect.fallback.unknown-member,行动,未知成员,缺失 key 自动补齐
action.sect.manage.action.dissolve,行动,解散宗门,
action.sect.manage.action.inject-aura,行动,灌注灵力,
action.sect.manage.action.leave,行动,离开宗门,
action.sect.manage.action.update-role,行动,修改职位,
action.sect.manage.aria,行动,宗门管理,
action.sect.manage.confirm.dissolve,行动,确认解散宗门？该操作会移除所有成员关系。,
action.sect.manage.confirm.leave,行动,确认离开宗门？离开后需要重新递交拜帖并通过审批才能入宗。,
action.sect.manage.confirm.member-remove.body,行动,确定将 {memberName}（{roleName}）逐出宗门吗？确认后对方会立即失去宗门身份与全部宗门权限。,
action.sect.manage.confirm.member-remove.button,行动,确认逐出,
action.sect.manage.confirm.member-remove.title,行动,确认逐出宗门,
action.sect.manage.confirm.member-role.body,行动,确定将 {memberName} 从 {currentRole} 调整为 {nextRole} 吗？确认后宗门权限会立即按新职位生效。,
action.sect.manage.confirm.member-role.button,行动,确认修改,
action.sect.manage.confirm.member-role.title,行动,确认修改职位,
action.sect.manage.domain.copy,行动,宗门地图初始为 3x3 空地，边界石头被挖穿后只沿对应方向继续显化；石头耐久按距核心圈层翻倍，核心周围自带固脉。,
action.sect.manage.domain.region,行动,显化地域 {region},
action.sect.manage.domain.title,行动,宗门地脉,
action.sect.manage.fallback.domain,行动,未知,
action.sect.manage.fallback.guardian-aura,行动,0,
action.sect.manage.fallback.guardian-status,行动,未知,
action.sect.manage.fallback.leader,行动,当前宗主,
action.sect.manage.fallback.mark,行动,宗,
action.sect.manage.fallback.name,行动,本宗,
action.sect.manage.fallback.realm,行动,未知境界,
action.sect.manage.guardian.apply-strength,行动,应用强度,
action.sect.manage.guardian.aura,行动,当前资源 {aura},
action.sect.manage.guardian.control-strength,行动,控制强度,
action.sect.manage.guardian.copy,行动,调整控制强度会改变护宗大阵减伤和每日灵石消耗；当前灵力与剩余灵石不会因调整强度被重置。,
action.sect.manage.guardian.core,行动,阵眼位于宗门核心,
action.sect.manage.guardian.cost,行动,灵力消耗,
action.sect.manage.guardian.current-qi,行动,当前灵力 {qi},
action.sect.manage.guardian.current-reduction,行动,当前减伤 {reduction},
action.sect.manage.guardian.current-stones,行动,剩余灵石 {stones},
action.sect.manage.guardian.daily-stone-cost,行动,每日灵石衰减,
action.sect.manage.guardian.guard,行动,护持山门,
action.sect.manage.guardian.inject-qi,行动,灵力注入,
action.sect.manage.guardian.inject-stones,行动,灵石注入,
action.sect.manage.guardian.inject-stones-short,行动,投入灵石,
action.sect.manage.guardian.no-permission,行动,无权,
action.sect.manage.guardian.remaining-days,行动,预计可维持 {days},
action.sect.manage.guardian.state-off,行动,关闭,
action.sect.manage.guardian.state-on,行动,开启,
action.sect.manage.guardian.status,行动,状态 {status},
action.sect.manage.guardian.title,行动,护宗大阵,
action.sect.manage.guardian.toggle,行动,启闭大阵,
action.sect.manage.manage.application-type,行动,拜帖,
action.sect.manage.manage.applications-empty,行动,暂无待审批拜帖。,
action.sect.manage.manage.applications-load-failed,行动,拜帖加载失败，请重试。,
action.sect.manage.manage.applications-loading,行动,正在加载拜帖…,
action.sect.manage.manage.applications-search-empty,行动,没有符合搜索条件的待审批拜帖。,
action.sect.manage.manage.approve,行动,准入,
action.sect.manage.manage.column.actions,行动,操作,
action.sect.manage.manage.column.applicant,行动,申请人,
action.sect.manage.manage.column.time,行动,递交时间,
action.sect.manage.manage.column.type,行动,类型,
action.sect.manage.manage.dissolve-title,行动,宗门解散,
action.sect.manage.manage.go-guardian,行动,前往大阵,
action.sect.manage.manage.guardian-title,行动,护宗大阵,
action.sect.manage.manage.leave-title,行动,离开宗门,
action.sect.manage.manage.page-meta,行动,共 {total} 条，第 {page} / {totalPages} 页,
action.sect.manage.manage.page-next,行动,下一页,
action.sect.manage.manage.page-prev,行动,上一页,
action.sect.manage.manage.pending,行动,待审批,
action.sect.manage.manage.reject,行动,退回,
action.sect.manage.manage.retry,行动,重试,
action.sect.manage.manage.review-title,行动,入宗审批,
action.sect.manage.manage.search-aria,行动,搜索待审批申请人,
action.sect.manage.manage.search-placeholder,行动,搜索申请人姓名,
action.sect.manage.manage.title,行动,宗门事务,
action.sect.manage.manage.transfer-empty,行动,暂无可转让成员。,
action.sect.manage.manage.transfer-title,行动,宗门转让,
action.sect.manage.manage.transfer-to,行动,转让给 {name},
action.sect.manage.member.remove,行动,移除,
action.sect.manage.member.self-role,行动,当前角色,
action.sect.manage.members.column.contrib,行动,贡献,
action.sect.manage.members.column.member,行动,成员,
action.sect.manage.members.column.realm,行动,境界,
action.sect.manage.members.column.role,行动,职位,
action.sect.manage.members.column.status,行动,状态,
action.sect.manage.members.column.week-contrib,行动,周贡献,
action.sect.manage.members.empty,行动,暂无更多成员。,
action.sect.manage.members.title,行动,宗门成员,
action.sect.manage.notice,行动,{name} 已开宗立派。,
action.sect.manage.overview.actions.domain,行动,宗门地脉,
action.sect.manage.overview.actions.guardian,行动,护宗大阵,
action.sect.manage.overview.actions.members,行动,成员名册,
action.sect.manage.overview.actions.roles,行动,职位权限,
action.sect.manage.overview.leader,行动,宗主 {leaderName},
action.sect.manage.overview.level,行动,Lv.1,
action.sect.manage.overview.manage,行动,管理事务,
action.sect.manage.overview.mark,行动,印记 {mark},
action.sect.manage.overview.members,行动,成员 {memberCount},
action.sect.manage.role.assignable,行动,可任命,
action.sect.manage.role.unassignable,行动,不可任命,
action.sect.manage.roles.copy,行动,只有宗主可以编辑普通职位权限；太上长老由宗主任命并固定拥有全部六项职位权限。,
action.sect.manage.roles.title,行动,宗门职位,
action.sect.manage.sidebar.aria,行动,宗门管理页签,
action.sect.manage.sidebar.title,行动,管理,
action.sect.manage.stat.domain,行动,显化地域,
action.sect.manage.stat.leader,行动,宗主,
action.sect.manage.stat.mark,行动,宗门印记,
action.sect.manage.stat.members,行动,宗门成员,
action.sect.manage.subtitle,行动,{name} · 印记 {mark},
action.sect.manage.summary.domain,行动,地域 {domain},
action.sect.manage.summary.guardian,行动,大阵 {status},
action.sect.manage.summary.mark,行动,印记 {mark},
action.sect.manage.tab.domain,行动,宗门地脉,
action.sect.manage.tab.guardian,行动,宗门大阵,
action.sect.manage.tab.manage,行动,宗门事务,
action.sect.manage.tab.members,行动,宗门成员,
action.sect.manage.tab.overview,行动,基础信息,
action.sect.manage.tab.roles,行动,宗门职位,
action.sect.manage.title,行动,宗门管理,
action.sect.permission.building-create,行动,建造,
action.sect.permission.building-remove,行动,拆除,
action.sect.permission.guardian,行动,护宗大阵,缺失 key 自动补齐
action.sect.permission.member-approve,行动,同意入宗,
action.sect.permission.member-remove,行动,逐出宗门,缺失 key 自动补齐
action.sect.permission.member-role,行动,修改职位,缺失 key 自动补齐
action.sect.role.deputy,行动,副宗主,缺失 key 自动补齐
action.sect.role.elder,行动,长老,缺失 key 自动补齐
action.sect.role.inner,行动,内门,缺失 key 自动补齐
action.sect.role.labor,行动,杂役,缺失 key 自动补齐
action.sect.role.leader,行动,宗主,缺失 key 自动补齐
action.sect.role.outer,行动,外门,缺失 key 自动补齐
action.sect.role.supreme-elder,行动,太上长老,缺失 key 自动补齐
action.sect.status.offline,行动,离线,缺失 key 自动补齐
action.sect.status.online,行动,在线,缺失 key 自动补齐
action.section.toggle,行动,开关,
action.section.utility,行动,行动,
action.shortcut.badge,行动,键 {key},
action.shortcut.bind,行动,绑定键,
action.shortcut.binding,行动,按键中,
action.shortcut.meta,行动,· 快捷键 {key},
action.shortcut.rebind,行动,改键 {key},
action.skill-affinity.utility.label,行动,辅助,
action.skill-affinity.utility.title,行动,辅助型技能,
action.skill-preset.action.apply-selected,行动,套用选中,缺失 key 自动补齐
action.skill-preset.action.clear-input,行动,清空输入,缺失 key 自动补齐
action.skill-preset.action.copy-selected,行动,复制选中,缺失 key 自动补齐
action.skill-preset.action.delete-selected,行动,删除选中,缺失 key 自动补齐
action.skill-preset.action.export-all,行动,导出全部,缺失 key 自动补齐
action.skill-preset.action.export-selected,行动,导出选中,缺失 key 自动补齐
action.skill-preset.action.import-local,行动,导入到本地,缺失 key 自动补齐
action.skill-preset.action.overwrite-selected,行动,覆盖选中,缺失 key 自动补齐
action.skill-preset.action.read-file,行动,读取文件,缺失 key 自动补齐
action.skill-preset.action.save-current,行动,保存当前,缺失 key 自动补齐
action.skill-preset.compatibility.none,行动,暂无兼容问题,缺失 key 自动补齐
action.skill-preset.confirm.delete,行动,确定删除技能方案「{name}」吗？,缺失 key 自动补齐
action.skill-preset.default-base-name,行动,技能方案,缺失 key 自动补齐
action.skill-preset.default-datetime-name,行动,技能方案 {month}-{day} {hour}:{minute},缺失 key 自动补齐
action.skill-preset.default-indexed-name,行动,技能方案 {index},缺失 key 自动补齐
action.skill-preset.enabled-summary,行动,已启用 {slotSummary},缺失 key 自动补齐
action.skill-preset.export.list-copy,行动,可导出单个方案或整个本地列表,缺失 key 自动补齐
action.skill-preset.export.selected-copy,行动,导出内容只包含技能 id 顺序和自动/手动标记,缺失 key 自动补齐
action.skill-preset.import.copy,行动,支持导入键值文本，也兼容之前的 JSON 分享数据。若名称重复，会自动在本地追加编号。,缺失 key 自动补齐
action.skill-preset.import.placeholder,行动,"粘贴技能方案文本，例如：
v=3
p=日常刷图
s=fireball,1
s=guard,0",缺失 key 自动补齐
action.skill-preset.import.rule,行动,支持键值文本和旧 JSON；名称重复时会自动追加编号。,缺失 key 自动补齐
action.skill-preset.import.summary,行动,当前文本约 {lines} 行 / {bytes} 字节，导入后会保存在当前浏览器。,缺失 key 自动补齐
action.skill-preset.import.title,行动,导入数据,缺失 key 自动补齐
action.skill-preset.list.empty-hint,行动,先保存一份当前技能方案，再进行导出或分享。,缺失 key 自动补齐
action.skill-preset.list.empty-meta,行动,当前还没有保存任何方案,缺失 key 自动补齐
action.skill-preset.list.sorted-copy,行动,列表从上到下按最近保存排序,缺失 key 自动补齐
action.skill-preset.list.title,行动,本地方案列表,缺失 key 自动补齐
action.skill-preset.name.duplicate-resolved,行动,名称重复，将保存为：{name},缺失 key 自动补齐
action.skill-preset.name.empty-after-trim,行动,当前输入在清理空白后为空，请换一个方案名。,缺失 key 自动补齐
action.skill-preset.name.placeholder,行动,输入方案名,缺失 key 自动补齐
action.skill-preset.name.rule,行动,最多 {max} 个字符；只记录当前已启用技能的顺序，以及它们是自动还是手动。,缺失 key 自动补齐
action.skill-preset.name.will-save,行动,将保存为：{name},缺失 key 自动补齐
action.skill-preset.save-layout.copy,行动,只记录当前已启用技能的顺序，以及它们是自动还是手动。未写进方案的技能会视为禁用，只保存在当前浏览器。导入时会自动忽略不存在的技能，并把你当前多出来的技能保留在禁用区。,缺失 key 自动补齐
action.skill-preset.save-layout.title,行动,保存当前技能布局,缺失 key 自动补齐
action.skill-preset.selected.empty,行动,还没有选中任何技能方案。,缺失 key 自动补齐
action.skill-preset.selected.none,行动,未选择方案,缺失 key 自动补齐
action.skill-preset.selected.title,行动,选中方案,缺失 key 自动补齐
action.skill-preset.status.applied,行动,已套用技能方案「{name}」。缺失或多出的技能已按当前列表兼容处理。,缺失 key 自动补齐
action.skill-preset.status.clipboard-unsupported,行动,当前浏览器不支持直接复制，请改用导出文件。,缺失 key 自动补齐
action.skill-preset.status.copied,行动,已复制技能方案「{name}」。,缺失 key 自动补齐
action.skill-preset.status.copy-failed,行动,复制失败，请改用导出文件。,缺失 key 自动补齐
action.skill-preset.status.deleted,行动,已删除技能方案「{name}」。,缺失 key 自动补齐
action.skill-preset.status.exported,行动,已导出技能方案「{name}」。,缺失 key 自动补齐
action.skill-preset.status.exported-all,行动,已导出全部 {count} 个技能方案。,缺失 key 自动补齐
action.skill-preset.status.file-read,行动,已读取技能方案文件「{fileName}」。,缺失 key 自动补齐
action.skill-preset.status.file-read-failed,行动,读取技能方案文件失败，请改用复制粘贴导入。,缺失 key 自动补齐
action.skill-preset.status.import-empty,行动,请先粘贴要导入的技能方案数据。,缺失 key 自动补齐
action.skill-preset.status.import-invalid,行动,技能方案数据格式无效，请检查键值文本后重试。,缺失 key 自动补齐
action.skill-preset.status.import-no-valid,行动,导入数据里没有找到可用的技能方案。,缺失 key 自动补齐
action.skill-preset.status.imported,行动,已导入 {count} 个技能方案。,缺失 key 自动补齐
action.skill-preset.status.name-required,行动,请先输入方案名。,缺失 key 自动补齐
action.skill-preset.status.no-savable-skills,行动,当前没有可保存的技能。,缺失 key 自动补齐
action.skill-preset.status.overwritten,行动,已覆盖技能方案「{name}」。,缺失 key 自动补齐
action.skill-preset.status.saved,行动,已保存技能方案「{name}」。,缺失 key 自动补齐
action.skill-preset.status.select-first,行动,请先选择一个技能方案。,缺失 key 自动补齐
action.skill-preset.subtitle,行动,已保存 {presetCount} 个方案，当前可记录 {skillCount} 个技能,缺失 key 自动补齐
action.skill-preset.summary.compatibility,行动,匹配 {matched}/{total} 个技能，当前另有 {currentOnly} 个技能不在方案内,缺失 key 自动补齐
action.skill-preset.summary.recorded,行动,记录 {count} 个技能，自动 {auto} 个，手动 {manual} 个,缺失 key 自动补齐
action.skill-preset.title,行动,技能方案,
action.skill.auto-state.disabled,行动,自行已止,
action.skill.auto-state.enabled,行动,自行运转中,
action.skill.auto-toggle.off,行动,自动 关,
action.skill.auto-toggle.on,行动,自动 开,
action.skill.empty.auto,行动,当前没有启用自动战斗的技能,
action.skill.empty.manual,行动,当前没有仅手动触发的技能,
action.skill.hint.auto,行动,自动战斗会按列表从上到下尝试已启用技能，可直接拖拽调整优先级。当前已启用 {slotSummary}。,
action.skill.hint.manual,行动,这里的技能不会参与自动战斗，但仍可手动点击或使用绑定键触发。当前已启用 {slotSummary}。,
action.skill.manage,行动,技能管理,
action.skill.manage.bulk.auto,行动,当前过滤全部自动,
action.skill.manage.bulk.auto-label,行动,切到自动,
action.skill.manage.bulk.disabled,行动,当前过滤全部禁用,
action.skill.manage.bulk.disabled-label,行动,批量禁用,
action.skill.manage.bulk.done,行动,已对当前过滤命中的 {count} 项技能执行“{label}”。,
action.skill.manage.bulk.empty,行动,当前过滤结果里没有可批量调整的技能。,
action.skill.manage.bulk.enabled,行动,当前过滤全部启用,
action.skill.manage.bulk.enabled-label,行动,批量启用,
action.skill.manage.bulk.manual,行动,当前过滤全部手动,
action.skill.manage.bulk.manual-label,行动,切到手动,
action.skill.manage.confirm-discard,行动,技能管理有未应用的改动，关闭后会丢失这些改动。确定关闭吗？,
action.skill.manage.empty.auto,行动,当前过滤下没有自动技能。,
action.skill.manage.empty.disabled,行动,当前过滤下没有禁用技能。,
action.skill.manage.empty.manual,行动,当前过滤下没有手动技能。,
action.skill.manage.empty.with-filter,行动,{base} 可以先清空过滤标签，再继续批量调整。,
action.skill.manage.filter.all,行动,全部技能,
action.skill.manage.filter.aoe,行动,群攻,
action.skill.manage.filter.close,行动,收起过滤,
action.skill.manage.filter.copy,行动,同类标签可同时选中；若某一类开了多个，则按该类任意命中处理。,
action.skill.manage.filter.melee,行动,近战,
action.skill.manage.filter.open,行动,过滤,
action.skill.manage.filter.physical,行动,物理,
action.skill.manage.filter.ranged,行动,远程,
action.skill.manage.filter.single,行动,单体,
action.skill.manage.filter.spell,行动,法术,
action.skill.manage.filter.tags,行动,过滤标签,
action.skill.manage.filter.title,行动,过滤技能,
action.skill.manage.hint.auto,行动,这里显示会参与自动战斗的技能，可继续用过滤条件缩小范围后批量调整。当前已启用 {slotSummary}。,
action.skill.manage.hint.disabled,行动,这里是未启用的技能，重新打开“启用”后，技能会按当前自动状态回到自动或手动列表。当前已启用 {slotSummary}。,
action.skill.manage.hint.drag,行动,自动战斗会按列表从上到下尝试技能，当前可直接拖拽，或用上移、下移调整优先级。当前已启用 {slotSummary}，超过上限会自动禁用末位技能。,
action.skill.manage.hint.manual,行动,这里显示仅手动触发的技能，可通过过滤快速圈定一组技能再批量切换。当前已启用 {slotSummary}。,
action.skill.manage.hint.sorted,行动,当前列表已按选定规则显示；切回“当前顺位”或点顶部“应用”时，会把当前结果写回真实顺位。当前已启用 {slotSummary}。,
action.skill.manage.metric.damage,行动,伤害 {value},
action.skill.manage.metric.damage-unknown,行动,伤害 未知,
action.skill.manage.metric.qi-cost,行动,蓝耗 {value},
action.skill.manage.move-down,行动,下移,
action.skill.manage.move-up,行动,上移,
action.skill.manage.scope.all,行动,过滤 全部 {count} 项,
action.skill.manage.scope.filtered,行动,过滤 {filteredCount}/{totalCount} 项,
action.skill.manage.scope.sort,行动,排序 {sortField},
action.skill.manage.scope.sort-detailed,行动,排序 {sortField} · {sortDirection} · 展示 {visibleCount} 项,
action.skill.manage.skill-enabled.disabled,行动,技能已禁用,
action.skill.manage.skill-enabled.enabled,行动,技能已启用,
action.skill.manage.sort.close,行动,收起排序,
action.skill.manage.sort.copy.custom,行动,当前顺位模式下，自动页签可直接拖拽，或用上移、下移调整优先级。,
action.skill.manage.sort.copy.disabled,行动,禁用页签只提供查看与筛选；重新启用后，技能会按原自动状态回到自动或手动列表。,
action.skill.manage.sort.copy.sorted,行动,当前列表会按选定规则显示；切回“当前顺位”或点顶部“应用”时，会把当前结果写回真实顺位。,
action.skill.manage.sort.direction-title,行动,排序方向,
action.skill.manage.sort.direction.asc,行动,正序,
action.skill.manage.sort.direction.desc,行动,倒序,
action.skill.manage.sort.done,行动,已按“{sortLabel} · {sortDirection}”重写当前顺位。,
action.skill.manage.sort.error.not-enough,行动,当前可见技能不足 2 项，无法应用新的顺位。,
action.skill.manage.sort.error.unsupported,行动,当前页签或排序模式不支持把排序结果写回技能顺位。,
action.skill.manage.sort.field-title,行动,排序字段,
action.skill.manage.sort.field.actual-damage,行动,伤害,缺失 key 自动补齐
action.skill.manage.sort.field.cooldown,行动,冷却,
action.skill.manage.sort.field.custom,行动,当前顺位,
action.skill.manage.sort.field.qi-cost,行动,蓝耗,缺失 key 自动补齐
action.skill.manage.sort.field.range,行动,距离,
action.skill.manage.sort.field.target-count,行动,目标,缺失 key 自动补齐
action.skill.manage.sort.open,行动,排序,
action.skill.manage.sort.title,行动,排序方式,
action.skill.manage.subtitle,行动,已学技能 {skillCount} 项 · 已启用 {slotSummary} · 当前过滤 {filteredCount} 项,
action.skill.manage.summary.auto,行动,自动 {count} 项,
action.skill.manage.summary.disabled,行动,禁用 {count} 项,
action.skill.manage.summary.enabled,行动,已启用 {slotSummary},
action.skill.manage.summary.filtered,行动,当前过滤 {count} 项,
action.skill.manage.summary.manual,行动,手动 {count} 项,
action.skill.manage.tab.disabled,行动,禁用,
action.skill.manage.toggle.auto,行动,自动 {state},
action.skill.manage.toggle.enabled,行动,启用 {state},
action.skill.order,行动,顺位 {order},
action.skill.section-title,行动,技能 · {slotSummary},
action.skill.tab.auto,行动,自动,
action.skill.tab.manual,行动,手动,
action.static.alchemy-open.desc,行动,打开炼丹菜单；未装备丹炉时可以炼制，但不会获得丹炉加成。,
action.static.alchemy-open.name,行动,炼丹,
action.static.allow-aoe-player-hit.desc,行动,控制群体攻击是否会误伤其他玩家。,
action.static.allow-aoe-player-hit.name,行动,全体攻击,
action.static.auto-battle.desc,行动,自动追击附近妖兽并释放技能，可随时切换开关。,
action.static.auto-battle.name,行动,自动战斗,
action.static.auto-idle-cultivation.desc,行动,控制角色闲置一段时间后是否自动开始修炼。,
action.static.auto-idle-cultivation.name,行动,闲置自动修炼,
action.static.auto-retaliate.desc,行动,控制被攻击时是否自动开战。,
action.static.auto-retaliate.name,行动,自动反击,
action.static.auto-switch-cultivation.desc,行动,控制主修功法圆满后是否自动切到下一门未圆满功法。,
action.static.auto-switch-cultivation.name,行动,修满自动切换,
action.static.building-open.desc,行动,打开营造菜单；未装备建造锤时可以建造，但不会获得建造工具加成。,
action.static.building-open.name,行动,营造,
action.static.cultivation-toggle.desc,行动,切换角色修炼状态；没有主修时只推进境界修为。,
action.static.cultivation-toggle.name,行动,当前修炼,
action.static.enhancement-open.desc,行动,打开强化菜单；未装备强化锤时可以强化，但不会获得强化锤加成。,
action.static.enhancement-open.name,行动,强化,
action.static.force-attack.desc,行动,无视自动索敌限制，直接锁定你选中的目标发起攻击。,
action.static.force-attack.name,行动,强制攻击,
action.static.forging-open.desc,行动,打开炼器菜单；未装备炼器工具时可以炼制，但不会获得工具加成。,
action.static.forging-open.name,行动,炼器,
action.static.return-spawn.desc,行动,催动归引灵符，遁返回 云来镇，之后需调息 1800 息。,
action.static.return-spawn.name,行动,遁返,
action.static.sect-exit.desc,行动,返回宗门山门入口，不会退出宗门成员关系。,
action.static.sect-exit.name,行动,离开宗门领地,
action.static.sect-manage.desc,行动,打开当前宗门的管理界面。,
action.static.sect-manage.name,行动,管理宗门,
action.static.sense-qi.desc,行动,切换感气视角，观察地块灵气层次与变化。,
action.static.sense-qi.name,行动,感气视角,
action.static.stationary-battle.desc,行动,控制自动战斗时是否原地输出，还是按射程追击目标。,
action.static.stationary-battle.name,行动,原地战斗,
action.static.transmission-open.desc,行动,打开传法菜单，查看未领悟功法并向附近玩家传授自创功法。,
action.static.transmission-open.name,行动,传法,
action.static.wang-qi.desc,行动,借铜罗盘观察房间风水，低于平衡偏红，高于平衡偏绿。,
action.static.wang-qi.name,行动,望气,
action.switch.aoe-player-hit,行动,全体攻击,
action.switch.auto-battle,行动,自动战斗,
action.switch.auto-idle-cultivation,行动,闲置自动修炼,
action.switch.auto-retaliate,行动,自动反击,
action.switch.auto-switch-cultivation,行动,修满自动切换,
action.switch.cultivation-active,行动,当前修炼,
action.switch.sense-qi,行动,感气视角,
action.switch.stationary,行动,原地战斗,
action.tab.dialogue,行动,交互,
action.tab.skill,行动,技能,
action.tab.toggle,行动,开关,
action.tab.utility,行动,行动,
action.targeting-plan.current.title,行动,当前方案,
action.targeting-plan.mode.auto.label,行动,自动,
action.targeting-plan.mode.auto.summary,行动,保持默认判定。,
action.targeting-plan.mode.boss.label,行动,首领,
action.targeting-plan.mode.boss.summary,行动,优先锁定首领目标。,
action.targeting-plan.mode.full-hp.label,行动,满血,
action.targeting-plan.mode.full-hp.summary,行动,优先锁定生命较满的目标。,
action.targeting-plan.mode.low-hp.label,行动,低血,
action.targeting-plan.mode.low-hp.summary,行动,优先锁定生命较低的目标。,
action.targeting-plan.mode.nearest.label,行动,最近,
action.targeting-plan.mode.nearest.summary,行动,优先锁定最近目标。,
action.targeting-plan.mode.player.label,行动,玩家,
action.targeting-plan.mode.player.summary,行动,优先锁定玩家目标。,
action.targeting-plan.subtitle,行动,当前 {label},
action.targeting-plan.switch.copy,行动,点击后立即切换。,
action.targeting-plan.switch.title,行动,方案切换,
action.targeting-plan.title,行动,索敌方案,
action.targeting-plan.title-with-mode,行动,索敌方案 · {mode},
action.utility.loot.desc,行动,选定 1 格内的目标，查看地面物品或搜索容器后拿取。,
action.utility.loot.name,行动,拿取,
action.utility.observe.desc,行动,选定视野范围内任意一格，查看地面、实体与耐久等详细信息。,
action.utility.observe.name,行动,观察,
common.action.cancel,行动,取消,
common.action.close,行动,关闭,
common.action.drag,行动,拖拽,
common.action.enable,行动,开启,
common.action.execute,行动,执行,
common.action.open,行动,打开,
common.modal.click-blank-cancel,行动,点击空白处取消,
common.modal.click-blank-close,行动,点击空白处关闭,
common.state.off,行动,关,
common.state.off-short,行动,闭,
common.state.on,行动,开,
common.state.on-short,行动,启,
common.unit.grid,行动,格,
common.unit.minute,行动,分钟,
building.toast.not-buildable-world,营造,当前不在可建造世界,
building.toast.select-requirement,营造,请先选择{label},
building.toast.submitted,营造,已提交建造意图,
chat.combat.actual-damage,战斗日志,造成伤害 {amount},原'实际伤害'
chat.combat.actual-heal,战斗日志,实际治疗 {amount},
chat.combat.dodge,战斗日志,闪避,
chat.combat.raw-damage,战斗日志,基础伤害 {amount},原'原始伤害'
chat.combat.raw-heal,战斗日志,基础治疗 {amount},原'原始治疗'
craft.workbench.level.short,制造技艺,Lv.{level},
craft.workbench.modal.subtitle.alchemy,制造技艺,炼丹 Lv.{level},
craft.workbench.modal.subtitle.default,制造技艺,制造型技艺,
craft.workbench.modal.subtitle.enhancement,制造技艺,强化 Lv.{level},
craft.workbench.modal.subtitle.forging,制造技艺,炼器 Lv.{level},
craft.workbench.modal.title,制造技艺,制造技艺,
craft.workbench.mode.alchemy,制造技艺,炼丹,
craft.workbench.mode.craft,制造技艺,制造,
craft.workbench.mode.enhancement,制造技艺,强化,
craft.workbench.mode.forging,制造技艺,炼器,
craft.workbench.mode.technique,制造技艺,制造技艺,
craft.workbench.profession.description.alchemy,制造技艺,以丹方、主药与辅药炼成丹药，可批量炼制。,
craft.workbench.profession.description.default,制造技艺,制造型技艺共用任务队列。,
craft.workbench.profession.description.enhancement,制造技艺,使用强化锤与材料淬炼装备或法宝，逐级提升。强化失败时若无保护，等级直接归零；若有保护，则仅降一级。,
craft.workbench.profession.description.forging,制造技艺,以器方与玄铁锻造技艺工具，成功率与加速方式同炼丹。,
craft.workbench.queue.active,制造技艺,进行中,
craft.workbench.queue.empty,制造技艺,暂无制造任务。,
craft.workbench.queue.pending,制造技艺,排队 {index},
craft.workbench.queue.target-level,制造技艺,目标 +{level},
craft.workbench.queue.title,制造技艺,当前任务队列,
craft.workbench.time.ticks,制造技艺,{ticks} 息,
craft.workbench.time.zero,制造技艺,0 息,
craft.workbench.unit.item,制造技艺,件,
craft.workbench.unit.pill,制造技艺,枚,
equipment.action.unequip,装备,卸下,
equipment.artifact.disabled,装备,停用,
equipment.artifact.empty,装备,未装备,
equipment.artifact.enabled,装备,启用,
equipment.artifact.locked,装备,半步金丹后开启,
equipment.artifact.qi,装备,灵力 {current} / {max} 点,
equipment.effect.current-resource-cost,装备,{percent} 当前{resource},
equipment.effect.max-resource-cost,装备,{percent} 最大{resource},
equipment.effect.no-value-change,装备,无数值变化,
equipment.effect.periodic-cost,装备,代价:{trigger}损失 {mode}{condition},
equipment.effect.stat-aura,装备,特效:{effects}{condition},
equipment.effect.timed-buff,装备,触发:{trigger}获得 {buffName} {duration}息{condition}{effects},
equipment.effect.timed-buff-effects,装备,，效果:{effects},
equipment.empty.affixes,装备,暂无词条,
equipment.empty.all,装备,尚未装备任何物品,
equipment.empty.artifact,装备,暂无法宝,
equipment.empty.combat,装备,尚未装备任何物品,
equipment.empty.slot-meta,装备,尚未装备,
equipment.empty.slot-short,装备,未着,
equipment.empty.technique,装备,尚未装备技艺工具,
equipment.resource.hp,装备,生命,
equipment.resource.qi,装备,灵力,
equipment.tab.artifact,装备,法宝,
equipment.tab.combat,装备,装备,
equipment.tab.technique,装备,技艺,
equipment.title,装备,装备栏,
equipment.trigger.cultivation-tick,装备,修炼时每息,
equipment.trigger.on-attack,装备,攻击后,
equipment.trigger.on-cultivation-tick,装备,修炼时,
equipment.trigger.on-enter-map,装备,入图时,
equipment.trigger.on-equip,装备,装备时,
equipment.trigger.on-hit,装备,受击后,
equipment.trigger.on-kill,装备,击杀后,
equipment.trigger.on-move,装备,移动后,
equipment.trigger.on-skill-cast,装备,施法后,
equipment.trigger.on-tick,装备,每息,
equipment.trigger.on-time-segment-changed,装备,时段切换时,
equipment.trigger.on-unequip,装备,卸下时,
equipment.trigger.tick,装备,每息,
equipment-tooltip.buff.default-mark,装备提示,气,范围D固定前端可见文本
equipment-tooltip.buff.stack-limit.comma,装备提示,，最多 {stackLimit} 层,范围D固定前端可见文本
equipment-tooltip.buff.stack-limit.suffix,装备提示,· 最多 {stackLimit} 层,范围D固定前端可见文本
equipment-tooltip.chance.line,装备提示,触发概率：{chance},范围D固定前端可见文本
equipment-tooltip.condition.cultivating,装备提示,仅修炼中生效,范围D固定前端可见文本
equipment-tooltip.condition.has-buff,装备提示,需带有 {buffName}{stacks},范围D固定前端可见文本
equipment-tooltip.condition.hp-ratio,装备提示,生命 {op} {value},范围D固定前端可见文本
equipment-tooltip.condition.line,装备提示,条件：{conditions},范围D固定前端可见文本
equipment-tooltip.condition.map,装备提示,地图：{value},范围D固定前端可见文本
equipment-tooltip.condition.min-stacks,装备提示,{stacks} 层,范围D固定前端可见文本
equipment-tooltip.condition.not-cultivating,装备提示,仅未修炼时生效,范围D固定前端可见文本
equipment-tooltip.condition.qi-ratio,装备提示,灵力 {op} {value},范围D固定前端可见文本
equipment-tooltip.condition.target-kind,装备提示,目标：{value},范围D固定前端可见文本
equipment-tooltip.condition.time,装备提示,时段：{value},范围D固定前端可见文本
equipment-tooltip.consumable.active-cooldown,装备提示,当前冷却：{left} / {cooldown} 息,范围D固定前端可见文本
equipment-tooltip.consumable.baseline-heal-amount,装备提示,恢复 {amount} 点气血,范围D固定前端可见文本
equipment-tooltip.consumable.baseline-heal-percent,装备提示,恢复标准生命 {percent},范围D固定前端可见文本
equipment-tooltip.consumable.baseline-qi-amount,装备提示,恢复 {amount} 点灵力,范围D固定前端可见文本
equipment-tooltip.consumable.bind-respawn,装备提示,使用效果：绑定复活点与遁返落点,范围D固定前端可见文本
equipment-tooltip.consumable.buff,装备提示,药效：{name}{meta},范围D固定前端可见文本
equipment-tooltip.consumable.buff-duration,装备提示,持续 {duration} 息,范围D固定前端可见文本
equipment-tooltip.consumable.buff-max-stacks,装备提示,最多 {stacks} 层,范围D固定前端可见文本
equipment-tooltip.consumable.cooldown,装备提示,使用冷却：{cooldown} 息,范围D固定前端可见文本
equipment-tooltip.consumable.heal-amount,装备提示,恢复 {amount} 点气血,范围D固定前端可见文本
equipment-tooltip.consumable.heal-percent,装备提示,恢复 {percent} 气血,范围D固定前端可见文本
equipment-tooltip.consumable.instant,装备提示,立即效果：{value},范围D固定前端可见文本
equipment-tooltip.consumable.instant-resource,装备提示,立即效果：{resource} +{amount},范围D固定前端可见文本
equipment-tooltip.consumable.qi-percent,装备提示,恢复 {percent} 真气,范围D固定前端可见文本
equipment-tooltip.consumable.unlock-map,装备提示,使用效果：永久解锁对应地图,范围D固定前端可见文本
equipment-tooltip.cooldown.line,装备提示,冷却：{cooldown} 息,范围D固定前端可见文本
equipment-tooltip.cooldown.meta,装备提示,冷却 {cooldown} 息,范围D固定前端可见文本
equipment-tooltip.craft.alchemy,装备提示,炼丹,范围D固定前端可见文本
equipment-tooltip.craft.building,装备提示,营造,范围D固定前端可见文本
equipment-tooltip.craft.enhancement,装备提示,强化,范围D固定前端可见文本
equipment-tooltip.craft.forging,装备提示,炼器,范围D固定前端可见文本
equipment-tooltip.craft.formation,装备提示,阵法,范围D固定前端可见文本
equipment-tooltip.craft.gather,装备提示,采集,范围D固定前端可见文本
equipment-tooltip.craft.mining,装备提示,挖矿,范围D固定前端可见文本
equipment-tooltip.craft.transmission,装备提示,传法,范围D固定前端可见文本
equipment-tooltip.desc.line,装备提示,说明：{desc},范围D固定前端可见文本
equipment-tooltip.duration.with-stack,装备提示,{duration} 息{stack},范围D固定前端可见文本
equipment-tooltip.effect.line,装备提示,效果：{effects},范围D固定前端可见文本
equipment-tooltip.effect.no-change,装备提示,无数值变化,范围D固定前端可见文本
equipment-tooltip.effectiveness.detail,装备提示,{effective}（强化 {enhancement} × 境界 {realm}）,范围D固定前端可见文本
equipment-tooltip.effectiveness.factor.enhancement,装备提示,强化{value},范围D固定前端可见文本
equipment-tooltip.effectiveness.factor.realm-low,装备提示,境界过低{value},范围D固定前端可见文本
equipment-tooltip.effectiveness.summary,装备提示,{value}{factors},范围D固定前端可见文本
equipment-tooltip.element.earth,装备提示,土,范围D固定前端可见文本
equipment-tooltip.element.fire,装备提示,火,范围D固定前端可见文本
equipment-tooltip.element.metal,装备提示,金,范围D固定前端可见文本
equipment-tooltip.element.none,装备提示,无属性,范围D固定前端可见文本
equipment-tooltip.element.water,装备提示,水,范围D固定前端可见文本
equipment-tooltip.element.wood,装备提示,木,范围D固定前端可见文本
equipment-tooltip.equipped.attrs,装备提示,装备属性：{attrs},范围D固定前端可见文本
equipment-tooltip.equipped.mark,装备提示,装,范围D固定前端可见文本
equipment-tooltip.equipped.slot,装备提示,部位：{slot},范围D固定前端可见文本
equipment-tooltip.equipped.title,装备提示,已装备,范围D固定前端可见文本
equipment-tooltip.label.category,装备提示,分类,范围D固定前端可见文本
equipment-tooltip.label.conditions,装备提示,生效条件,范围D固定前端可见文本
equipment-tooltip.label.element-values,装备提示,五行数值,范围D固定前端可见文本
equipment-tooltip.label.equipment-attrs,装备提示,装备属性,范围D固定前端可见文本
equipment-tooltip.label.periodic-cost,装备提示,持续代价,范围D固定前端可见文本
equipment-tooltip.label.progress-boost,装备提示,推进特效,范围D固定前端可见文本
equipment-tooltip.label.slot,装备提示,部位,范围D固定前端可见文本
equipment-tooltip.label.source,装备提示,来源,范围D固定前端可见文本
equipment-tooltip.label.stat-aura,装备提示,常驻特效,范围D固定前端可见文本
equipment-tooltip.label.status,装备提示,状态,范围D固定前端可见文本
equipment-tooltip.label.tags,装备提示,标签,范围D固定前端可见文本
equipment-tooltip.label.timed-buff,装备提示,触发增益,范围D固定前端可见文本
equipment-tooltip.label.trigger-conditions,装备提示,触发条件,范围D固定前端可见文本
equipment-tooltip.label.type,装备提示,类型,范围D固定前端可见文本
equipment-tooltip.material-values.elements,装备提示,五行：{values},范围D固定前端可见文本
equipment-tooltip.material.exotic,装备提示,异材,范围D固定前端可见文本
equipment-tooltip.material.herb,装备提示,药材,范围D固定前端可见文本
equipment-tooltip.material.ore,装备提示,矿石,范围D固定前端可见文本
equipment-tooltip.medicine-category.buff,装备提示,增益,范围D固定前端可见文本
equipment-tooltip.medicine-category.hp,装备提示,生命回复,范围D固定前端可见文本
equipment-tooltip.medicine-category.qi,装备提示,灵力回复,范围D固定前端可见文本
equipment-tooltip.medicine-category.special,装备提示,特殊,范围D固定前端可见文本
equipment-tooltip.periodic-cost.current-ratio,装备提示,{value} 当前{resource},范围D固定前端可见文本
equipment-tooltip.periodic-cost.max-ratio,装备提示,{value} 最大{resource},范围D固定前端可见文本
equipment-tooltip.periodic-cost.value,装备提示,{trigger}损失 {value},范围D固定前端可见文本
equipment-tooltip.plain.conditions,装备提示,生效条件：{value},范围D固定前端可见文本
equipment-tooltip.plain.periodic-cost,装备提示,持续代价：{trigger}损失 {value},范围D固定前端可见文本
equipment-tooltip.plain.progress-boost,装备提示,推进特效：{value},范围D固定前端可见文本
equipment-tooltip.plain.stat-aura,装备提示,常驻特效：{value},范围D固定前端可见文本
equipment-tooltip.plain.timed-buff,装备提示,触发增益：{name} {meta},范围D固定前端可见文本
equipment-tooltip.plain.trigger-conditions,装备提示,触发条件：{value},范围D固定前端可见文本
equipment-tooltip.qi-family.aura,装备提示,灵气,范围D固定前端可见文本
equipment-tooltip.qi-family.demonic,装备提示,魔气,范围D固定前端可见文本
equipment-tooltip.qi-family.sha,装备提示,煞气,范围D固定前端可见文本
equipment-tooltip.qi-form.dispersed,装备提示,逸散,范围D固定前端可见文本
equipment-tooltip.qi-form.refined,装备提示,凝练,范围D固定前端可见文本
equipment-tooltip.resource.hp,装备提示,气血,范围D固定前端可见文本
equipment-tooltip.resource.life,装备提示,生命,范围D固定前端可见文本
equipment-tooltip.resource.qi,装备提示,灵力,范围D固定前端可见文本
equipment-tooltip.special.comprehension,装备提示,悟性 {value},范围D固定前端可见文本
equipment-tooltip.special.luck,装备提示,幸运 {value},范围D固定前端可见文本
equipment-tooltip.status.cooldown,装备提示,冷却 {cooldown} 息,范围D固定前端可见文本
equipment-tooltip.status.learned,装备提示,已学,范围D固定前端可见文本
equipment-tooltip.status.read,装备提示,已阅,范围D固定前端可见文本
equipment-tooltip.tag.alchemy-furnace,装备提示,炼丹工具,范围D固定前端可见文本
equipment-tooltip.tag.building-hammer,装备提示,营造锤,范围D固定前端可见文本
equipment-tooltip.tag.enhancement-hammer,装备提示,强化锤,范围D固定前端可见文本
equipment-tooltip.tag.forging-tool,装备提示,炼器工具,范围D固定前端可见文本
equipment-tooltip.tag.mining-pickaxe,装备提示,矿镐,范围D固定前端可见文本
equipment-tooltip.target-kind.tile,装备提示,地块,范围D固定前端可见文本
equipment-tooltip.target.enemy,装备提示,目标,范围D固定前端可见文本
equipment-tooltip.target.self,装备提示,自身,范围D固定前端可见文本
equipment-tooltip.technique-book.desc,装备提示,描述,范围D固定前端可见文本
equipment-tooltip.technique-book.grade,装备提示,品阶,范围D固定前端可见文本
equipment-tooltip.technique-book.max-attrs,装备提示,满层属性,范围D固定前端可见文本
equipment-tooltip.technique-book.no-desc,装备提示,此物无言,范围D固定前端可见文本
equipment-tooltip.technique-book.realm,装备提示,境界,范围D固定前端可见文本
equipment-tooltip.technique-book.skills-label,装备提示,附带技能{count},范围D固定前端可见文本
equipment-tooltip.technique-book.technique,装备提示,功法,范围D固定前端可见文本
equipment-tooltip.tile-resource.aura,装备提示,所处之地灵力,范围D固定前端可见文本
equipment-tooltip.tile-resource.qi,装备提示,当前地块{element}{form}{family},范围D固定前端可见文本
equipment-tooltip.tile-resource.unknown,装备提示,当前地块资源 {resourceKey},范围D固定前端可见文本
equipment-tooltip.timed-buff.meta,装备提示,{trigger} · {target} · {duration} 息{stack},范围D固定前端可见文本
equipment-tooltip.trigger.each-cultivation-tick,装备提示,修炼时每息,范围D固定前端可见文本
equipment-tooltip.trigger.each-tick,装备提示,每息,范围D固定前端可见文本
equipment-tooltip.trigger.on-attack,装备提示,攻击后,范围D固定前端可见文本
equipment-tooltip.trigger.on-cultivation-tick,装备提示,修炼时,范围D固定前端可见文本
equipment-tooltip.trigger.on-enter-map,装备提示,入图时,范围D固定前端可见文本
equipment-tooltip.trigger.on-equip,装备提示,装备时,范围D固定前端可见文本
equipment-tooltip.trigger.on-hit,装备提示,受击后,范围D固定前端可见文本
equipment-tooltip.trigger.on-kill,装备提示,击杀后,范围D固定前端可见文本
equipment-tooltip.trigger.on-move,装备提示,移动后,范围D固定前端可见文本
equipment-tooltip.trigger.on-skill-cast,装备提示,施法后,范围D固定前端可见文本
equipment-tooltip.trigger.on-tick,装备提示,每息,范围D固定前端可见文本
equipment-tooltip.trigger.on-time-segment-changed,装备提示,时段切换时,范围D固定前端可见文本
equipment-tooltip.trigger.on-unequip,装备提示,卸下时,范围D固定前端可见文本
equipment-tooltip.utility.building-speed,装备提示,建造速度 {value},范围D固定前端可见文本
equipment-tooltip.utility.enhancement-speed,装备提示,强化速度 {value},范围D固定前端可见文本
equipment-tooltip.utility.enhancement-success,装备提示,强化成功修正 {value},范围D固定前端可见文本
equipment-tooltip.utility.exp,装备提示,{craft}经验 {value},范围D固定前端可见文本
equipment-tooltip.utility.mining-damage,装备提示,挖矿速度 {value},范围D固定前端可见文本
equipment-tooltip.utility.mining-drop,装备提示,矿物额外概率 {value},范围D固定前端可见文本
equipment-tooltip.utility.output,装备提示,{craft}产出 {value},范围D固定前端可见文本
equipment-tooltip.utility.speed,装备提示,{craft}速度 {value},范围D固定前端可见文本
equipment-tooltip.utility.success,装备提示,{craft}成功 {value},范围D固定前端可见文本
equipment-tooltip.value.none,装备提示,无,范围D固定前端可见文本
equipment-tooltip.value.unknown,装备提示,未知,范围D固定前端可见文本
gm.bot.not-selected,GM,当前选中目标不是机器人,
gm.bot.remove-all.done,GM,已提交移除全部机器人,
gm.bot.remove-all.started,GM,正在移除全部机器人...,
gm.bot.remove.failed,GM,移除机器人失败,
gm.bot.removed,GM,已移除机器人 {name},
gm.bot.removing,GM,正在移除机器人 {name}...,缺失 key 自动补齐
gm.bot.spawn.anchor-required,GM,请先选择一个角色作为生成锚点,
gm.bot.spawn.count-invalid,GM,机器人数量必须为正整数,
gm.bot.spawn.failed,GM,生成机器人失败,
gm.bot.spawn.started,GM,已提交在 {name} 附近生成 {count} 个机器人,
gm.client.account-restriction.allowed,GM,可登录,缺失 key 自动补齐
gm.client.account-restriction.banned,GM,已封禁,缺失 key 自动补齐
gm.client.account-status.abnormal,GM,异常,缺失 key 自动补齐
gm.client.account-status.banned,GM,封禁,缺失 key 自动补齐
gm.client.account-status.normal,GM,正常,缺失 key 自动补齐
gm.client.activity.last-heartbeat,GM,最近心跳时间,缺失 key 自动补齐
gm.client.activity.latest-record,GM,最近活动记录,缺失 key 自动补齐
gm.client.activity.legacy-heartbeat-note,GM,该时间来自旧心跳语义，不等同于可靠离线时间。,缺失 key 自动补齐
gm.client.activity.no-record,GM,暂无可靠记录,缺失 key 自动补齐
gm.client.activity.online.no-heartbeat-note,GM,当前未返回可靠的本次上线时间。,缺失 key 自动补齐
gm.client.activity.online.no-record,GM,当前在线，暂无可靠记录,缺失 key 自动补齐
gm.client.activity.updated-at,GM,最近存档时间,缺失 key 自动补齐
gm.client.editor-catalog.action-paused,GM,{actionLabel}已暂停：GM 编辑目录未从服务端加载成功，当前仅允许查看本地参考标签，避免提交过期目录数据,缺失 key 自动补齐
gm.client.editor-catalog.local-fallback-note,GM,服务端编辑目录加载失败，当前仅保留本地参考标签；模板快捷写入已停用，避免把本地目录直接写回服务端。,缺失 key 自动补齐
gm.client.editor-catalog.unavailable-note,GM,编辑目录尚未加载完成，模板快捷写入暂不可用。,缺失 key 自动补齐
gm.client.editor.meta.catalog-local-fallback,GM,目录: 本地回退,缺失 key 自动补齐
gm.client.editor.meta.catalog-unavailable,GM,目录: 未加载,缺失 key 自动补齐
gm.client.editor.meta.risk,GM,风险 {score} · {level},缺失 key 自动补齐
gm.client.editor.subtitle.account,GM,账号: {accountName},缺失 key 自动补齐
gm.client.editor.subtitle.display-name,GM,显示名: {displayName},缺失 key 自动补齐
gm.client.editor.subtitle.map,GM,"地图: {mapName} ({x}, {y})",缺失 key 自动补齐
gm.client.editor.subtitle.persisted-at,GM,最近落盘: {time},缺失 key 自动补齐
gm.client.editor.subtitle.runtime-player,GM,最近落盘: 运行时角色,缺失 key 自动补齐
gm.client.player-list.identity-with-risk-tags,GM,{identity} · 命中: {tags},缺失 key 自动补齐
gm.client.player-list.meta,GM,账号: {accountName} · 状态: {status} · 风险: {riskScore} ({riskLevel}),缺失 key 自动补齐
gm.client.position.category.real,GM,现世,缺失 key 自动补齐
gm.client.position.category.secret,GM,秘境,缺失 key 自动补齐
gm.client.position.category.sect,GM,宗门,缺失 key 自动补齐
gm.client.position.category.void,GM,虚境,缺失 key 自动补齐
gm.client.risk-level.critical,GM,极高风险,缺失 key 自动补齐
gm.client.risk-level.high,GM,高风险,缺失 key 自动补齐
gm.client.risk-level.low,GM,低风险,缺失 key 自动补齐
gm.client.risk-level.medium,GM,中风险,缺失 key 自动补齐
gm.client.risk.account.admin-joined,GM,已加入,缺失 key 自动补齐
gm.client.risk.account.admin-list,GM,管理员名单：{state},缺失 key 自动补齐
gm.client.risk.account.admin-not-joined,GM,未加入,缺失 key 自动补齐
gm.client.risk.account.created-at,GM,注册时间：{time},缺失 key 自动补齐
gm.client.risk.account.last-login,GM,最近登录：{time},缺失 key 自动补齐
gm.client.risk.account.status,GM,账号状态：{status},缺失 key 自动补齐
gm.client.risk.factor.no-evidence,GM,当前维度暂无额外证据。,缺失 key 自动补齐
gm.client.risk.factors.note,GM,每个维度都会给出分数、摘要和命中的证据。,缺失 key 自动补齐
gm.client.risk.factors.title,GM,维度明细,缺失 key 自动补齐
gm.client.risk.no-manageable-account,GM,当前目标没有可管理账号，风险检测会按异常账号绑定处理。,缺失 key 自动补齐
gm.client.risk.overview.note,GM,这里展示账号真源、命名模式、相似账号簇、重复 IP/设备与坊市关系的低频检测结果，不会自动封号。,缺失 key 自动补齐
gm.client.risk.overview.title,GM,风险总览,缺失 key 自动补齐
gm.client.risk.recommendation.index,GM,建议 {index},缺失 key 自动补齐
gm.client.risk.recommendations.note,GM,只提供复核顺序，资产或账号处置仍必须由 GM 人工确认。,缺失 key 自动补齐
gm.client.risk.recommendations.title,GM,处置建议,缺失 key 自动补齐
gm.client.risk.score,GM,总分 {score} / {maxScore},缺失 key 自动补齐
gm.client.version.reload,GM,检测到前端新版本，正在刷新页面,缺失 key 自动补齐
gm.common.close,GM,关闭,缺失 key 自动补齐
gm.database.detail-unavailable,GM,当前数据库详情暂不可用。,
gm.database.download.failed,GM,下载数据库备份失败,
gm.database.downloaded,GM,已下载数据库备份 {fileName},
gm.database.export-started,GM,已开始导出当前数据库：{backupId},
gm.database.export.failed,GM,导出数据库失败,
gm.database.import.choose-file,GM,请先选择要导入的数据库备份文件,
gm.database.import.confirm-upload,GM,"将上传 {fileName}，随后用它覆盖当前主线数据库。
服务端仍会先生成一份导入前备份，并断开在线玩家连接。是否继续？",
gm.database.import.file-selected-ready,GM,已选择 {fileLabel}，可以上传。,缺失 key 自动补齐
gm.database.import.file-selected-unsupported,GM,已选择 {fileLabel}，但格式不支持。,缺失 key 自动补齐
gm.database.import.file-unsupported,GM,文件 {fileName} 格式不支持。,缺失 key 自动补齐
gm.database.import.no-file,GM,尚未选择文件,缺失 key 自动补齐
gm.database.import.selected,GM,已选择数据库备份：{fileName},
gm.database.import.unsupported,GM,仅支持新版 PostgreSQL 自定义备份（.dump）,
gm.database.import.uploaded-with-size,GM,已上传 {fileName}（{fileSize}）,缺失 key 自动补齐
gm.database.import.uploading,GM,正在上传 {fileName}（{fileSize}）...,缺失 key 自动补齐
gm.database.restore.confirm,GM,"将使用备份 {fileName} 覆盖当前主线数据库。
服务端会先自动生成一份导入前备份，并断开在线玩家连接。是否继续？",
gm.database.restore.failed,GM,导入数据库失败,
gm.database.restore.started,GM,已开始恢复数据库备份：{backupId},
gm.database.restore.unsupported-history,GM,硬切后只支持恢复新版 PostgreSQL 自定义备份，不再支持历史 JSON 快照,
gm.database.state.refresh.failed,GM,刷新数据库状态失败,
gm.database.synced-backups,GM,已同步 {count} 份数据库备份,
gm.database.target-missing,GM,目标备份不存在,
gm.database.upload-and-restore.failed,GM,上传并导入数据库失败,
gm.database.upload.failed,GM,上传数据库备份失败,
gm.database.uploaded,GM,已上传数据库备份：{fileName},
gm.duration.days,GM,{days}天 {hours}时 {minutes}分,
gm.duration.hours,GM,{hours}时 {minutes}分 {seconds}秒,
gm.duration.minutes,GM,{minutes}分 {seconds}秒,
gm.duration.seconds,GM,{seconds}秒,
gm.editor.catalog.binding-unavailable,GM,编辑目录未加载，无法绑定模板。,缺失 key 自动补齐
gm.editor.catalog.buff-unavailable,GM,服务端编辑目录不可用，当前不能用模板方式新增增益。,
gm.editor.catalog.choose-equipment-template,GM,请先选择一个装备模板,
gm.editor.catalog.choose-item-template,GM,请先选择一个物品模板,
gm.editor.catalog.choose-technique-template,GM,请先选择一个功法模板,
gm.editor.catalog.equipment-unavailable,GM,服务端编辑目录不可用，当前不能用模板方式创建装备。,
gm.editor.catalog.item-unavailable,GM,服务端编辑目录不可用，当前不能用模板方式加入物品。,
gm.editor.catalog.load-failed,GM,GM 编辑目录加载失败，当前仅保留本地参考标签；目录型编辑与带附件邮件已暂停，避免提交过期模板数据。,
gm.editor.catalog.mail-attachment-unavailable,GM,服务端编辑目录不可用，当前不能用模板方式新增邮件附件。,
gm.editor.catalog.no-send-target,GM,当前没有可发送邮件的角色,
gm.editor.catalog.technique-unavailable,GM,服务端编辑目录不可用，当前不能用模板方式加入功法。,
gm.loading-database-detail,GM,正在加载数据库详情…,
gm.loading-player-detail,GM,正在加载角色详情…,
gm.login.enter-password,GM,请输入 GM 密码,缺失 key 自动补齐
gm.login.failed,GM,登录失败,
gm.login.token-issued,GM,登录成功，有效期约 {hours} 小时,缺失 key 自动补齐
gm.mail.broadcast.sent,GM,群发邮件已发送：{batchId}，收件 {recipientCount} 人,缺失 key 自动补齐
gm.mail.compose.required,GM,标题、正文和附件至少填写一项,
gm.mail.no-target,GM,当前没有可发送邮件的角色,
gm.mail.send-all,GM,群发邮件,缺失 key 自动补齐
gm.mail.send-all.note,GM,发送给所有非机器人角色,缺失 key 自动补齐
gm.mail.send-to-player,GM,发给 {roleName},缺失 key 自动补齐
gm.mail.send-to-player.note,GM,发送给当前选中的角色,缺失 key 自动补齐
gm.mail.sender.default,GM,司命台,
gm.mail.sent,GM,已向 {roleName} 发送邮件：{mailId},
gm.network.large-payload.empty,GM,这个流量项当前没有可查看的大包样本,
gm.network.large-payload.expired,GM,大包样本已过期,缺失 key 自动补齐
gm.network.large-payload.limit-note,GM,记录最近 {count} 个超过 1 KB 的完整实际包体,
gm.network.large-payload.modal-title,GM,网络包体内容,
gm.network.large-payload.sample-meta,GM,{event} · {recordedAt} · payload {payloadBytes} · packet {packetBytes},
gm.none,GM,无,
gm.offline,GM,离线,
gm.password.change.fill-both,GM,请填写当前密码和新密码,缺失 key 自动补齐
gm.password.updated,GM,GM 密码已更新,缺失 key 自动补齐
gm.perf.cpu.reset.done,GM,CPU 统计已重置,
gm.perf.cpu.reset.failed,GM,重置 CPU 统计失败,
gm.perf.network.reset.done,GM,流量统计已重置,
gm.perf.network.reset.failed,GM,重置流量统计失败,
gm.perf.pathfinding.reset.done,GM,寻路统计已重置,
gm.perf.pathfinding.reset.failed,GM,重置寻路统计失败,
gm.player-list.empty,GM,没有符合筛选条件的角色。,
gm.player-list.page-meta,GM,第 {page} / {totalPages} 页 · 共 {total} 条,
gm.player.account.ban.failed,GM,封禁账号失败,
gm.player.account.ban.no-target,GM,当前目标没有可封禁的账号,
gm.player.account.ban.updating,GM,正在封禁账号 {username}...,缺失 key 自动补齐
gm.player.account.banned,GM,账号 {username} 已封禁,缺失 key 自动补齐
gm.player.account.fill,GM,请填写账号,
gm.player.account.no-target,GM,当前目标没有可修改的账号,
gm.player.account.unban.failed,GM,解封账号失败,
gm.player.account.unban.no-target,GM,当前目标没有可解封的账号,
gm.player.account.unban.updating,GM,正在解除账号 {username} 的封禁...,缺失 key 自动补齐
gm.player.account.unbanned,GM,账号 {username} 已解除封禁,缺失 key 自动补齐
gm.player.account.unchanged,GM,账号未变化,
gm.player.account.updated,GM,已将账号从 {oldUsername} 修改为 {newUsername},
gm.player.account.updating,GM,正在更新账号 {username}...,缺失 key 自动补齐
gm.player.catalog.save-paused,GM,{tabLabel}保存已暂停：GM 编辑目录未从服务端加载成功，避免提交过期目录数据,
gm.player.choose,GM,请先选择角色,
gm.player.combat-exp.invalid,GM,请输入整数战斗经验调整值,
gm.player.combat-exp.updated,GM,{name} 的战斗经验已调整 {amount},缺失 key 自动补齐
gm.player.combat-exp.updating,GM,正在调整 {name} 的战斗经验...,缺失 key 自动补齐
gm.player.detail-load-failed,GM,加载角色详情失败,
gm.player.detail-loaded,GM,已加载角色 {name},缺失 key 自动补齐
gm.player.detail-unavailable,GM,当前角色详情暂不可用。,
gm.player.foundation.invalid,GM,请输入整数底蕴调整值,
gm.player.foundation.updated,GM,{name} 的底蕴已调整 {amount},缺失 key 自动补齐
gm.player.foundation.updating,GM,正在调整 {name} 的底蕴...,缺失 key 自动补齐
gm.player.heaven-gate.reset.done,GM,已重置 {name} 的天门测试状态,
gm.player.heaven-gate.reset.failed,GM,重置天门失败,
gm.player.heaven-gate.reset.started,GM,正在重置 {name} 的天门测试状态...,
gm.player.heaven-gate.reset.updating,GM,正在重置 {name} 的天门...,缺失 key 自动补齐
gm.player.inventory-full-consumables,GM,当前角色已拥有全部消耗品，且数量不低于 999,
gm.player.inventory-full-equipment,GM,当前角色背包已拥有全部装备,
gm.player.inventory-updated,GM,{label}背包已更新：{detail},缺失 key 自动补齐
gm.player.learned-all-techniques,GM,当前角色已经学会目录内全部功法,
gm.player.learned-all-techniques.sent,GM,已添加 {count} 门未学功法,缺失 key 自动补齐
gm.player.list.failed,GM,玩家列表加载失败,缺失 key 自动补齐
gm.player.no-consumable-template,GM,当前目录没有消耗品模板,
gm.player.no-editable,GM,当前没有可编辑角色,
gm.player.no-equipment-template,GM,当前目录没有装备模板,
gm.player.no-learned-techniques,GM,当前角色还没有已学习功法,
gm.player.no-removable-techniques,GM,当前角色没有可移除的已学功法,
gm.player.no-save-content,GM,当前没有可保存内容,
gm.player.no-shortcut-changes,GM,当前没有需要提交的快捷改动,
gm.player.no-unlearned-technique-books,GM,当前没有可补发的未学习功法书,
gm.player.no-unlearned-technique-books.sent,GM,已发放 {count} 本未学功法书,缺失 key 自动补齐
gm.player.password.failed,GM,密码修改失败：{message},缺失 key 自动补齐
gm.player.password.fill-new,GM,请填写新密码,
gm.player.password.no-target,GM,当前目标没有可修改的账号密码,
gm.player.password.save-button,GM,修改账号密码,缺失 key 自动补齐
gm.player.password.saving-button,GM,正在保存…,缺失 key 自动补齐
gm.player.password.updated,GM,已修改账号 {username} 的密码，服务端已按哈希保存,
gm.player.password.updating,GM,正在更新账号 {username} 的密码...,缺失 key 自动补齐
gm.player.refreshed,GM,已刷新 {name} 的角色详情,
gm.player.reset.done,GM,角色 {name} 已重置,缺失 key 自动补齐
gm.player.reset.failed,GM,重置失败,
gm.player.reset.no-target,GM,请先选择角色,
gm.player.reset.updating,GM,正在重置角色 {name}...,缺失 key 自动补齐
gm.player.save-done,GM,已提交 {name} 的{tabLabel}修改,
gm.player.save-started,GM,正在提交 {name} 的{tabLabel}修改...,
gm.player.section.mail-cannot-save,GM,邮件标签不参与角色保存，请直接使用邮件表单发送,
gm.player.section.persisted-cannot-save,GM,持久化 JSON 标签不直接保存，请先应用到可视化标签,
gm.player.switch.confirm,GM,当前角色有未保存修改，切换后会丢失这些修改。继续吗？,缺失 key 自动补齐
gm.player.techniques-maxed,GM,当前全部功法已经处于满级状态,
gm.player.techniques-maxed.sent,GM,已将 {count} 门功法提升至满级,缺失 key 自动补齐
gm.player.techniques-removed,GM,已移除 {count} 门功法,缺失 key 自动补齐
gm.player.training-level.invalid,GM,请输入非负整数炼体等级,
gm.player.training-level.updated,GM,已将 {name} 的炼体等级更新为 {level},缺失 key 自动补齐
gm.player.training-level.updating,GM,正在更新 {name} 的炼体等级...,缺失 key 自动补齐
gm.presence.offline,GM,离线,
gm.presence.offline-hanging,GM,离线挂机,
gm.presence.online,GM,在线,
gm.redeem.active-empty,GM,当前分组没有可复制的未使用兑换码,
gm.redeem.append.failed,GM,追加兑换码失败,缺失 key 自动补齐
gm.redeem.appended,GM,已追加 {count} 个兑换码,
gm.redeem.copied,GM,已复制 {count} 个未使用兑换码,
gm.redeem.copied-with-group,GM,已复制 {count} 个未使用兑换码 · {groupName},
gm.redeem.copy-failed,GM,复制未使用兑换码失败，请检查浏览器剪贴板权限,
gm.redeem.copy.failed,GM,复制兑换码失败,缺失 key 自动补齐
gm.redeem.create.failed,GM,兑换码创建失败,缺失 key 自动补齐
gm.redeem.created,GM,已创建分组 {groupName}，并生成 {count} 个兑换码,
gm.redeem.delete.confirm,GM,确认删除兑换码分组“{groupName}”？未使用兑换码会一并删除，已有使用记录的分组会被拒绝。,
gm.redeem.delete.failed,GM,兑换码分组删除失败,
gm.redeem.deleted,GM,已删除兑换码分组 {groupName},
gm.redeem.destroy.failed,GM,销毁兑换码失败,缺失 key 自动补齐
gm.redeem.destroyed,GM,兑换码已销毁,
gm.redeem.group-name-empty,GM,分组名称不能为空,
gm.redeem.load.failed,GM,兑换码分组加载失败,缺失 key 自动补齐
gm.redeem.loaded,GM,已加载分组 {groupName},
gm.redeem.refresh.failed,GM,兑换码刷新失败,缺失 key 自动补齐
gm.redeem.reward-empty,GM,请至少配置一个奖励物品,
gm.redeem.save.failed,GM,兑换码保存失败,缺失 key 自动补齐
gm.redeem.saved,GM,兑换码分组已保存,
gm.redeem.selected-group-required,GM,请先选择一个分组,
gm.redeem.synced,GM,已同步 {count} 个兑换码分组,
gm.refresh.confirm,GM,刷新会丢弃当前未保存的修改。继续吗？,
gm.refresh.failed,GM,刷新失败,缺失 key 自动补齐
gm.request.expired,GM,GM 登录已失效,
gm.request.failed,GM,请求失败,
gm.request.login-expired,GM,GM 登录已失效，请重新输入密码,
gm.request.timeout,GM,请求超时（{seconds} 秒未收到响应），请检查服务端或稍后重试,缺失 key 自动补齐
gm.response.invalid-player-detail,GM,GM 玩家详情响应结构异常,
gm.response.invalid-state,GM,GM 状态响应结构异常,
gm.server.logs.load-older.failed,GM,加载更早服务端日志失败,
gm.server.logs.refresh.failed,GM,刷新服务端日志失败,
gm.shortcut.cleanup-abnormal-temp.confirm,GM,这会扫描当前运行时全部地图实例，移除旧版本异常残留的移昆仑临时石头，并对受影响实例刷盘。确认继续吗？,
gm.shortcut.cleanup-abnormal-temp.done,GM,异常临时石头清理完成：扫描实例 {scannedInstances} 个，影响实例 {affectedInstances} 个，移除 {removedTemporaryTiles} 处，刷盘 {flushedInstances} 个实例,
gm.shortcut.cleanup-invalid.confirm,GM,这会手动清理所有非机器人角色背包、坊市托管仓和装备栏里的无效物品。在线角色将在下一息处理并落盘，离线角色会直接改存档。确认继续吗？,
gm.shortcut.cleanup-invalid.done,GM,已提交无效物品清理，共 {totalPlayers} 个角色，运行态 {queuedRuntimePlayers} 个，离线 {updatedOfflinePlayers} 个，移除背包堆叠 {removedInventoryStacks} 个、托管仓堆叠 {removedMarketStorageStacks} 个、装备栏 {removedEquipment} 件,
gm.shortcut.combat-exp.confirm,GM,这会给所有非机器人角色补偿战斗经验。每个角色获得的数值 = 当前境界升级所需经验 + 当前炼体境界升级所需经验。在线角色下一息生效，离线角色会直接改存档。确认继续吗？,
gm.shortcut.combat-exp.done,GM,已提交战斗经验补偿，共 {totalPlayers} 个角色，在线 {queuedRuntimePlayers} 个，离线 {updatedOfflinePlayers} 个，累计补偿 {combatExp} 点战斗经验,
gm.shortcut.delete-empty-books.cancelled,GM,已取消空白功法残卷清理。,
gm.shortcut.delete-empty-books.confirm,GM,将永久删除完全没有书名和描述、无法恢复功法身份的空白残卷：命中 {matchedRows} 行，可删除 {convertedRows} 行，保护或跳过 {skippedRows} 行（有恢复线索、持有冻结灵石或锁定中）。请先执行修复入口；删除不可撤销，确认继续吗？,
gm.shortcut.delete-empty-books.done,GM,空白功法残卷清理完成：命中 {matchedRows} 行，删除 {convertedRows} 行，跳过 {skippedRows} 行，失败 {failedRows} 行，回读残留 {verifiedRows} 行,
gm.shortcut.delete-empty-books.dry-run-started,GM,正在预览空白功法残卷清理影响范围...,
gm.shortcut.delete-empty-books.noop,GM,没有可安全删除的空白功法残卷。保护或跳过 {skippedRows} 行，请先执行修复入口。,
gm.shortcut.foundation.confirm,GM,这会给所有非机器人角色补偿底蕴。每个角色获得的数值 = 当前境界升级所需经验的五倍。在线角色下一息生效，离线和离线挂机角色会直接改存档。确认继续吗？,
gm.shortcut.foundation.done,GM,已提交底蕴补偿，共 {totalPlayers} 个角色，在线 {queuedRuntimePlayers} 个，离线 {updatedOfflinePlayers} 个，累计补偿 {foundation} 点底蕴,
gm.shortcut.migrate-ai-arts.cancelled,GM,已取消旧版 AI 术法草稿迁移。,
gm.shortcut.migrate-ai-arts.confirm,GM,将迁移旧版 AI 术法草稿并重算正式技能：命中 {matchedRows} 条，可转换 {convertedRows} 条，跳过 {skippedRows} 条，失败 {failedRows} 条。确认写入吗？,
gm.shortcut.migrate-ai-arts.done,GM,旧版 AI 术法草稿迁移完成：命中 {matchedRows} 条，转换 {convertedRows} 条，跳过 {skippedRows} 条，失败 {failedRows} 条，验证 {verifiedRows} 条,
gm.shortcut.migrate-ai-arts.dry-run-started,GM,正在预览旧版 AI 术法草稿迁移影响范围...,
gm.shortcut.migrate-ai-arts.noop,GM,没有需要迁移的旧版 AI 术法草稿。扫描跳过 {skippedRows} 条。,
gm.shortcut.migrate-recovery-pills.confirm,GM,这会把所有非机器人角色背包、坊市托管仓和装备栏里的旧恢复丹药按 1:1 迁移到当前 8 个保留丹药。在线角色会同步运行态，离线角色会直接改存档。确认继续吗？,
gm.shortcut.migrate-recovery-pills.done,GM,恢复丹药迁移完成，共 {totalPlayers} 个角色，运行态 {queuedRuntimePlayers} 个，离线 {updatedOfflinePlayers} 个，背包 {inventoryStacks} 堆/{inventoryItems} 枚，托管仓 {marketStorageStacks} 堆/{marketStorageItems} 枚，装备栏 {equipment} 件,
gm.shortcut.recover-empty-books.cancelled,GM,已取消空白功法残卷修复。,
gm.shortcut.recover-empty-books.confirm,GM,将按书名唯一匹配已发布自创功法，校验品阶和境界后补回功法 ID；残卷同时恢复可修炼层数，历史普通卖单会转为传法台寄售。命中 {matchedRows} 行，可修复 {convertedRows} 行，跳过 {skippedRows} 行。确认写入吗？,
gm.shortcut.recover-empty-books.done,GM,空白功法残卷修复完成：命中 {matchedRows} 行，修复 {convertedRows} 行，跳过 {skippedRows} 行，失败 {failedRows} 行，回读验证 {verifiedRows} 行,
gm.shortcut.recover-empty-books.dry-run-started,GM,正在预览空白功法残卷修复范围...,
gm.shortcut.recover-empty-books.noop,GM,没有可自动修复的空白功法残卷。扫描 {matchedRows} 行，跳过 {skippedRows} 行。,
gm.shortcut.refresh-online-technique-templates.confirm,GM,这会按当前功法模板刷新所有在线玩家已学功法的技能、层数、属性与自动战斗技能；离线玩家下次登录会自动按模板补全。确认继续吗？,
gm.shortcut.refresh-online-technique-templates.done,GM,在线玩家功法模板刷新完成：扫描在线 {totalPlayers} 人，更新 {refreshedOnlinePlayers} 人 / {refreshedTechniques} 门功法，缺失模板 {missingTechniqueTemplates} 门,
gm.shortcut.repair-market-storage.confirm,GM,这会一次性修复数据库中坊市托管仓旧 storage_item_id。修复后运行时不再自动兼容旧ID，确认继续吗？,
gm.shortcut.repair-market-storage.done,GM,坊市托管仓旧ID修复完成：修复前异常 {before} 行，修复 {repairedRows} 行 / {repairedPlayers} 人，修复后异常 {after} 行，非法槽位 {invalidSlots} 行,
gm.shortcut.repair-quest-progress.cancelled,GM,已取消历史任务进度 Payload 修复。,
gm.shortcut.repair-quest-progress.confirm,GM,将修复历史任务进度 Payload：扫描 {scannedRows} 行，需要修复 {patchedRows} 行，未知旧任务 {unknownRows} 行（{unknownLabel}）。确认写入吗？,
gm.shortcut.repair-quest-progress.done,GM,历史任务进度 Payload 修复完成：扫描 {scannedRows} 行，修复 {patchedRows} 行，未知旧任务 {unknownRows} 行,
gm.shortcut.repair-quest-progress.dry-run-started,GM,正在预览历史任务进度 Payload 修复范围...,
gm.shortcut.repair-quest-progress.noop,GM,没有需要修复的历史任务进度 Payload。扫描 {scannedRows} 行，未知旧任务 {unknownRows} 行。,
gm.shortcut.return-all.confirm,GM,这会把所有非机器人角色统一送回新手村出生点。在线角色下一息生效，离线角色会直接改存档。确认继续吗？,
gm.shortcut.return-all.done,GM,已提交全部角色回新手村出生点，共 {totalPlayers} 个角色，在线 {queuedRuntimePlayers} 个，离线 {updatedOfflinePlayers} 个,
gm.text.all-player-recipients,GM,发送给全服玩家,
gm.text.current-target,GM,当前目标 · {targetId},
gm.text.no-account,GM,无账号,
gm.text.sample,GM,样本 {index},
gm.text.selected,GM,已选中,
gm.text.unknown-time,GM,未知时间,
gm-map-editor.confirm.reload-dirty,GM地图编辑器,当前有未保存修改，重新载入会丢失这些修改。继续吗？,
gm-map-editor.confirm.reset-dirty,GM地图编辑器,确定放弃当前地图的未保存修改吗？,
gm-map-editor.confirm.switch-dirty,GM地图编辑器,当前地图有未保存修改，切换后会丢失这些修改。继续吗？,
gm-map-editor.default-quest.desc,GM地图编辑器,请填写任务描述,
gm-map-editor.default-quest.reward-none,GM地图编辑器,无,
gm-map-editor.default-quest.title,GM地图编辑器,新任务,
hud.action.breakthrough,HUD,突破,突破按钮默认文案
hud.action.breakthrough-target,HUD,突破 · {target},突破按钮目标文案
hud.age.years,HUD,{years}载,骨龄整年文本
hud.age.years-days,HUD,{years}载{days}日,骨龄年月日文本
hud.cultivate.complete,HUD,境界圆满,修为圆满文本
hud.cultivate.progress,HUD,境界修为 ({current}/{next}),修为进度文本
hud.lifespan.unknown,HUD,???,寿元未知文本
hud.lifespan.years,HUD,{years}载,寿元整年文本
hud.map-name.unknown,HUD,未知地域,地图名fallback
hud.realm.cultivating,HUD,修行中,功法境界查找失败fallback
hud.realm.mortal,HUD,凡俗武者,无功法时的境界标签
hud.title.default,HUD,无号散修,默认称号
hud.title.entry,HUD,见习弟子,
hud.title.immortal-gate,HUD,初登仙门,
hud.title.immortal-path,HUD,云游真修,
hud.title.major,HUD,先天气成,
hud.title.minor,HUD,游历武者,
hud.title.no-technique,HUD,无名后学,
hud.title.perfection,HUD,名动一方,
npc-quest.action.accept,NPC任务,接取任务,
npc-quest.action.submit,NPC任务,提交任务,
npc-quest.empty.no-detail,NPC任务,暂无法查阅详情。,
npc-quest.empty.no-new,NPC任务,{npcName} 目前没有新的委托。,
npc-quest.empty.talking,NPC任务,正在交谈...,
npc-quest.empty.unavailable,NPC任务,暂无法查阅委托。,
npc-quest.modal.empty-subtitle,NPC任务,暂无新委托,
npc-quest.modal.loading,NPC任务,委托查探中...,
npc-quest.modal.subtitle-count,NPC任务,当前可见 {count} 条任务线索,
npc-quest.modal.title,NPC任务,任务委托,
npc-shop.action.buy,NPC商店,购买,
npc-shop.action.max,NPC商店,最大,
npc-shop.affordable-count,NPC商店,最多买得起 {count},
npc-shop.confirm.item,NPC商店,物品,
npc-shop.confirm.quantity,NPC商店,数量,
npc-shop.confirm.title,NPC商店,确认购买,
npc-shop.confirm.total,NPC商店,总额,
npc-shop.confirm.unit-price,NPC商店,单价,
npc-shop.detail.buy-direct,NPC商店,直接购买,
npc-shop.detail.effects,NPC商店,完整效果,
npc-shop.empty.loading,NPC商店,货品查探中...,
npc-shop.empty.no-stock,NPC商店,此间今日无货。,
npc-shop.empty.unavailable,NPC商店,暂无法观阅货品。,
npc-shop.error.currency-short,NPC商店,{currencyName}不足，当前需要 {total}。,
npc-shop.error.sold-out,NPC商店,此物已售罄{refreshHint}。,
npc-shop.error.stock-short,NPC商店,库存不足，当前仅剩 {remaining}。,
npc-shop.field.quantity,NPC商店,数量,
npc-shop.field.total-price,NPC商店,总价,
npc-shop.field.unit-price,NPC商店,单价,
npc-shop.modal.title,NPC商店,{npcName}的商店,
npc-shop.modal.title-default,NPC商店,商店,
npc-shop.owned-count,NPC商店,已有 {count},
npc-shop.price.sale,NPC商店,售价 {price},
npc-shop.refresh.hours,NPC商店,约 {hours} 小时后补货,
npc-shop.refresh.minutes,NPC商店,约 {minutes} 分后补货,
npc-shop.refresh.within-minute,NPC商店,约 1 分钟内补货,
npc-shop.status.learned,NPC商店,已学,
npc-shop.status.unlocked,NPC商店,已阅,
npc-shop.stock.remaining,NPC商店,余 {remaining}{limit},
npc-shop.stock.simple,NPC商店,库存 {remaining},
npc-shop.stock.sold-out,NPC商店,已售罄,
npc-shop.stock.with-limit,NPC商店,库存 {remaining}/{limit},
npc-shop.toolbar.meta,NPC商店,共 {count} 件，持有 {currencyName} {owned},
react.equipment.empty,React原型,未装备,
react.mail.from,React原型,来自：{from},
react.market.order.quantity,React原型,数量：{quantity},
react.price.label,React原型,价格,
react.prototype.action.close,React原型,关闭,
react.prototype.action.close-scaffold,React原型,关闭 React 脚手架,
react.prototype.action.test-modal,React原型,测试弹层,
react.prototype.action.test-toast,React原型,测试提示,
react.prototype.count.items,React原型,{count} 项,
react.prototype.detail.body,React原型,这是 React 弹层宿主的测试内容。,
react.prototype.detail.subtitle,React原型,弹层宿主,
react.prototype.detail.title,React原型,React 弹层测试,
react.prototype.empty.next-step,React原型,React 面板迁移脚手架已就绪。,
react.prototype.field.action,React原型,行动,
react.prototype.field.character,React原型,角色,
react.prototype.field.inventory,React原型,背包,
react.prototype.field.map,React原型,地图,
react.prototype.field.quest,React原型,任务,
react.prototype.field.technique,React原型,功法,
react.prototype.scaffold.subtitle,React原型,用于验证 React 根、提示、弹层和提示宿主。,
react.prototype.scaffold.title,React原型,React UI 脚手架,
react.prototype.status.offline,React原型,离线,
react.prototype.status.online,React原型,在线,
react.prototype.toast.host-ready,React原型,React 提示宿主正常,
react.prototype.tooltip.line.future,React原型,后续面板可复用此提示层。,
react.prototype.tooltip.line.host,React原型,当前由 React 根统一承载。,
react.prototype.tooltip.probe,React原型,悬停测试 React 提示,
react.prototype.tooltip.title,React原型,React 提示测试,
react.prototype.value.not-login,React原型,未登录,
react.prototype.value.unknown,React原型,未知,
react.stepper.max,React原型,最大,
react.stepper.min,React原型,最小,
react.stepper.quantity,React原型,数量,
