key,category,zh-TW,note
inventory.action-dialog.all,背包,全部,
inventory.action-dialog.choose-count,背包,選擇數量,
inventory.action-dialog.confirm.default,背包,確認,
inventory.action-dialog.confirm.destroy,背包,繼續摧毀,
inventory.action-dialog.confirm.drop,背包,確認丟下,
inventory.action-dialog.confirm.use,背包,確認使用,
inventory.action-dialog.half,背包,一半,
inventory.action-dialog.one,背包,1 個,
inventory.action-dialog.subtitle.max-count,背包,{itemName} · 當前最多 {count} 個,
inventory.action-dialog.title.default,背包,操作物品,
inventory.action-dialog.title.destroy,背包,摧毀物品,
inventory.action-dialog.title.drop,背包,丟下物品,
inventory.action-dialog.title.use,背包,批量使用,
inventory.action.back-detail,背包,返回詳情,
inventory.action.batch-destroy,背包,批量摧毀,
inventory.action.batch-drop,背包,批量丟下,
inventory.action.batch-use,背包,批量使用,
inventory.action.confirm-use,背包,確認使用,
inventory.action.destroy,背包,摧毀,
inventory.action.drop-one,背包,丟下,
inventory.action.label.equip,背包,裝備,
inventory.action.label.formation,背包,佈陣,
inventory.action.label.learn,背包,學習,
inventory.action.label.sect-founding,背包,使用,
inventory.action.label.use,背包,使用,
inventory.action.sort,背包,一鍵整理,
inventory.destroy.back-count,背包,返回修改數量,
inventory.destroy.confirm,背包,確認摧毀,
inventory.destroy.title,背包,確認摧毀,
inventory.destroy.warning,背包,摧毀後物品會永久消失，無法找回。,
inventory.detail.current-count,背包,當前數量,
inventory.detail.desc,背包,物品說明,
inventory.detail.effects,背包,特殊效果,
inventory.detail.equip-slot,背包,裝備部位,
inventory.detail.equipment-bonuses,背包,裝備屬性,
inventory.detail.item-type,背包,物品類型,
inventory.detail.material-bonuses,背包,材料屬性,
inventory.detail.sources,背包,來源,
inventory.detail.status,背包,當前狀態,
inventory.empty.all,背包,背包空空如也,
inventory.empty.filter,背包,當前分類暫無物品,
inventory.filter.all,背包,全部,
inventory.filter.consumable,背包,消耗品,
inventory.filter.equipment,背包,裝備,
inventory.filter.material,背包,材料,
inventory.filter.quest-item,背包,任務物,
inventory.filter.skill-book,背包,功法書,
inventory.formation.action.confirm,背包,確認佈陣,
inventory.formation.action.preview-range,背包,預覽範圍,
inventory.formation.cost.qi,背包,消耗靈力,
inventory.formation.cost.reverse-note,背包,按陣法與陣盤倍率反算,
inventory.formation.cost.spirit-stone,背包,消耗靈石,
inventory.formation.current,背包,當前,
inventory.formation.default-duration,背包,預設,
inventory.formation.default-radius,背包,預設,
inventory.formation.disk,背包,陣盤,
inventory.formation.disk-multiplier,背包,陣盤增幅 {multiplier} 倍,
inventory.formation.effect.intro,背包,效果介紹,
inventory.formation.effect.range,背包,範圍說明,
inventory.formation.effect.scaling,背包,強度含義,
inventory.formation.effect.target,背包,作用對象,
inventory.formation.effect.visibility,背包,可見/通行,
inventory.formation.field.duration,背包,持續,
inventory.formation.field.effect,背包,基礎強度,
inventory.formation.field.range,背包,範圍,
inventory.formation.field.template,背包,陣法,
inventory.formation.min-effect,背包,最小,
inventory.formation.preview,背包,預覽,
inventory.formation.preview.common,背包,通用預覽,
inventory.formation.preview.unique,背包,獨有效果預覽,
inventory.formation.stat.active-cost,背包,開啟消耗,
inventory.formation.stat.duration,背包,預計持續時間,
inventory.formation.stat.effect,背包,實際效果,
inventory.formation.stat.inactive-cost,背包,關閉消耗,
inventory.formation.stat.radius,背包,半徑,
inventory.formation.stat.total-aura,背包,總靈力,
inventory.formation.stat.total-stones,背包,總靈石,
inventory.formation.subtitle,背包,{itemName} · {tier} · {multiplier} 倍靈力,
inventory.formation.title,背包,佈置陣法,
inventory.load-more,背包,向下滾動繼續加載（已顯示 {rendered} / {total}）,
inventory.modal.item-subtitle,背包,{type} · 數量 {count},
inventory.modal.item-subtitle.count-only,背包,{itemName} · 數量 {count},
inventory.preview-range,背包,預覽範圍：{shape}半徑 {radius},
inventory.sect-founding.confirm,背包,建立宗門,
inventory.sect-founding.dialog.hint,背包,點擊空白處取消,
inventory.sect-founding.dialog.subtitle,背包,{itemName} · 當前位置開闢山門,
inventory.sect-founding.dialog.title,背包,建立宗門,
inventory.sect-founding.mark-invalid,背包,宗門印記只能是一個字。,
inventory.sect-founding.mark-label,背包,宗門印記,
inventory.sect-founding.mark-placeholder,背包,單字,
inventory.sect-founding.name-invalid,背包,宗門名稱需為 2 到 12 個字。,
inventory.sect-founding.name-label,背包,宗門名稱,
inventory.sect-founding.name-placeholder,背包,例如：青玄宗,
inventory.source.collapse,背包,收起來源,
inventory.source.expand-all,背包,展開全部來源（{count}）,
inventory.special-use.root-seed.divine.line-1,背包,使用後，五行靈根會直接全部固定為 100。,
inventory.special-use.root-seed.divine.title,背包,確認使用神品靈根幼苗,
inventory.special-use.root-seed.heaven.line-1,背包,使用後，五行靈根會先全部定為 99，再逐項以 50% 概率升到 100，且至少保底一項為 100。,
inventory.special-use.root-seed.heaven.title,背包,確認使用天品靈根幼苗,
inventory.special-use.root-seed.line-2,背包,當前底蘊 {foundation}，本次會消耗 {foundationCost}，使用後剩餘 {remainingFoundation}。,
inventory.special-use.root-seed.line-3,背包,當前逆天改命累計 {currentRerollCount} 次，使用後會額外增加 {gainedRerollCount} 次，變為 {nextRerollCount} 次。,
inventory.special-use.shatter-spirit-pill.line-1,背包,使用後會立刻重置天門，清掉當前已開出的靈根結果，並回到可重新開天門的狀態。,
inventory.special-use.shatter-spirit-pill.line-2,背包,當前境界修為 {currentExp}，本次會消耗 {expCost}，使用後剩餘 {remainingExp}。,
inventory.special-use.shatter-spirit-pill.line-3,背包,當前逆天改命累計 {currentRerollCount} 次，使用後會額外增加 1 次，變為 {nextRerollCount} 次。,
inventory.special-use.shatter-spirit-pill.title,背包,確認使用碎靈丹,
inventory.status.learned,背包,已學,
inventory.status.read,背包,已閱,
inventory.technique-learning-warning.cancel,背包,取消學習,
inventory.technique-learning-warning.confirm,背包,確認學習,
inventory.technique-learning-warning.line-1,背包,目標功法當前過於晦澀難懂，獲得的經驗值會大幅衰減。,
inventory.technique-learning-warning.line-2,背包,你當前比這門功法低 {gap} 個境界，已超過 {threshold} 個境界的提醒閾值。,
inventory.technique-learning-warning.line-3,背包,確認後仍會照常學習；若暫時不學，點取消即可返回。,
inventory.technique-learning-warning.title,背包,確認學習 {name},
inventory.title,背包,背包,
inventory.title.with-count,背包,背包 ({count}/{capacity}),
inventory.use-confirm.instructions,背包,使用說明,
side-panel.toggle.bottom.collapse,佈局,收起下方面板,
side-panel.toggle.bottom.expand,佈局,展開下方面板,
side-panel.toggle.left.collapse,佈局,收起左側區域,
side-panel.toggle.left.expand,佈局,展開左側區域,
side-panel.toggle.right.collapse,佈局,收起右側區域,
side-panel.toggle.right.expand,佈局,展開右側區域,
craft.workbench.modal.back,彈層,返回,
craft.workbench.modal.close,彈層,關閉,
craft.workbench.modal.close-hint,彈層,點擊空白處關閉,
detail-modal.hint.close,彈層,點擊空白處關閉,
modal.confirm.cancel,彈層,取消,確認彈層取消按鈕
modal.confirm.ok,彈層,確認,確認彈層確認按鈕
modal.detail.close-hint,彈層,點擊空白處關閉,詳情彈層預設關閉提示
navigation.toast.no-nearby-position,導航,找不到能靠近該場景人物的位置,
map-interaction.toast.build-out-of-range,地圖交互,超出建造範圍，最多 {range} 格,
map-interaction.toast.cast-out-of-range,地圖交互,超出施法範圍，最多 {range} 格,
map-interaction.toast.inspect-visible-only,地圖交互,僅可察視當前可見之地,
map-interaction.toast.loot-out-of-range,地圖交互,超出拿取範圍，最多 {range} 格,
map-interaction.toast.no-target,地圖交互,此處無可用之目標,
map-interaction.toast.projection-observe-only,地圖交互,窗外投影當前僅支持觀察,
map-interaction.toast.select-visible-tile,地圖交互,請選擇當前視野內的目標格,
map-interaction.toast.sense-visible-only,地圖交互,神識僅可觸及視野之內,
map-interaction.toast.target-required,地圖交互,此術需有指向之目標,
map-interaction.toast.unknown-tile,地圖交互,未知之地，未可踏足,
map-interaction.toast.unreachable,地圖交互,此地無法抵達,
map-render.buff.overflow,地圖渲染,其餘 {count} 項,範圍D固定前端可見文本
map-render.entity.building,地圖渲染,建築,範圍D固定前端可見文本
map-render.entity.container,地圖渲染,箱具,範圍D固定前端可見文本
map-render.entity.crowd,地圖渲染,人群,範圍D固定前端可見文本
map-render.entity.formation,地圖渲染,陣法,範圍D固定前端可見文本
map-render.entity.mechanism,地圖渲染,機關,範圍D固定前端可見文本
map-render.entity.monster,地圖渲染,妖獸,範圍D固定前端可見文本
map-render.entity.npc,地圖渲染,道人,範圍D固定前端可見文本
map-render.entity.player,地圖渲染,修士,範圍D固定前端可見文本
map-render.entity.portal,地圖渲染,傳送點,範圍D固定前端可見文本
map-render.ground.overflow,地圖渲染,其餘 {count} 種,範圍D固定前端可見文本
map-render.ground.overflow-mark,地圖渲染,餘,範圍D固定前端可見文本
map-render.local-player-char,地圖渲染,我,範圍D固定前端可見文本
map-render.respawn-countdown,地圖渲染,回生 {countdown},範圍D固定前端可見文本
map-render.seconds,地圖渲染,{seconds}息,範圍D固定前端可見文本
login.bootstrap.in-progress,登入,正在接引角色進入世界...,等待 Socket Bootstrap 首包
login.display-name.available,登入,此道號可用,顯示名可用狀態
login.display-name.check-failed,登入,驗查未果,顯示名檢查異常兜底
login.display-name.checking,登入,正在驗查...,顯示名遠端檢查中
login.display-name.required,登入,註冊時必填,顯示名必填狀態
login.display-name.taken,登入,此道號已被佔用,顯示名佔用兜底
login.error.login-failed,登入,登入失敗,登入接口異常兜底
login.error.register-failed,登入,註冊失敗,註冊接口異常兜底
login.login-name.label,登入,賬號 / 角色名,登入名標籤
login.login-name.placeholder,登入,輸入賬號或角色名,登入名輸入框佔位
login.mode.login,登入,登入,登入模式按鈕和提交按鈕
login.mode.register,登入,註冊,註冊模式按鈕和提交按鈕
login.restore.failed,登入,重歸失敗,會話恢復失敗兜底
login.restore.in-progress,登入,正在重歸天地...,會話恢復狀態
loot.action.gathering,掉落,連續採摘中,
loot.action.start-gather,掉落,開始採摘,
loot.action.stop-gather,掉落,停止採集,
loot.action.stop-search,掉落,停止搜索,
loot.action.take,掉落,拿取,
loot.action.take-all,掉落,全部拿取,
loot.empty.none,掉落,這裡什麼都沒有。,
loot.herb.available,掉落,可採集,
loot.herb.gather-ticks,掉落,採集 {ticks} 息,
loot.herb.respawn-ticks,掉落,回生 {ticks} 息,
loot.herb.respawning,掉落,回生中,
loot.herb.start-hint,掉落,點擊開始連續採摘,
loot.herb.start-title,掉落,點擊開始連續採摘當前草藥,
loot.herb.stock-count,掉落,存量 {count} 朵,
loot.item.type.container,掉落,容器,
loot.item.type.current-stock,掉落,當前庫存,
loot.item.type.ground,掉落,地面,
loot.modal.subtitle.coords,掉落,"座標 ({x}, {y})",
loot.search.heading.harvest,掉落,連續採摘中,
loot.search.heading.herb,掉落,採集中,
loot.search.heading.search,掉落,搜索中,
loot.search.progress,掉落,{elapsed} / {total} 息,
loot.source.container-search,掉落,容器搜索{grade},
loot.source.ground,掉落,直接拾取,
loot.source.herb-gather,掉落,草藥採集{grade},
auction.action.buy,坊市,確認購買,
auction.action.buyout,坊市,確認一口價,
auction.bid-history.empty,坊市,暫無出價記錄。,
auction.bid-history.title,坊市,出價記錄,
auction.bidder.anonymous,坊市,匿名修士 {index},
auction.countdown,坊市,剩餘時間,
auction.empty.select-lot,坊市,請選擇左側拍品。,
auction.filter.all,坊市,全部分類,
auction.filter.note,坊市,拍賣行交易收取 5% 手續費，最低 100 靈石。,
auction.filter.placeholder,坊市,輸入拍品名,
auction.filter.search,坊市,搜索拍品,
auction.loading,坊市,拍賣行行情查探中...,
auction.ribbon.mine,坊市,我的寄拍,
auction.subtitle,坊市,競價拍品與寄拍管理,
auction.summary.active,坊市,正在拍賣,
auction.summary.buyout,坊市,{count} 件可一口價,
auction.tab.history,坊市,成交記錄,
auction.tab.mine,坊市,我的寄拍,
auction.tab.participate,坊市,參與拍賣,
auction.title,坊市,拍賣行,
market.auction.action.bid,坊市,出價,
market.auction.action.buyout,坊市,一口價,
market.auction.action.cancel-consign,坊市,撤回寄拍,
market.auction.action.create,坊市,發起拍賣,
market.auction.bid-count,坊市,{count} 次出價,
market.auction.card.mine,坊市,我的寄拍,
market.auction.card.my-bids,坊市,{count} 件正在競價,
market.auction.card.participate,坊市,參與拍賣,
market.auction.card.storage-count,坊市,{count} 件待結算,
market.auction.consign.buyout-price,坊市,一口價,
market.auction.consign.close,坊市,收起,
market.auction.consign.duration-hours,坊市,持續時間（小時）,
market.auction.consign.duration-range,坊市,{min}-{max} 小時，預設 {default} 小時。,
market.auction.consign.empty,坊市,背包裡暫無可寄拍物品。,
market.auction.consign.filtered-selected,坊市,當前已選物品被搜索條件隱藏，仍會按已選物品寄拍。,
market.auction.consign.hour-unit,坊市,小時,
market.auction.consign.insufficient-fee,坊市,{currencyName}不足，上架需要 {listingFee}。,
market.auction.consign.invalid-total,坊市,當前數量和總價無法形成有效拍賣價格。,
market.auction.consign.listing-fee,坊市,上架費,
market.auction.consign.no-buyout,坊市,不支持一口價,
market.auction.consign.no-selection,坊市,未選擇,
market.auction.consign.package,坊市,打包 {count} 件,
market.auction.consign.package-count,坊市,寄拍數量,
market.auction.consign.search,坊市,搜索物品,
market.auction.consign.search-empty,坊市,沒有匹配的可寄拍物品。,
market.auction.consign.search-placeholder,坊市,輸入物品名稱,
market.auction.consign.select-hint,坊市,先選擇要打包寄拍的背包物品。,
market.auction.consign.start-price,坊市,起拍總價,
market.auction.consign.submit,坊市,確認寄拍,
market.auction.consign.subtitle,坊市,選擇背包物品，按整包總價打包寄拍。,
market.auction.consign.title,坊市,發起拍賣,
market.auction.consign.total-hint,坊市,起拍總價 {totalPrice} {currencyName}，一口價 {buyoutPrice}，持續 {durationHours} 小時，上架費 {listingFee} {currencyName}。,
market.auction.consign.visible-count,坊市,{visible} / {total} 件,
market.auction.empty.mine,坊市,當前沒有寄拍中的物品。,
market.auction.empty.participate,坊市,當前篩選下暫無可參與拍品。,
market.auction.feed.empty,坊市,暫無拍賣動態。,
market.auction.feed.status.bid,坊市,競價,
market.auction.feed.status.buyout,坊市,可一口,
market.auction.head.buyout-price,坊市,一口價,
market.auction.head.current-price,坊市,當前價,
market.auction.head.item,坊市,物品,
market.auction.head.list-price,坊市,寄拍價,
market.auction.head.quality,坊市,品質,
market.auction.head.remaining,坊市,剩餘,
market.auction.head.remaining-time,坊市,剩餘時間,
market.auction.head.status,坊市,狀態,
market.auction.hint.bid-and-buyout,坊市,出價按當前總價加一檔起拍；一口價會先確認再嘗試立即成交。,
market.auction.hint.remaining,坊市,剩餘數量 {count}，撤回後返還至託管倉與背包。,
market.auction.hint.repeat-bid,坊市,你已經對這件物品發起競價，不能重複出價。,
market.auction.history.role.buyer,坊市,買家,
market.auction.history.role.seller,坊市,賣家,
market.auction.history.scope.all,坊市,全部記錄,
market.auction.history.scope.mine,坊市,我的記錄,
market.auction.history.side.traded,坊市,成交,
market.auction.history.title.all,坊市,全服成交記錄,
market.auction.history.title.default,坊市,成交記錄,
market.auction.history.title.mine,坊市,我的成交記錄,
market.auction.history.unknown-player,坊市,未知玩家,
market.auction.mine.copy,坊市,撤回寄拍後，剩餘物品返還至託管倉與背包。,
market.auction.mine.status.consigning,坊市,寄拍中 {count},
market.auction.mine.status.failed,坊市,流拍 {count},
market.auction.mine.status.sold,坊市,已成交 {count},
market.auction.mine.title,坊市,寄拍狀態,
market.auction.open,坊市,打開拍賣行,
market.auction.refresh,坊市,刷新列表,
market.auction.summary.copy,坊市,競價、關注和寄拍集中在獨立拍賣行界面處理，簡報只顯示當前可參與狀態。,
market.auction.summary.title,坊市,拍賣簡報,
market.book.action.buy,坊市,購買,
market.book.action.buy-request,坊市,求購,
market.book.action.sell,坊市,掛售,
market.book.action.sell-request,坊市,出售,
market.book.column.buy,坊市,求購,
market.book.column.sell,坊市,掛售,
market.book.empty.buy,坊市,暫無求購。,
market.book.empty.enhance-level,坊市,選定具體強化等級後查看盤面。,
market.book.empty.sell,坊市,暫無售單。,
market.book.group.hint.enhance,坊市,該裝備有強化等級區分，點擊左側條目後會先進入強化等級列表。,
market.book.group.hint.normal,坊市,點擊左側物品後，這裡會顯示當前掛售、求購和快捷交易入口。,
market.book.loading.buy,坊市,買盤查探中...,
market.book.loading.sell,坊市,賣盤查探中...,
market.book.subtitle.enhance-select,坊市,該裝備支持強化，請先從左側選擇要交易的強化等級。,
market.book.subtitle.group,坊市,{typeLabel} · 點擊左側物品查看具體盤面,
market.empty.category,坊市,當前分類下暫時沒有物品。,
market.empty.select-item,坊市,請選擇左側物品。,
market.enhance.attempts,坊市,期望次數,
market.enhance.no-protection,坊市,無保護,
market.enhance.none,坊市,暫無,
market.enhance.pending,坊市,查探中,
market.enhance.time,坊市,期望時間,
market.enhance.title,坊市,強化估算,
market.filter.all,坊市,全部,
market.filter.equipment-all,坊市,全部裝備,
market.filter.technique-all,坊市,全部功法,
market.history.empty,坊市,尚無交易往來。,
market.history.loading,坊市,交易記錄調閱中...,
market.history.side.buy,坊市,購入,
market.history.side.sell,坊市,售出,
market.loading,坊市,坊市行情查探中...,
market.my-orders.buy,坊市,我的求購,
market.my-orders.empty.buy,坊市,當前沒有求購掛單。,
market.my-orders.empty.sell,坊市,當前沒有掛售單。,
market.my-orders.sell,坊市,我的掛售,
market.order.cancel,坊市,取消訂單,
market.order.side.buy,坊市,求購,
market.order.side.sell,坊市,掛售,
market.pane.hint,坊市,坊市支持匿名掛售、求購與自動撮合，成交物會優先嚐試進入背包，放不下時轉入托管倉。,
market.pane.open,坊市,打開坊市,
market.pane.stat.listed,坊市,可見盤面,
market.pane.stat.orders,坊市,我的掛單,
market.pane.stat.storage,坊市,託管物品,
market.pane.title,坊市,坊市,
market.price.buy,坊市,買 {price},
market.price.sell,坊市,賣 {price},
market.side-tabs.title,坊市,坊市分欄,
market.status.learned,坊市,已學,
market.status.unlocked,坊市,已閱,
market.storage.claim-all,坊市,全部領取,
market.storage.empty,坊市,託管倉空空如也。,
market.storage.title,坊市,坊市託管倉,
market.subtitle,坊市,天下修士互通有無,
market.tab.market,坊市,市場,
market.tab.my-orders,坊市,我的交易,
market.tab.trade-history,坊市,交易記錄,
market.tab.transmission,坊市,傳法臺,
market.title,坊市,坊市,
market.toolbar.page,坊市,共 {total} 件，第 {page} / {totalPages} 頁,
market.toolbar.variants,坊市,{itemName} · 共 {totalVariants} 個強化等級,
market.trade.action.bid,坊市,確認加價,
market.trade.action.buy,坊市,確認求購,
market.trade.action.max,坊市,最大,
market.trade.action.sell,坊市,確認掛售,
market.trade.buy-confirm.estimate,坊市,撮合預估,
market.trade.buy-confirm.immediate,坊市,預計立即成交,
market.trade.buy-confirm.max-reserved,坊市,最高佔用,
market.trade.buy-confirm.pending,坊市,剩餘掛單,
market.trade.buy-confirm.pending-count,坊市,{count} 件,
market.trade.buy-confirm.quantity,坊市,購買數量,
market.trade.buy-confirm.refund-hint,坊市,若賣盤成交價低於出價，差額將自動退還。,
market.trade.buy-confirm.summary.direct,坊市,預計會按當前賣盤直接成交 {immediateQuantity} 件。,
market.trade.buy-confirm.summary.pending,坊市,當前無法保證立刻成交，確認後會按當前單價掛出求購單。,
market.trade.buy-confirm.summary.split,坊市,預計先按當前賣盤成交 {immediateQuantity} 件，剩餘 {pendingQuantity} 件會繼續掛為求購單。,
market.trade.buy-confirm.unit-price,坊市,單價 {unitPrice} {currencyName},
market.trade.buyout-confirm.insufficient,坊市,{currencyName}不足，無法按一口價成交。,
market.trade.buyout-confirm.lot-no,坊市,拍品編號,
market.trade.buyout-confirm.price,坊市,一口價,
market.trade.buyout-confirm.quantity,坊市,成交數量,
market.trade.buyout-confirm.quantity-value,坊市,{count} 件,
market.trade.buyout-confirm.ready,坊市,確認後會按一口價發起立即成交，不再進入加價輸入。,
market.trade.buyout-confirm.total,坊市,本次支付,
market.trade.field.quantity,坊市,數量,
market.trade.field.total,坊市,總價,
market.trade.field.unit-price,坊市,單價,
market.trade.hint.conflict-buy,坊市,你已在掛售這件物品，不能再求購。,
market.trade.hint.conflict-sell,坊市,你已在求購這件物品，不能再掛售。,
market.trade.hint.insufficient-currency,坊市,{currencyName}不足，當前需要 {totalCost}。,
market.trade.hint.insufficient-step.buy,坊市,當前 {currencyName} 或數量上限不足以按該單價成交至少 {quantityStep} 件。,
market.trade.hint.insufficient-step.sell,坊市,當前持有數量不足 {quantityStep} 件，不能按該單價掛售。,
market.trade.hint.min-bid,坊市,最低加價為 {unitPrice} {currencyName}，價格只按坊市檔位遞增或遞減。,
market.trade.hint.quantity-step,坊市,當前單價下必須按 {quantityStep} 件的倍數交易，{currencyName} x1 可買 {quantityStep} 件。,
market.trade.title.bid,坊市,拍賣加價,
market.trade.title.buy,坊市,發起求購,
market.trade.title.sell,坊市,發起掛售,
market.trade.total.bid,坊市,出價佔用,
market.trade.total.buy,坊市,總價,
market.trade.total.sell,坊市,總額,
market.transmission.action.buy,坊市,求取此法,
market.transmission.action.cancel,坊市,撤回寄售,
market.transmission.category.all,坊市,全部功法,
market.transmission.category.label,坊市,功法分類,
market.transmission.category.unknown,坊市,未分類,
market.transmission.consign.choose,坊市,選擇殘卷,
market.transmission.consign.close,坊市,收起,
market.transmission.consign.empty,坊市,暫無可上架殘卷。,
market.transmission.consign.no-selection,坊市,未選擇殘卷,
market.transmission.consign.open,坊市,上架殘卷,
market.transmission.consign.open-short,坊市,從背包選擇,
market.transmission.consign.search-empty,坊市,沒有匹配的殘卷。,
market.transmission.consign.selected,坊市,已選殘卷,
market.transmission.consign.submit,坊市,確認上架,
market.transmission.consign.title,坊市,上架殘卷,
market.transmission.consign.visible-count,坊市,{visible} / {total} 卷,
market.transmission.empty.mine,坊市,暫無寄售中的功法殘卷。,
market.transmission.empty.participate,坊市,當前篩選下暫無功法殘卷。,
market.transmission.empty.select,坊市,請選擇一卷功法。,
market.transmission.grade.unknown,坊市,品階未明,
market.transmission.head.category,坊市,類別,
market.transmission.head.item,坊市,功法,
market.transmission.head.price,坊市,售價,
market.transmission.head.quality,坊市,品階,
market.transmission.head.seller,坊市,傳法者,
market.transmission.loading,坊市,正在載入傳法臺,
market.transmission.page-status,坊市,共 {total} 卷，第 {page} / {totalPages} 頁,
market.transmission.page.next,坊市,下一頁,
market.transmission.page.prev,坊市,上一頁,
market.transmission.realm.unknown,坊市,境界未明,
market.transmission.ribbon.mine,坊市,我的寄售,
market.transmission.search,坊市,搜索功法,
market.transmission.search-placeholder,坊市,輸入功法名稱,
market.transmission.sort.grade-desc,坊市,品階從高到低,
market.transmission.sort.label,坊市,排序,
market.transmission.sort.name-asc,坊市,名稱順序,
market.transmission.sort.newest,坊市,最新上架,
market.transmission.sort.price-asc,坊市,售價從低到高,
market.transmission.sort.price-desc,坊市,售價從高到低,
market.transmission.sort.realm-desc,坊市,境界從高到低,
market.transmission.summary.active,坊市,在售殘卷,
market.transmission.summary.filtered,坊市,當前結果,
market.transmission.summary.listing,坊市,上架中,
market.transmission.summary.mine,坊市,我的寄售,
market.transmission.summary.result,坊市,卷,
market.transmission.summary.scroll-unit,坊市,卷,
market.transmission.summary.wallet,坊市,我的靈石,
market.transmission.tab.mine,坊市,我的寄售,
market.transmission.tab.participate,坊市,求取功法,
market.transmission.unknown-technique,坊市,未知功法,
mail.action.claim,飛書,收取信物,
mail.action.claim-selected,飛書,領取勾選,
mail.action.clear-selection,飛書,清空勾選,
mail.action.delete,飛書,刪除,
mail.action.delete-selected,飛書,刪除勾選,
mail.action.mark-read,飛書,標已閱,
mail.action.next-page,飛書,下一頁,
mail.action.prev-page,飛書,上一頁,
mail.action.select-page,飛書,全選本頁,
mail.attachment.page-meta,飛書,第 {page} / {totalPages} 頁,
mail.attachment.title,飛書,信物,
mail.detail.note,飛書,單實例詳情彈層,
mail.detail.title,飛書,郵件詳情,
mail.empty.attachments,飛書,這封郵件無信物,
mail.empty.body,飛書,這封郵件無正文內容。,
mail.empty.detail,飛書,請選擇一封郵件查看詳情,
mail.empty.list,飛書,當前篩選下暫無郵件,
mail.expire.at,飛書,到期 {time},
mail.expire.permanent,飛書,長期保留,
mail.expire.until,飛書,至 {time},
mail.filter.all,飛書,全部,
mail.filter.claimable,飛書,可取信物,
mail.filter.unread,飛書,未閱,
mail.list.note,飛書,按需拉取，不在登入首包塞整箱正文,
mail.list.title,飛書,郵件列表,
mail.modal.close-hint,飛書,點擊空白處關閉,
mail.modal.subtitle,飛書,未閱 {unreadCount} · 可取信物 {claimableCount},
mail.modal.title,飛書,飛書檯,
mail.state.claimable,飛書,可取信物,
mail.state.claimed,飛書,信物已取,
mail.state.no-attachments,飛書,無信物,
mail.state.read,飛書,已閱,
mail.state.unread,飛書,未閱,
mail.summary.claimable,飛書,可取信物,
mail.summary.claimable-note,飛書,信物取出由天道控捲，不入地圖廣播。,
mail.summary.current-filter,飛書,當前篩選,
mail.summary.empty,飛書,信箋無言,
mail.summary.page-meta,飛書,第 {page} / {totalPages} 頁，已勾選 {selectedCount} 封。,
mail.summary.page-meta-selected,飛書,第 {page} / {totalPages} 頁，已勾選 {selected} 封。,
mail.summary.unread,飛書,未閱,
mail.summary.unread-note,飛書,點入信箋，歸入已閱。,
changelog.panel.close-hint,更新日誌,點擊空白處關閉,
changelog.panel.section.title,更新日誌,更新日誌,
changelog.panel.subtitle.empty,更新日誌,暫無記載,
changelog.panel.subtitle.latest,更新日誌,最近記載：{updatedAt},
changelog.panel.title,更新日誌,歲月史書,
craft.enhancement.enhance-final-target,工坊,· 最終目標 +{level},
craft.enhancement.enhance-progress,工坊,進行中：+{current} → +{target},
craft.enhancement.enhance-role-level,工坊,角色強化等級 Lv.{level} · 效率提升 {percent},
craft.enhancement.enhance-ticks,工坊,{ticks} 息,
craft.enhancement.first-stage-rate,工坊,首階 {rate},
craft.enhancement.owned-count,工坊,持有 {count},
craft.enhancement.unknown-item,工坊,未知物品,
craft.workbench.alchemy-recipe-meta,工坊,一爐 {count} {unit} · 耗時 {ticks} 息 · {presetText},
craft.workbench.enhance-final-target,工坊,· 最終目標 +{level},
craft.workbench.enhance-progress,工坊,進行中：+{current} → +{target},
craft.workbench.enhance-role-level,工坊,角色強化等級 Lv.{level} · 效率提升 {percent},
craft.workbench.enhance-ticks,工坊,{ticks} 息,
craft.workbench.initial-copper-array-plate,工坊,凡品陣盤,
craft.workbench.initial-copper-array-plate-note,工坊,陣法入門器具,
craft.workbench.initial-copper-building-hammer,工坊,銅營造錘,
craft.workbench.initial-copper-building-hammer-note,工坊,營造入門工具,
craft.workbench.initial-copper-forging-tool,工坊,銅煉器鉗,
craft.workbench.initial-copper-forging-tool-note,工坊,煉器入門工具,
craft.workbench.initial-copper-furnace,工坊,銅胎丹爐,
craft.workbench.initial-copper-furnace-note,工坊,煉丹入門工具,
craft.workbench.initial-copper-hammer,工坊,銅強化錘,
craft.workbench.initial-copper-hammer-note,工坊,強化入門工具,
craft.workbench.initial-copper-luopan,工坊,銅羅盤,
craft.workbench.initial-copper-luopan-note,工坊,望氣入門器具,
skill.formula.meta.caster-max-hp,功法,生命,
skill.formula.meta.caster-max-qi,功法,靈力,
skill.formula.meta.caster-stat-anti-crit,功法,免爆,
skill.formula.meta.caster-stat-break-power,功法,破招,
skill.formula.meta.caster-stat-crit,功法,暴擊,
skill.formula.meta.caster-stat-crit-damage,功法,暴傷,
skill.formula.meta.caster-stat-dodge,功法,閃避,
skill.formula.meta.caster-stat-hit,功法,命中,
skill.formula.meta.caster-stat-max-hp,功法,生命,
skill.formula.meta.caster-stat-max-qi,功法,靈力,
skill.formula.meta.caster-stat-move-speed,功法,移速,
skill.formula.meta.caster-stat-phys-atk,功法,物攻,
skill.formula.meta.caster-stat-phys-def,功法,護甲,
skill.formula.meta.caster-stat-resolve-power,功法,化解,
skill.formula.meta.caster-stat-spell-atk,功法,法攻,
skill.formula.meta.caster-stat-spell-def,功法,法抗,
skill.formula.meta.target-max-hp,功法,目標生命,
skill.formula.meta.target-max-qi,功法,目標靈力,
skill.formula.meta.target-stat-anti-crit,功法,目標免爆,
skill.formula.meta.target-stat-break-power,功法,目標破招,
skill.formula.meta.target-stat-crit,功法,目標暴擊,
skill.formula.meta.target-stat-crit-damage,功法,目標暴傷,
skill.formula.meta.target-stat-dodge,功法,目標閃避,
skill.formula.meta.target-stat-hit,功法,目標命中,
skill.formula.meta.target-stat-move-speed,功法,目標移速,
skill.formula.meta.target-stat-phys-def,功法,目標護甲,
skill.formula.meta.target-stat-resolve-power,功法,目標化解,
skill.formula.meta.target-stat-spell-def,功法,目標法抗,
skill.formula.var.caster-attr,功法,自身{label},
skill.formula.var.caster-hp,功法,自身當前氣血,
skill.formula.var.caster-max-hp,功法,自身最大氣血,
skill.formula.var.caster-stat,功法,自身{label},
skill.formula.var.target-attr,功法,目標{label},
skill.formula.var.target-count,功法,命中目標數,
skill.formula.var.target-hp,功法,目標當前氣血,
skill.formula.var.target-max-hp,功法,目標最大氣血,
skill.formula.var.target-stat,功法,目標{label},
technique.action.cancel-cultivate,功法,取消主修,
technique.action.set-cultivate,功法,設為主修,
technique.card.layer,功法,第{level}/{maxLevel}層,
technique.card.skills-toggle,功法,術法 {state},
technique.comprehension.discard.action,功法,放棄領悟,
technique.comprehension.discard.confirm.body,功法,放棄後會刪除 {name} 的全部未領悟進度。,
technique.comprehension.discard.confirm.cancel,功法,保留進度,
technique.comprehension.discard.confirm.ok,功法,確認放棄,
technique.comprehension.discard.confirm.subtitle,功法,該操作不可撤銷,
technique.comprehension.discard.confirm.title,功法,確認放棄 {name},
technique.constellation.hover.gain,功法,收益：{value},
technique.constellation.hover.realm,功法,境界：{realm},
technique.constellation.hover.total,功法,累計：{value},
technique.constellation.node.0,功法,天樞,
technique.constellation.node.1,功法,天璇,
technique.constellation.node.10,功法,少微,
technique.constellation.node.11,功法,玄戈,
technique.constellation.node.12,功法,北落,
technique.constellation.node.13,功法,南門,
technique.constellation.node.14,功法,角宿,
technique.constellation.node.15,功法,心宿,
technique.constellation.node.2,功法,天璣,
technique.constellation.node.3,功法,天權,
technique.constellation.node.4,功法,玉衡,
technique.constellation.node.5,功法,開陽,
technique.constellation.node.6,功法,搖光,
technique.constellation.node.7,功法,太微,
technique.constellation.node.8,功法,紫微,
technique.constellation.node.9,功法,天市,
technique.constellation.note.completed,功法,當前已抵達 {level} 層圓滿，點擊任意星位切換下方註解。,
technique.constellation.note.current,功法,當前停駐第 {level} 層，周天流轉 {percent}%，點擊任意星位切換下方註解。,
technique.constellation.progress.breaking,功法,進度：正在突破，承接 {percent}%,
technique.constellation.progress.current,功法,進度：當前停駐，周天流轉 {percent}%,
technique.constellation.progress.locked,功法,進度：境界未至,
technique.constellation.progress.passed,功法,進度：已貫通,
technique.contribution.with-raw,功法,{total}（原始：{raw}）,
technique.empty.no-completed,功法,當前沒有已圓滿的功法,
technique.empty.no-filtered,功法,當前篩選下沒有符合條件的功法,
technique.empty.no-in-progress,功法,當前沒有未圓滿的功法,
technique.empty.none-learned,功法,尚未習得功法,
technique.error.create-card-failed,功法,建立功法卡片元素失敗,
technique.exp-tooltip.above-level,功法,當前高於功法 {delta} 級，功法經驗修正為 {percent}%。,
technique.exp-tooltip.below-level,功法,當前低於功法 {delta} 級，功法經驗修正為 {percent}%。,
technique.exp-tooltip.player-realm,功法,你的境界：{realm},
technique.exp-tooltip.rule,功法,功法修速隨境界差而變。,
technique.exp-tooltip.same-level,功法,當前與功法同級，功法經驗修正為 {percent}%。,
technique.exp-tooltip.step,功法,每低一階減 {percent}%，每高一階增 {percent}%。,
technique.exp-tooltip.tech-realm,功法,此功法境界：{realm},
technique.exp-tooltip.title,功法,功法經驗修正,
technique.filter.category.all,功法,全部,
technique.filter.category.arts,功法,術法,
technique.filter.category.divine,功法,神通,
technique.filter.category.internal,功法,內功,
technique.filter.category.secret,功法,秘術,
technique.filter.status.all,功法,全部,
technique.filter.status.completed,功法,已圓滿,
technique.filter.status.in-progress,功法,未圓滿,
technique.focus.label.layer-attrs,功法,本層原始收益,
technique.focus.label.progress,功法,層位進度,
technique.focus.label.skill-nodes,功法,技能節點,
technique.focus.label.total-attrs,功法,至此累計加成,
technique.focus.title,功法,第 {level} 層星位,
technique.forget.action,功法,遺忘功法,
technique.forget.confirm.body-1,功法,即將遺忘 {name}，該功法提供的屬性與已解鎖技能會從角色身上移除。,
technique.forget.confirm.body-2,功法,當前主修若為該功法，會同時取消主修並停止修煉。,
technique.forget.confirm.cancel,功法,暫不遺忘,
technique.forget.confirm.ok,功法,確認遺忘,
technique.forget.confirm.subtitle,功法,遺忘後需要重新獲取或領悟才能再次掌握,
technique.forget.confirm.title,功法,確認遺忘 {name},
technique.layer.endpoint,功法,此層已是終點,
technique.layer.milestone,功法,此層踏入{realm},
technique.layer.next-exp,功法,升下一層需 {exp} 功法經驗,
technique.layer.no-attr-gain,功法,本層不增加屬性,
technique.layer.no-skill,功法,此層未解鎖新技能,
technique.layer.realm-stage,功法,此層屬{realm}階段,
technique.layer.state.current,功法,當前停駐,
technique.layer.state.locked,功法,尚未抵達,
technique.layer.state.passed,功法,已貫通,
technique.modal.label.current-bonus,功法,當前總加成,
technique.modal.label.current-exp,功法,當前經驗,
technique.modal.label.total-exp,功法,總經驗,
technique.modal.section.constellation,功法,周天星圖,
technique.modal.section.focus,功法,星位註解,
technique.modal.subtitle,功法,{realmLevel} · {grade} · {realm} · 第 {level}/{maxLevel} 層,
technique.progress.completed,功法,當前已達圓滿層,
technique.progress.fragment-limit,功法,已達殘卷上限,
technique.progress.fragment-limit-note,功法,當前受殘卷層數限制,
technique.progress.max-level,功法,已滿層,
technique.progress.remain-exp,功法,距下一層還需 {exp} 功法經驗,
technique.skill.empty,功法,此功法暫無技能。,
technique.skill.locked,功法,未解鎖,
technique.skill.unlock-meta,功法,第 {level} 層解鎖 · {state},
technique.skill.unlocked,功法,已解鎖,
observe.buff.category.buff,觀察,增益,範圍D固定前端可見文本
observe.buff.category.debuff,觀察,減益,範圍D固定前端可見文本
observe.buff.duration,觀察,{remaining} / {duration} 息,範圍D固定前端可見文本
observe.buff.empty.buffs,觀察,當前未見明顯增益狀態,範圍D固定前端可見文本
observe.buff.empty.debuffs,觀察,當前未見明顯減益狀態,範圍D固定前端可見文本
observe.buff.section.buffs,觀察,增益狀態,範圍D固定前端可見文本
observe.buff.section.debuffs,觀察,減益狀態,範圍D固定前端可見文本
observe.buff.tooltip.category,觀察,類別：{category},範圍D固定前端可見文本
observe.buff.tooltip.effect,觀察,效果：{effect},範圍D固定前端可見文本
observe.buff.tooltip.remaining,觀察,剩餘：{duration},範圍D固定前端可見文本
observe.buff.tooltip.source,觀察,來源：{source},範圍D固定前端可見文本
observe.buff.tooltip.stacks,觀察,層數：{stacks} / {max},範圍D固定前端可見文本
observe.entity.crowd,觀察,人群,範圍D固定前端可見文本
observe.entity.crowd.hint,觀察,此地修士眾多，神識難以一一分辨，故聚為人群顯示，不再逐一展開單人血條、增益與細節。,範圍D固定前端可見文本
observe.entity.crowd.verdict,觀察,此地人影交疊，氣機紛雜，只能辨出這裡聚著一團密集人群。,範圍D固定前端可見文本
observe.entity.detail.empty,觀察,此身氣機盡藏，暫未看出更多端倪。,範圍D固定前端可見文本
observe.entity.empty,觀察,此地空無一人。,範圍D固定前端可見文本
observe.entity.section.title,觀察,角色訊息,範圍D固定前端可見文本
observe.entity.target,觀察,目標,範圍D固定前端可見文本
observe.entity.verdict.empty,觀察,神識輕拂而過，未得更多回響。,範圍D固定前端可見文本
observe.error.section.title,觀察,觀察迴響,範圍D固定前端可見文本
observe.fengshui.detail.loading,觀察,具體分項正在隨望氣視角刷新。,範圍D固定前端可見文本
observe.fengshui.dimension.comfort,觀察,舒適/用途,範圍D固定前端可見文本
observe.fengshui.dimension.element,觀察,五行,範圍D固定前端可見文本
observe.fengshui.dimension.enclosure,觀察,圍合,範圍D固定前端可見文本
observe.fengshui.dimension.formation,觀察,陣法,範圍D固定前端可見文本
observe.fengshui.dimension.integrity,觀察,完整性,範圍D固定前端可見文本
observe.fengshui.dimension.qi,觀察,靈氣,範圍D固定前端可見文本
observe.fengshui.dimension.sha,觀察,煞氣,範圍D固定前端可見文本
observe.fengshui.dimension.shape,觀察,形制,範圍D固定前端可見文本
observe.fengshui.enclosed,觀察,封閉完整,範圍D固定前端可見文本
observe.fengshui.label.area,觀察,面積,範圍D固定前端可見文本
observe.fengshui.label.doors-windows,觀察,門窗,範圍D固定前端可見文本
observe.fengshui.label.enclosure,觀察,圍合,範圍D固定前端可見文本
observe.fengshui.label.luck,觀察,幸運,範圍D固定前端可見文本
observe.fengshui.label.room,觀察,房間,範圍D固定前端可見文本
observe.fengshui.label.score,觀察,風水,範圍D固定前端可見文本
observe.fengshui.neutral-score,觀察,平 0,範圍D固定前端可見文本
observe.fengshui.open,觀察,連通外界,範圍D固定前端可見文本
observe.fengshui.reasons.empty,觀察,暫無有效加減項。,範圍D固定前端可見文本
observe.fengshui.room.none,觀察,此處不在房間內,範圍D固定前端可見文本
observe.fengshui.section.title,觀察,房間風水,範圍D固定前端可見文本
observe.ground.empty,觀察,地面無物。,範圍D固定前端可見文本
observe.ground.empty.takeable,觀察,此地無物可取。,範圍D固定前端可見文本
observe.ground.meta,觀察,來源：{source} · 共 {count} 種堆疊,範圍D固定前端可見文本
observe.ground.section.title,觀察,地面物品,範圍D固定前端可見文本
observe.ground.source,觀察,掉落來源,範圍D固定前端可見文本
observe.hidden.default-desc,觀察,這裡隱約殘留著一處被刻意遮掩的入口痕跡。,範圍D固定前端可見文本
observe.hidden.section.title,觀察,隱藏入口,範圍D固定前端可見文本
observe.hidden.trace,觀察,痕跡,範圍D固定前端可見文本
observe.label.hp,觀察,氣血,範圍D固定前端可見文本
observe.label.life,觀察,生命,範圍D固定前端可見文本
observe.label.qi,觀察,靈力,範圍D固定前端可見文本
observe.loot.action,觀察,掉落物,範圍D固定前端可見文本
observe.loot.action.title-locked,觀察,神識完全探查後可查看掉落物與概率,範圍D固定前端可見文本
observe.loot.action.title-ready,觀察,查看掉落物與概率,範圍D固定前端可見文本
observe.loot.empty,觀察,此獠身上暫未看出穩定掉落。,範圍D固定前端可見文本
observe.loot.modal.section,觀察,掉落預覽,範圍D固定前端可見文本
observe.loot.modal.subtitle,觀察,當前神識推演下的實際掉落概率,範圍D固定前端可見文本
observe.loot.modal.title,觀察,{name}掉落物,範圍D固定前端可見文本
observe.loot.more,觀察,另有 {count} 項潛在掉落，展開可查看完整列表。,範圍D固定前端可見文本
observe.portal.destination,觀察,界門去向,範圍D固定前端可見文本
observe.portal.direction.one-way,觀察,單向,範圍D固定前端可見文本
observe.portal.direction.two-way,觀察,雙向,範圍D固定前端可見文本
observe.portal.kind.gate,觀察,關隘,範圍D固定前端可見文本
observe.portal.kind.portal,觀察,傳送點,範圍D固定前端可見文本
observe.portal.kind.stairs,觀察,樓梯,範圍D固定前端可見文本
observe.portal.label.direction,觀察,方向,範圍D固定前端可見文本
observe.portal.label.target-coordinate,觀察,目標座標,範圍D固定前端可見文本
observe.portal.label.target-map,觀察,目標地圖,範圍D固定前端可見文本
observe.portal.label.trigger,觀察,觸發方式,範圍D固定前端可見文本
observe.portal.label.type,觀察,類型,範圍D固定前端可見文本
observe.portal.section.title,觀察,傳送點,範圍D固定前端可見文本
observe.portal.trigger.auto,觀察,自動觸發,範圍D固定前端可見文本
observe.portal.trigger.manual,觀察,手動觸發,範圍D固定前端可見文本
observe.resource.aura,觀察,靈氣,範圍D固定前端可見文本
observe.resource.aura-mark,觀察,氣,範圍D固定前端可見文本
observe.resource.current-level,觀察,當前等級：{level},範圍D固定前端可見文本
observe.resource.current-level-prefix,觀察,當前等級：,範圍D固定前端可見文本
observe.resource.current-value,觀察,當前數值：{value},範圍D固定前端可見文本
observe.resource.inspect-title,觀察,氣機細察,範圍D固定前端可見文本
observe.resource.qi-presence,觀察,氣機,範圍D固定前端可見文本
observe.resource.senseqi.loading,觀察,感氣決運轉中，正在細察此地氣機。,範圍D固定前端可見文本
observe.resource.source-value,觀察,原始值：{value},範圍D固定前端可見文本
observe.resource.total-aura-level,觀察,總靈氣等級：{level},範圍D固定前端可見文本
observe.safe-zone.center,觀察,中心,範圍D固定前端可見文本
observe.safe-zone.center-value,觀察,安全區中心 · 半徑 {radius},範圍D固定前端可見文本
observe.safe-zone.inside-value,觀察,"已處於安全區內 · 中心 ({x}, {y}) · 半徑 {radius}",範圍D固定前端可見文本
observe.safe-zone.label,觀察,安全區,範圍D固定前端可見文本
observe.safe-zone.radius,觀察,半徑,範圍D固定前端可見文本
observe.safe-zone.radius-value,觀察,{radius} 格,範圍D固定前端可見文本
observe.safe-zone.section.title,觀察,安全區,範圍D固定前端可見文本
observe.tile.blocks-sight.no,觀察,不會阻擋,範圍D固定前端可見文本
observe.tile.blocks-sight.yes,觀察,會阻擋,範圍D固定前端可見文本
observe.tile.label.access,觀察,通行限制,範圍D固定前端可見文本
observe.tile.label.blocks-sight,觀察,是否阻擋視線,範圍D固定前端可見文本
observe.tile.label.container,觀察,地上陳設,範圍D固定前端可見文本
observe.tile.label.hidden,觀察,異狀,範圍D固定前端可見文本
observe.tile.label.interactable,觀察,交互物,範圍D固定前端可見文本
observe.tile.label.interactable-hp,觀察,交互物生命,範圍D固定前端可見文本
observe.tile.label.modified,觀察,最近變動,範圍D固定前端可見文本
observe.tile.label.overlap,觀察,可重疊,範圍D固定前端可見文本
observe.tile.label.presence,觀察,駐足氣息,範圍D固定前端可見文本
observe.tile.label.qi-drain,觀察,每息靈力消耗,範圍D固定前端可見文本
observe.tile.label.structure,觀察,地上結構,範圍D固定前端可見文本
observe.tile.label.structure-hp,觀察,結構生命,範圍D固定前端可見文本
observe.tile.label.surface,觀察,地表鋪裝,範圍D固定前端可見文本
observe.tile.label.terrain,觀察,底層地形,範圍D固定前端可見文本
observe.tile.label.tile-hp,觀察,地物穩固,範圍D固定前端可見文本
observe.tile.label.traversal-cost,觀察,移動點數消耗,範圍D固定前端可見文本
observe.tile.label.type,觀察,地貌,範圍D固定前端可見文本
observe.tile.label.visibility,觀察,視線遮擋,範圍D固定前端可見文本
observe.tile.label.walkable,觀察,是否可通行,範圍D固定前端可見文本
observe.tile.label.wall-hp,觀察,壁壘穩固,範圍D固定前端可見文本
observe.tile.modified.recent,觀察,此地近期發生過變化,範圍D固定前端可見文本
observe.tile.overlap.player,觀察,玩家可重疊,範圍D固定前端可見文本
observe.tile.presence.unknown,觀察,此地留有生靈立身之痕,範圍D固定前端可見文本
observe.tile.section.title,觀察,地塊訊息,範圍D固定前端可見文本
observe.tile.traversal.blocked,觀察,無法通行,範圍D固定前端可見文本
observe.tile.traversal.cost,觀察,{cost} 點/格,範圍D固定前端可見文本
observe.tile.unknown-type,觀察,未知地貌,範圍D固定前端可見文本
observe.tile.walkable.no,觀察,不可通行,範圍D固定前端可見文本
observe.tile.walkable.yes,觀察,可通行,範圍D固定前端可見文本
observe.toast.loot-locked,觀察,神識尚未完全探明其掉落。,範圍D固定前端可見文本
observe.toast.out-of-vision,觀察,神識僅可觸及視野之內,範圍D固定前端可見文本
observe.unknown-map,觀察,未知地域,傳送門目標地圖fallback
observe.value.none,觀察,無,範圍D固定前端可見文本
observe.value.unknown,觀察,未明,範圍D固定前端可見文本
activity.loading,活動,正在讀取活動狀態...,
activity.modal.close-hint,活動,點擊空白處關閉,
activity.modal.subtitle.loading,活動,功德月卡與每日簽到,
activity.modal.title,活動,活動,
activity.tab.month-card,活動,功德月卡,
activity.tab.sign-in,活動,每日簽到,
skill-tooltip.buff.aside.meta,技能提示,{target} · {duration} 息{stack},範圍D固定前端可見文本
skill-tooltip.buff.category.buff,技能提示,增益,範圍D固定前端可見文本
skill-tooltip.buff.category.debuff,技能提示,減益,範圍D固定前端可見文本
skill-tooltip.buff.default-mark,技能提示,氣,範圍D固定前端可見文本
skill-tooltip.buff.stack-limit.comma,技能提示,，最多 {stackLimit} 層,範圍D固定前端可見文本
skill-tooltip.buff.stack-limit.suffix,技能提示,· 最多 {stackLimit} 層,範圍D固定前端可見文本
skill-tooltip.buff.stacks.label,技能提示,層數,範圍D固定前端可見文本
skill-tooltip.buff.stacks.unknown,技能提示,狀態層數,範圍D固定前端可見文本
skill-tooltip.buff.stacks.value,技能提示,{stacks}層,範圍D固定前端可見文本
skill-tooltip.cast.unstable,技能提示,無法穩定施展,範圍D固定前端可見文本
skill-tooltip.chant.value,技能提示,{windupTicks} 息,範圍D固定前端可見文本
skill-tooltip.cleanse.value,技能提示,{target}，移除 {count} 個{category},範圍D固定前端可見文本
skill-tooltip.cooldown.value,技能提示,{cooldown} 息,範圍D固定前端可見文本
skill-tooltip.cost.actual-html,技能提示,"{baseCost}<span class=""skill-tooltip-cost-actual-separator""> · </span><span class=""{className}"">實際 {actualText}</span>",範圍D固定前端可見文本
skill-tooltip.damage.physical,技能提示,物理傷害,範圍D固定前端可見文本
skill-tooltip.damage.physical-element,技能提示,{element}行物理傷害,範圍D固定前端可見文本
skill-tooltip.damage.spell,技能提示,法術傷害,範圍D固定前端可見文本
skill-tooltip.damage.spell-element,技能提示,{element}行法術傷害,範圍D固定前端可見文本
skill-tooltip.formula.clamp,技能提示,限制({parts}),範圍D固定前端可見文本
skill-tooltip.heal.allies,技能提示,友方治療,範圍D固定前端可見文本
skill-tooltip.heal.self,技能提示,自身治療,範圍D固定前端可見文本
skill-tooltip.heal.target,技能提示,目標治療,範圍D固定前端可見文本
skill-tooltip.label-line.effect,技能提示,效果：{value},範圍D固定前端可見文本
skill-tooltip.label.chant,技能提示,吟唱,範圍D固定前端可見文本
skill-tooltip.label.cleanse,技能提示,淨化,範圍D固定前端可見文本
skill-tooltip.label.cooldown,技能提示,冷卻,範圍D固定前端可見文本
skill-tooltip.label.effect,技能提示,效果,範圍D固定前端可見文本
skill-tooltip.label.qi-cost,技能提示,靈力消耗,範圍D固定前端可見文本
skill-tooltip.label.range,技能提示,施法距離,範圍D固定前端可見文本
skill-tooltip.label.targeting,技能提示,作用方式,範圍D固定前端可見文本
skill-tooltip.label.temporary-tile,技能提示,臨時地塊,範圍D固定前端可見文本
skill-tooltip.label.tile-hp,技能提示,地塊生命,範圍D固定前端可見文本
skill-tooltip.label.unlock-level,技能提示,解鎖層數,範圍D固定前端可見文本
skill-tooltip.note.combat-resolution,技能提示,實際結算仍會受命中、閃避、破招、化解、暴擊與目標防禦影響。,範圍D固定前端可見文本
skill-tooltip.target.allies,技能提示,友方,範圍D固定前端可見文本
skill-tooltip.target.enemy,技能提示,目標,範圍D固定前端可見文本
skill-tooltip.target.self,技能提示,自身,範圍D固定前端可見文本
skill-tooltip.targeting.area,技能提示,範圍，半徑 {radius}，最多命中 {count} 個目標,範圍D固定前端可見文本
skill-tooltip.targeting.box,技能提示,矩形，範圍 {width}x{height}，最多命中 {count} 個目標,範圍D固定前端可見文本
skill-tooltip.targeting.checkerboard,技能提示,棋盤，範圍 {width}x{height}，隔格交錯，最多命中 {count} 個目標,範圍D固定前端可見文本
skill-tooltip.targeting.line,技能提示,直線，最多命中 {count} 個目標,範圍D固定前端可見文本
skill-tooltip.targeting.oriented-box,技能提示,定向矩形，範圍 {width}x{height}，最多命中 {count} 個目標,範圍D固定前端可見文本
skill-tooltip.targeting.ring,技能提示,環帶，內半徑 {inner}，外半徑 {outer}，最多命中 {count} 個目標,範圍D固定前端可見文本
skill-tooltip.targeting.single,技能提示,單體,範圍D固定前端可見文本
skill-tooltip.targeting.single-tile,技能提示,單體地塊,範圍D固定前端可見文本
skill-tooltip.tech-level.value,技能提示,{level}層,範圍D固定前端可見文本
skill-tooltip.temporary-tile.stone,技能提示,生成石頭，持續 {duration} 息,範圍D固定前端可見文本
skill-tooltip.unlock-level.value,技能提示,第 {level} 層,範圍D固定前端可見文本
tutorial.hint.action.label,教程,行動,
tutorial.hint.action.path,教程,右下角行動欄->行動,
tutorial.hint.activity.label,教程,活動,
tutorial.hint.activity.path,教程,主界面左上角 → 活動,
tutorial.hint.allow-aoe-hit.label,教程,全體攻擊,
tutorial.hint.allow-aoe-hit.path,教程,右下角行動欄->開關->全體攻擊,
tutorial.hint.attr.label,教程,屬性界面,
tutorial.hint.attr.path,教程,左下角屬性界面,
tutorial.hint.auction.label,教程,拍賣行,
tutorial.hint.auction.path,教程,右側卷軸區->坊市->拍賣行,
tutorial.hint.auto-battle.label,教程,自動戰鬥,
tutorial.hint.auto-battle.path,教程,右下角行動欄->開關->自動戰鬥,
tutorial.hint.auto-idle-cultivation.label,教程,閒置自動修煉,
tutorial.hint.auto-idle-cultivation.path,教程,右下角行動欄->開關->閒置自動修煉,
tutorial.hint.auto-retaliate.label,教程,自動反擊,
tutorial.hint.auto-retaliate.path,教程,右下角行動欄->開關->自動反擊,
tutorial.hint.auto-switch-cultivation.label,教程,修滿自動切換,
tutorial.hint.auto-switch-cultivation.path,教程,右下角行動欄->開關->修滿自動切換,
tutorial.hint.bag-scroll.label,教程,行囊錄,
tutorial.hint.bag-scroll.path,教程,右側卷軸區->行囊錄,
tutorial.hint.body-training.label,教程,煉體,
tutorial.hint.body-training.path,教程,右側卷軸區->煉體,
tutorial.hint.breakthrough-button.label,教程,境界/突破按鈕,
tutorial.hint.breakthrough-button.path,教程,左上角角色狀態區->突破,
tutorial.hint.breakthrough.label,教程,突破,
tutorial.hint.breakthrough.path,教程,左上角角色狀態區->突破,
tutorial.hint.cancel-key.label,教程,取消鍵,
tutorial.hint.cancel-key.path,教程,鍵盤->Esc,
tutorial.hint.changelog.label,教程,史書,
tutorial.hint.changelog.path,教程,主界面左上角 → 史書,
tutorial.hint.click-map-tile.label,教程,點擊地圖格子,
tutorial.hint.click-map-tile.path,教程,地圖區域->目標格子,
tutorial.hint.combat-settings.label,教程,戰鬥設置,
tutorial.hint.combat-settings.path,教程,右下角行動欄->技能->戰鬥設置,
tutorial.hint.current-cultivation.label,教程,當前修煉,
tutorial.hint.current-cultivation.path,教程,右下角行動欄->開關->當前修煉,
tutorial.hint.dialog.label,教程,對話,
tutorial.hint.dialog.path,教程,右下角行動欄->對話,
tutorial.hint.equipment.label,教程,裝備,
tutorial.hint.equipment.path,教程,右側卷軸區->裝備,
tutorial.hint.execute.label,教程,執行,
tutorial.hint.execute.path,教程,右下角行動欄->對應條目->執行,
tutorial.hint.force-attack.label,教程,強制攻擊,
tutorial.hint.force-attack.path,教程,右下角行動欄->行動->強制攻擊->執行,
tutorial.hint.go-submit.label,教程,前往交付,
tutorial.hint.go-submit.path,教程,右側卷軸區->任務->任務詳情->前往交付,
tutorial.hint.go-target.label,教程,前往目標,
tutorial.hint.go-target.path,教程,右側卷軸區->任務->任務詳情->前往目標,
tutorial.hint.interaction.label,教程,交互,
tutorial.hint.interaction.path,教程,右下角行動欄->交互,
tutorial.hint.inventory.label,教程,背包,
tutorial.hint.inventory.path,教程,右側卷軸區->背包,
tutorial.hint.leaderboard.label,教程,排行榜,
tutorial.hint.leaderboard.path,教程,中間下方->排行榜,
tutorial.hint.log.label,教程,見聞錄,
tutorial.hint.log.path,教程,中間下方->見聞錄,
tutorial.hint.mail.label,教程,郵件,
tutorial.hint.mail.path,教程,左上角角色訊息區->郵件,
tutorial.hint.map-info.label,教程,地圖訊息,
tutorial.hint.map-info.path,教程,中間下方->地圖訊息,
tutorial.hint.market.label,教程,坊市,
tutorial.hint.market.path,教程,右側卷軸區->坊市,
tutorial.hint.observe.label,教程,觀察,
tutorial.hint.observe.path,教程,右下角行動欄->行動->觀察->執行,
tutorial.hint.open-market.label,教程,打開坊市,
tutorial.hint.open-market.path,教程,右側卷軸區->坊市->打開坊市,
tutorial.hint.qq.path,教程,左上角外鏈區->QQ,
tutorial.hint.quest.label,教程,任務,
tutorial.hint.quest.path,教程,右側卷軸區->任務,
tutorial.hint.retreat.label,教程,遁返,
tutorial.hint.retreat.path,教程,右下角行動欄->行動->遁返->執行,
tutorial.hint.sense-qi.label,教程,感氣視角,
tutorial.hint.sense-qi.path,教程,右下角行動欄->開關->感氣視角,
tutorial.hint.set-cultivate.label,教程,設為主修,
tutorial.hint.set-cultivate.path,教程,右側卷軸區->功法->對應功法->設為主修,
tutorial.hint.settings.label,教程,設置,
tutorial.hint.settings.path,教程,主界面左上角 → 設置,
tutorial.hint.simple-tutorial.label,教程,百科,
tutorial.hint.simple-tutorial.path,教程,左上角外鏈區->百科,
tutorial.hint.skill-management.label,教程,技能管理,
tutorial.hint.skill-management.path,教程,右下角行動欄->技能->技能管理,
tutorial.hint.skill-preset.label,教程,技能方案,
tutorial.hint.skill-preset.path,教程,右下角行動欄->技能->技能方案,
tutorial.hint.skill.label,教程,技能,
tutorial.hint.skill.path,教程,右下角行動欄->技能,
tutorial.hint.stationary-battle.label,教程,原地戰鬥,
tutorial.hint.stationary-battle.path,教程,右下角行動欄->開關->原地戰鬥,
tutorial.hint.system-shop.label,教程,系統商店,
tutorial.hint.system-shop.path,教程,右側卷軸區->坊市->系統商店,
tutorial.hint.take-all.label,教程,全部拿取,
tutorial.hint.take-all.path,教程,拾取彈層->全部拿取,
tutorial.hint.take.label,教程,拿取,
tutorial.hint.take.path,教程,右下角行動欄->行動->拿取->執行,
tutorial.hint.target-lock-preset.label,教程,鎖敵方案,
tutorial.hint.target-lock-preset.path,教程,右下角行動欄->技能->鎖敵方案,
tutorial.hint.technique.label,教程,功法,
tutorial.hint.technique.path,教程,右側卷軸區->功法,
tutorial.hint.toggle.label,教程,開關,
tutorial.hint.toggle.path,教程,右下角行動欄->開關,
tutorial.hint.world-info.label,教程,世界訊息,
tutorial.hint.world-info.path,教程,中間下方->世界訊息,
tutorial.main-tab.flow,教程,指引,
tutorial.main-tab.mechanics,教程,法則,
tutorial.main-tab.operations,教程,入門,
tutorial.panel.close-hint,教程,點擊空白處關閉,
tutorial.panel.empty,教程,暫無教程內容,教程內容清空時的空態
tutorial.panel.flow-tabs.aria,教程,指引目錄,
tutorial.panel.main-tabs.aria,教程,百科分類,
tutorial.panel.mechanics-tabs.aria,教程,法則目錄,
tutorial.panel.operations-tabs.aria,教程,入門目錄,
tutorial.panel.tip-title,教程,小提醒,
tutorial.panel.title,教程,百科,
heaven-gate.static.core-subtitle,靜態HTML-開天門,五行未定，先啟天門。若不滿意，後續可消耗經驗逆天改命。,靜態 HTML：packages/client/heaven-gate.html
heaven-gate.static.cursor-text,靜態HTML-開天門,斬,靜態 HTML：packages/client/heaven-gate.html
heaven-gate.static.detail-modal-hint-hint,靜態HTML-開天門,點擊連線可斬 / 補靈根，點擊中間丹田可開天門或入天門。,靜態 HTML：packages/client/heaven-gate.html
heaven-gate.static.detail-modal-title-heaven-gate,靜態HTML-開天門,開天門,靜態 HTML：packages/client/heaven-gate.html
heaven-gate.static.earth,靜態HTML-開天門,土,靜態 HTML：packages/client/heaven-gate.html
heaven-gate.static.earth.aria-label,靜態HTML-開天門,斬土靈根,靜態 HTML：packages/client/heaven-gate.html
heaven-gate.static.fire,靜態HTML-開天門,火,靜態 HTML：packages/client/heaven-gate.html
heaven-gate.static.fire.aria-label,靜態HTML-開天門,斬火靈根,靜態 HTML：packages/client/heaven-gate.html
heaven-gate.static.heaven-gate-stat-name-earth-root,靜態HTML-開天門,土靈根,靜態 HTML：packages/client/heaven-gate.html
heaven-gate.static.heaven-gate-stat-name-fire-root,靜態HTML-開天門,火靈根,靜態 HTML：packages/client/heaven-gate.html
heaven-gate.static.heaven-gate-stat-name-metal-root,靜態HTML-開天門,金靈根,靜態 HTML：packages/client/heaven-gate.html
heaven-gate.static.heaven-gate-stat-name-water-root,靜態HTML-開天門,水靈根,靜態 HTML：packages/client/heaven-gate.html
heaven-gate.static.heaven-gate-stat-name-wood-root,靜態HTML-開天門,木靈根,靜態 HTML：packages/client/heaven-gate.html
heaven-gate.static.heaven-gate-summary-label-available-exp,靜態HTML-開天門,當前可用經驗,靜態 HTML：packages/client/heaven-gate.html
heaven-gate.static.heaven-gate-summary-label-current-total,靜態HTML-開天門,當前總值,靜態 HTML：packages/client/heaven-gate.html
heaven-gate.static.heaven-gate-summary-label-reroll-cost,靜態HTML-開天門,逆天改命消耗,靜態 HTML：packages/client/heaven-gate.html
heaven-gate.static.heaven-gate-summary-label-sever-cost,靜態HTML-開天門,斬 / 補消耗,靜態 HTML：packages/client/heaven-gate.html
heaven-gate.static.heaven-gate.title,靜態HTML-開天門,開天門,靜態 HTML：packages/client/heaven-gate.html
heaven-gate.static.judgement-desc,靜態HTML-開天門,開天門後會根據當前保留靈根的數量、強弱、均衡程度，給出對應的資質稱謂與描述。,靜態 HTML：packages/client/heaven-gate.html
heaven-gate.static.judgement-meta,靜態HTML-開天門,未開天門前不生成判語。,靜態 HTML：packages/client/heaven-gate.html
heaven-gate.static.judgement-name,靜態HTML-開天門,靈根未定,靜態 HTML：packages/client/heaven-gate.html
heaven-gate.static.meta-metal,靜態HTML-開天門,待定,靜態 HTML：packages/client/heaven-gate.html
heaven-gate.static.metal,靜態HTML-開天門,金,靜態 HTML：packages/client/heaven-gate.html
heaven-gate.static.metal.aria-label,靜態HTML-開天門,斬金靈根,靜態 HTML：packages/client/heaven-gate.html
heaven-gate.static.panel-section-title-five-elements-result,靜態HTML-開天門,五行結果,靜態 HTML：packages/client/heaven-gate.html
heaven-gate.static.panel-section-title-operation-note-title,靜態HTML-開天門,當前操作說明,靜態 HTML：packages/client/heaven-gate.html
heaven-gate.static.popup-cancel,靜態HTML-開天門,取消,靜態 HTML：packages/client/heaven-gate.html
heaven-gate.static.popup-confirm,靜態HTML-開天門,確認,靜態 HTML：packages/client/heaven-gate.html
heaven-gate.static.popup-subtitle,靜態HTML-開天門,請確認當前操作。,靜態 HTML：packages/client/heaven-gate.html
heaven-gate.static.popup-title,靜態HTML-開天門,確認操作,靜態 HTML：packages/client/heaven-gate.html
heaven-gate.static.reroll,靜態HTML-開天門,逆天改命,靜態 HTML：packages/client/heaven-gate.html
heaven-gate.static.reset-demo,靜態HTML-開天門,重置,靜態 HTML：packages/client/heaven-gate.html
heaven-gate.static.result-hint,靜態HTML-開天門,當前還未開天門。保留靈根會以 1 作為佔位，已斬靈根為 0。,靜態 HTML：packages/client/heaven-gate.html
heaven-gate.static.strip-note,靜態HTML-開天門,點擊任意連線可斬或補靈根。已出結果後若再斬 / 補，當前結果會失效並退回重新開門。,靜態 HTML：packages/client/heaven-gate.html
heaven-gate.static.subtitle,靜態HTML-開天門,叩仙門 · 已斬 0/4 · 保留 5 條靈根,靜態 HTML：packages/client/heaven-gate.html
heaven-gate.static.total,靜態HTML-開天門,未定,靜態 HTML：packages/client/heaven-gate.html
heaven-gate.static.total-badge,靜態HTML-開天門,總值 未定,靜態 HTML：packages/client/heaven-gate.html
heaven-gate.static.water,靜態HTML-開天門,水,靜態 HTML：packages/client/heaven-gate.html
heaven-gate.static.water.aria-label,靜態HTML-開天門,斬水靈根,靜態 HTML：packages/client/heaven-gate.html
heaven-gate.static.wood,靜態HTML-開天門,木,靜態 HTML：packages/client/heaven-gate.html
heaven-gate.static.wood.aria-label,靜態HTML-開天門,斬木靈根,靜態 HTML：packages/client/heaven-gate.html
shell.account,靜態HTML-主界面,賬號,靜態 HTML：packages/client/index.html
shell.account-name.placeholder,靜態HTML-主界面,輸入登入賬號,靜態 HTML：packages/client/index.html
shell.action-bar,靜態HTML-主界面,行動欄,靜態 HTML：packages/client/index.html
shell.action-subtitle,靜態HTML-主界面,常駐操作與技能切換,靜態 HTML：packages/client/index.html
shell.attr-overview,靜態HTML-主界面,屬性總覽,靜態 HTML：packages/client/index.html
shell.bag-scroll,靜態HTML-主界面,行囊錄,靜態 HTML：packages/client/index.html
shell.bag-subtitle,靜態HTML-主界面,背包、裝備、功法、煉體與任務,靜態 HTML：packages/client/index.html
shell.bgm,靜態HTML-主界面,音樂,靜態 HTML：packages/client/index.html
shell.bgm.title.on,靜態HTML-主界面,點擊關閉音樂,靜態 HTML：packages/client/index.html
shell.bgm.title.off,靜態HTML-主界面,點擊開啟音樂,靜態 HTML：packages/client/index.html
shell.body-training,靜態HTML-主界面,煉體,靜態 HTML：packages/client/index.html
shell.breakthrough,靜態HTML-主界面,突破,靜態 HTML：packages/client/index.html
shell.chat-combat,靜態HTML-主界面,戰鬥,靜態 HTML：packages/client/index.html
shell.chat-grudge,靜態HTML-主界面,情仇,靜態 HTML：packages/client/index.html
shell.chat-input.placeholder,靜態HTML-主界面,輸入聊天內容，回車發送,靜態 HTML：packages/client/index.html
shell.chat-nearby,靜態HTML-主界面,附近,靜態 HTML：packages/client/index.html
shell.chat-party,靜態HTML-主界面,組隊,日誌與聊天自定義頻道
shell.chat-sect,靜態HTML-主界面,宗門,靜態 HTML：packages/client/index.html
shell.chat-system,靜態HTML-主界面,系統,靜態 HTML：packages/client/index.html
shell.chat-world,靜態HTML-主界面,世界,靜態 HTML：packages/client/index.html
shell.cultivate,靜態HTML-主界面,修為 (0/0),靜態 HTML：packages/client/index.html
shell.cultivation-scroll,靜態HTML-主界面,修行卷,靜態 HTML：packages/client/index.html
shell.daojie-yusheng.title,靜態HTML-主界面,道劫餘生,靜態 HTML：packages/client/index.html
shell.debug-reset-spawn,靜態HTML-主界面,回出生點,靜態 HTML：packages/client/index.html
shell.debug-title-debug,靜態HTML-主界面,Debug,靜態 HTML：packages/client/index.html
shell.debug.reset-desc,靜態HTML-主界面,角色丟失或跑出視野時，可直接送回雲來鎮出生點。,靜態 HTML：packages/client/index.html
shell.detail-modal-hint,靜態HTML-主界面,點擊空白處關閉,靜態 HTML：packages/client/index.html
shell.detail-modal-title,靜態HTML-主界面,詳情,靜態 HTML：packages/client/index.html
shell.display-name,靜態HTML-主界面,顯示名,靜態 HTML：packages/client/index.html
shell.display-name-status,靜態HTML-主界面,註冊時必填,靜態 HTML：packages/client/index.html
shell.display-name.placeholder,靜態HTML-主界面,註冊時必填，僅 1 個字,靜態 HTML：packages/client/index.html
shell.equipment,靜態HTML-主界面,裝備,靜態 HTML：packages/client/index.html
shell.hud-label-age,靜態HTML-主界面,歲,靜態 HTML：packages/client/index.html
shell.hud-label-lifespan,靜態HTML-主界面,壽,靜態 HTML：packages/client/index.html
shell.hud-label-map,靜態HTML-主界面,地圖,靜態 HTML：packages/client/index.html
shell.hud-label-position,靜態HTML-主界面,位置,靜態 HTML：packages/client/index.html
shell.hud-link-btn-text-guided-tour,靜態HTML-主界面,引導,靜態 HTML：packages/client/index.html
shell.hud-link-btn-text-simple-tutorial,靜態HTML-主界面,百科,靜態 HTML：packages/client/index.html
shell.hud-realm-label-realm,靜態HTML-主界面,境界,靜態 HTML：packages/client/index.html
shell.hud-resource-label-hp,靜態HTML-主界面,生命值,靜態 HTML：packages/client/index.html
shell.hud-resource-label-qi,靜態HTML-主界面,靈力,靜態 HTML：packages/client/index.html
shell.intel,靜態HTML-主界面,情報,靜態 HTML：packages/client/index.html
shell.inventory,靜態HTML-主界面,背包,靜態 HTML：packages/client/index.html
shell.layout-toggle-bottom.aria-label,靜態HTML-主界面,收起下方面板,靜態 HTML：packages/client/index.html
shell.layout-toggle-bottom.title,靜態HTML-主界面,收起下方面板,靜態 HTML：packages/client/index.html
shell.layout-toggle-left,靜態HTML-主界面,&lt;,靜態 HTML：packages/client/index.html
shell.layout-toggle-left.aria-label,靜態HTML-主界面,收起左側區域,靜態 HTML：packages/client/index.html
shell.layout-toggle-left.title,靜態HTML-主界面,收起左側區域,靜態 HTML：packages/client/index.html
shell.layout-toggle-right,靜態HTML-主界面,&gt;,靜態 HTML：packages/client/index.html
shell.layout-toggle-right.aria-label,靜態HTML-主界面,收起右側區域,靜態 HTML：packages/client/index.html
shell.layout-toggle-right.title,靜態HTML-主界面,收起右側區域,靜態 HTML：packages/client/index.html
shell.logbook,靜態HTML-主界面,日誌與聊天,靜態 HTML：packages/client/index.html
shell.login-logo-daojie-yusheng.alt,靜態HTML-主界面,道劫餘生,靜態 HTML：packages/client/index.html
shell.login-name-label,靜態HTML-主界面,賬號 / 角色名,靜態 HTML：packages/client/index.html
shell.login-name.placeholder,靜態HTML-主界面,輸入賬號或角色名,靜態 HTML：packages/client/index.html
shell.login-stamp-stamp-enter,靜態HTML-主界面,入,靜態 HTML：packages/client/index.html
shell.login.mode-tabs.aria-label,靜態HTML-主界面,登入模式切換,靜態 HTML：packages/client/index.html
shell.logout,靜態HTML-主界面,登出,靜態 HTML：packages/client/index.html
shell.map-current-time-phase,靜態HTML-主界面,未明,靜態 HTML：packages/client/index.html
shell.map-fps-metric-label-1-low,靜態HTML-主界面,1% LOW,靜態 HTML：packages/client/index.html
shell.map-fps-metric-label-fps,靜態HTML-主界面,FPS,靜態 HTML：packages/client/index.html
shell.map-fps-metric-label-low,靜態HTML-主界面,LOW,靜態 HTML：packages/client/index.html
shell.map-fps-rate.title,靜態HTML-主界面,客戶端當前渲染幀率,靜態 HTML：packages/client/index.html
shell.map-intel,靜態HTML-主界面,地圖訊息,靜態 HTML：packages/client/index.html
shell.map-minimap-delete-all-memory,靜態HTML-主界面,刪除全部,靜態 HTML：packages/client/index.html
shell.map-minimap-delete-memory,靜態HTML-主界面,刪除記憶,靜態 HTML：packages/client/index.html
shell.map-minimap-filter-all,靜態HTML-主界面,全部,靜態 HTML：packages/client/index.html
shell.map-minimap-filter-memory,靜態HTML-主界面,記憶,靜態 HTML：packages/client/index.html
shell.map-minimap-filter-unlock,靜態HTML-主界面,解鎖,靜態 HTML：packages/client/index.html
shell.map-minimap-modal-catalog-toggle,靜態HTML-主界面,目錄,靜態 HTML：packages/client/index.html
shell.map-minimap-modal-close,靜態HTML-主界面,關,靜態 HTML：packages/client/index.html
shell.map-minimap-modal-source-switch.aria-label,靜態HTML-主界面,地圖顯示切換,靜態 HTML：packages/client/index.html
shell.map-minimap-open,靜態HTML-主界面,展,靜態 HTML：packages/client/index.html
shell.map-minimap-open.title,靜態HTML-主界面,展開大地圖,靜態 HTML：packages/client/index.html
shell.map-minimap-title,靜態HTML-主界面,輿圖,靜態 HTML：packages/client/index.html
shell.map-minimap-toggle,靜態HTML-主界面,隱,靜態 HTML：packages/client/index.html
shell.map-minimap-toggle.title,靜態HTML-主界面,隱藏小地圖,靜態 HTML：packages/client/index.html
shell.map-ping-rate.title,靜態HTML-主界面,通過當前訪問域名檢測遊戲連接響應；當服務端主循環阻塞時，這裡的數值也會被拉高,靜態 HTML：packages/client/index.html
shell.map-ping-unit,靜態HTML-主界面,待測,靜態 HTML：packages/client/index.html
shell.map-tick-rate-char-breath,靜態HTML-主界面,息,靜態 HTML：packages/client/index.html
shell.map-tick-rate-char-current-a,靜態HTML-主界面,當,靜態 HTML：packages/client/index.html
shell.map-tick-rate-char-current-b,靜態HTML-主界面,前,靜態 HTML：packages/client/index.html
shell.map-tick-rate-char-delay,靜態HTML-主界面,延,靜態 HTML：packages/client/index.html
shell.map-tick-rate-char-flow,靜態HTML-主界面,流,靜態 HTML：packages/client/index.html
shell.map-tick-rate-char-gap,靜態HTML-主界面,隔,靜態 HTML：packages/client/index.html
shell.map-tick-rate-char-interval,靜態HTML-主界面,間,靜態 HTML：packages/client/index.html
shell.map-tick-rate-char-latency,靜態HTML-主界面,遲,靜態 HTML：packages/client/index.html
shell.map-tick-rate-char-network,靜態HTML-主界面,網,靜態 HTML：packages/client/index.html
shell.map-tick-rate-char-spirit,靜態HTML-主界面,靈,靜態 HTML：packages/client/index.html
shell.map-tick-rate-char-time,靜態HTML-主界面,時,靜態 HTML：packages/client/index.html
shell.map-tick-rate-char-turn,靜態HTML-主界面,轉,靜態 HTML：packages/client/index.html
shell.map-zoom-reset-label-reset,靜態HTML-主界面,重置,靜態 HTML：packages/client/index.html
shell.market,靜態HTML-主界面,坊市,靜態 HTML：packages/client/index.html
shell.mobile-action,靜態HTML-主界面,行動,靜態 HTML：packages/client/index.html
shell.mobile-attrs,靜態HTML-主界面,屬性,靜態 HTML：packages/client/index.html
shell.mobile-bag,靜態HTML-主界面,行囊,靜態 HTML：packages/client/index.html
shell.mobile-collapse,靜態HTML-主界面,縮小,靜態 HTML：packages/client/index.html
shell.mobile-collapse.aria-label,靜態HTML-主界面,恢復下方界面,靜態 HTML：packages/client/index.html
shell.mobile-expand,靜態HTML-主界面,放大,靜態 HTML：packages/client/index.html
shell.mobile-expand.aria-label,靜態HTML-主界面,放大下方界面,靜態 HTML：packages/client/index.html
shell.mobile-overview,靜態HTML-主界面,概覽,靜態 HTML：packages/client/index.html
shell.mobile-ui-shell.aria-label,靜態HTML-主界面,手機界面切換,靜態 HTML：packages/client/index.html
shell.name,靜態HTML-主界面,修行者,靜態 HTML：packages/client/index.html
shell.objective,靜態HTML-主界面,暫無,靜態 HTML：packages/client/index.html
shell.observe-modal-title-observe,靜態HTML-主界面,觀察,靜態 HTML：packages/client/index.html
shell.open-activity,靜態HTML-主界面,活動,靜態 HTML：packages/client/index.html
shell.open-chronicle,靜態HTML-主界面,史書,靜態 HTML：packages/client/index.html
shell.open-guided-tour.aria-label,靜態HTML-主界面,打開新手引導,靜態 HTML：packages/client/index.html
shell.open-guided-tour.title,靜態HTML-主界面,引導,靜態 HTML：packages/client/index.html
shell.open-mail,靜態HTML-主界面,飛書,靜態 HTML：packages/client/index.html
shell.open-settings,靜態HTML-主界面,設置,靜態 HTML：packages/client/index.html
shell.open-tutorial.aria-label,靜態HTML-主界面,打開百科,靜態 HTML：packages/client/index.html
shell.open-tutorial.title,靜態HTML-主界面,百科,靜態 HTML：packages/client/index.html
shell.optional,靜態HTML-主界面,(可選),靜態 HTML：packages/client/index.html
shell.password,靜態HTML-主界面,密碼,靜態 HTML：packages/client/index.html
shell.password.placeholder,靜態HTML-主界面,輸入密碼,靜態 HTML：packages/client/index.html
shell.quest,靜態HTML-主界面,任務,靜態 HTML：packages/client/index.html
shell.register.display-icon.label,靜態HTML-主界面,顯示圖標,靜態 HTML：packages/client/index.html
shell.register.display-icon.placeholder,靜態HTML-主界面,1 字,靜態 HTML：packages/client/index.html
shell.register.invitation-code.label,靜態HTML-主界面,邀請碼,靜態 HTML：packages/client/index.html
shell.register.invitation-code.placeholder,靜態HTML-主界面,邀請鏈接會自動填入,靜態 HTML：packages/client/index.html
shell.register.username.label,靜態HTML-主界面,用戶名,靜態 HTML：packages/client/index.html
shell.register.username.placeholder,靜態HTML-主界面,輸入遊戲內用戶名,靜態 HTML：packages/client/index.html
shell.role-name,靜態HTML-主界面,角色名,靜態 HTML：packages/client/index.html
shell.role-name.placeholder,靜態HTML-主界面,輸入角色名稱,靜態 HTML：packages/client/index.html
shell.send,靜態HTML-主界面,發送,靜態 HTML：packages/client/index.html
shell.social,靜態HTML-主界面,道友,靜態 HTML：packages/client/index.html
shell.tab-login,靜態HTML-主界面,登入,靜態 HTML：packages/client/index.html
shell.tab-register,靜態HTML-主界面,註冊,靜態 HTML：packages/client/index.html
shell.technique,靜態HTML-主界面,功法,靜態 HTML：packages/client/index.html
shell.threat,靜態HTML-主界面,平穩,靜態 HTML：packages/client/index.html
shell.tianji,靜態HTML-主界面,天機閣,靜態 HTML：packages/client/index.html
shell.title,靜態HTML-主界面,無號散修,靜態 HTML：packages/client/index.html
shell.zoom-reset.title,靜態HTML-主界面,重置縮放到 2x,靜態 HTML：packages/client/index.html
shell.zoom-slider.aria-label,靜態HTML-主界面,地圖縮放,靜態 HTML：packages/client/index.html
gm.abnormal,靜態HTML-GM,異常,靜態 HTML：packages/client/gm.html
gm.account-status-all,靜態HTML-GM,賬號狀態: 全部,靜態 HTML：packages/client/gm.html
gm.alchemy,靜態HTML-GM,煉丹,靜態 HTML：packages/client/gm.html
gm.avg-expanded,靜態HTML-GM,平均展開,靜態 HTML：packages/client/gm.html
gm.avg-queue,靜態HTML-GM,平均排隊,靜態 HTML：packages/client/gm.html
gm.avg-run,靜態HTML-GM,平均計算,靜態 HTML：packages/client/gm.html
gm.banned,靜態HTML-GM,封禁,靜態 HTML：packages/client/gm.html
gm.behavior-all,靜態HTML-GM,行為: 全部,靜態 HTML：packages/client/gm.html
gm.bots,靜態HTML-GM,機器人,靜態 HTML：packages/client/gm.html
gm.buffer-cpp-objects,靜態HTML-GM,Buffer / C++ 對象等,靜態 HTML：packages/client/gm.html
gm.by-map,靜態HTML-GM,按地圖,靜態 HTML：packages/client/gm.html
gm.by-role-name,靜態HTML-GM,按角色名,靜態 HTML：packages/client/gm.html
gm.combat,靜態HTML-GM,戰鬥,靜態 HTML：packages/client/gm.html
gm.cpu-breakdown,靜態HTML-GM,CPU 熱點分項,靜態 HTML：packages/client/gm.html
gm.cpu-breakdown-sort-avg,靜態HTML-GM,單次,靜態 HTML：packages/client/gm.html
gm.cpu-breakdown-sort-count,靜態HTML-GM,次數,靜態 HTML：packages/client/gm.html
gm.cpu-breakdown-sort-total,靜態HTML-GM,總耗時,靜態 HTML：packages/client/gm.html
gm.cpu-pressure,靜態HTML-GM,CPU 壓力,靜態 HTML：packages/client/gm.html
gm.cpu-profile-meta,靜態HTML-GM,CPU 畫像尚未開始。,靜態 HTML：packages/client/gm.html
gm.cpu-tick-window-note,靜態HTML-GM,最近採樣窗口內全部地圖 tick 累計牆鍾,靜態 HTML：packages/client/gm.html
gm.cultivation,靜態HTML-GM,修煉,靜態 HTML：packages/client/gm.html
gm.current-cpu-pressure,靜態HTML-GM,當前 CPU 壓力,靜態 HTML：packages/client/gm.html
gm.current-password,靜態HTML-GM,當前密碼,靜態 HTML：packages/client/gm.html
gm.daojie-yusheng-gm.title,靜態HTML-GM,道劫餘生 · 監察司,靜態 HTML：packages/client/gm.html
gm.drop-expire,靜態HTML-GM,淘汰與過期,靜態 HTML：packages/client/gm.html
gm.editor-empty,靜態HTML-GM,從左側選擇一個角色後，可查看並修改其完整數據。,靜態 HTML：packages/client/gm.html
gm.editor-note-editor-save-note,靜態HTML-GM,當前保存只會提交所在標籤的數據。刷新當前玩家會丟棄未保存草稿，並重新拉取服務端詳情。,靜態 HTML：packages/client/gm.html
gm.editor-note-peace-mode-note,靜態HTML-GM,開啟後會立刻關閉所有玩家的全體攻擊，並允許玩家在任意位置重疊。,靜態 HTML：packages/client/gm.html
gm.editor-section-note-compat-migrations-note,靜態HTML-GM,顯式遷移舊版本數據格式。先預覽影響範圍，確認後由服務端一次性寫入新真源格式。,靜態 HTML：packages/client/gm.html
gm.editor-section-note-compensation-note,靜態HTML-GM,用於執行全服統一補償。按鈕會直接作用到線上與離線角色。,靜態 HTML：packages/client/gm.html
gm.editor-section-note-database-source-note,靜態HTML-GM,按表查看當前數據庫中的玩家真源，不直接參與可視化編輯。,靜態 HTML：packages/client/gm.html
gm.editor-section-note-global-mail-note,靜態HTML-GM,給當前全服玩家發送廣播郵件。正文走低頻 GM HTTP 接口，玩家收件箱再按需拉取詳情。,靜態 HTML：packages/client/gm.html
gm.editor-section-note-gm-password-note,靜態HTML-GM,修改後立即生效，當前登入態不受影響。,靜態 HTML：packages/client/gm.html
gm.editor-section-note-herb-stock-note,靜態HTML-GM,給當前所有已加載地圖裡的草藥採集點統一補充庫存，按地圖 tick 批量生效。,靜態 HTML：packages/client/gm.html
gm.editor-section-note-player-migration-note,靜態HTML-GM,用於地圖大改後，把全服角色統一送回新手村出生點。,靜態 HTML：packages/client/gm.html
gm.editor-section-note-save-cleanup-note,靜態HTML-GM,手動清理全服玩家背包、坊市託管倉和裝備欄裡的無效物品。線上與離線角色都會處理。,靜態 HTML：packages/client/gm.html
gm.editor-section-title-compat-migrations,靜態HTML-GM,兼容遷移,靜態 HTML：packages/client/gm.html
gm.editor-section-title-compensation,靜態HTML-GM,補償,靜態 HTML：packages/client/gm.html
gm.editor-section-title-database-source,靜態HTML-GM,數據庫真源,靜態 HTML：packages/client/gm.html
gm.editor-section-title-global-mail,靜態HTML-GM,全服郵件,靜態 HTML：packages/client/gm.html
gm.editor-section-title-herb-stock,靜態HTML-GM,草藥庫存,靜態 HTML：packages/client/gm.html
gm.editor-section-title-player-migration,靜態HTML-GM,角色遷移,靜態 HTML：packages/client/gm.html
gm.editor-section-title-save-cleanup,靜態HTML-GM,存檔清理,靜態 HTML：packages/client/gm.html
gm.editor-tab-basic,靜態HTML-GM,基礎,靜態 HTML：packages/client/gm.html
gm.editor-tab-benefits,靜態HTML-GM,權益,靜態 HTML：packages/client/gm.html
gm.editor-tab-buffs,靜態HTML-GM,Buff,靜態 HTML：packages/client/gm.html
gm.editor-tab-items,靜態HTML-GM,物品,靜態 HTML：packages/client/gm.html
gm.editor-tab-mail,靜態HTML-GM,郵件,靜態 HTML：packages/client/gm.html
gm.editor-tab-position,靜態HTML-GM,位置,靜態 HTML：packages/client/gm.html
gm.editor-tab-quests,靜態HTML-GM,任務,靜態 HTML：packages/client/gm.html
gm.editor-tab-realm,靜態HTML-GM,屬性,靜態 HTML：packages/client/gm.html
gm.editor-tab-risk,靜態HTML-GM,風險檢測,靜態 HTML：packages/client/gm.html
gm.editor-tab-shortcuts,靜態HTML-GM,快捷操作,靜態 HTML：packages/client/gm.html
gm.editor-tab-techniques,靜態HTML-GM,功法,靜態 HTML：packages/client/gm.html
gm.editor-title,靜態HTML-GM,未選擇角色,靜態 HTML：packages/client/gm.html
gm.enhancement,靜態HTML-GM,強化,靜態 HTML：packages/client/gm.html
gm.external-memory,靜態HTML-GM,外部記憶體,靜態 HTML：packages/client/gm.html
gm.gather,靜態HTML-GM,採集,靜態 HTML：packages/client/gm.html
gm.gm-password,靜態HTML-GM,GM 密碼,靜態 HTML：packages/client/gm.html
gm.god-view,靜態HTML-GM,上帝視角,靜態 HTML：packages/client/gm.html
gm.god-view-hint,靜態HTML-GM,右鍵拖動 · 滾輪縮放 · 左鍵選中查看,靜態 HTML：packages/client/gm.html
gm.heap-free-reserved,靜態HTML-GM,Heap 預留空閒,靜態 HTML：packages/client/gm.html
gm.heap-total,靜態HTML-GM,Heap 總量,靜態 HTML：packages/client/gm.html
gm.heap-usage,靜態HTML-GM,Heap 使用率,靜態 HTML：packages/client/gm.html
gm.heap-used,靜態HTML-GM,Heap 已用,靜態 HTML：packages/client/gm.html
gm.heavy-instance-ranking,靜態HTML-GM,實例大戶榜,靜態 HTML：packages/client/gm.html
gm.host-uptime,靜態HTML-GM,宿主機 uptime,靜態 HTML：packages/client/gm.html
gm.inbound-total,靜態HTML-GM,上行總量,靜態 HTML：packages/client/gm.html
gm.info-actions,靜態HTML-GM,訊息與操作,靜態 HTML：packages/client/gm.html
gm.instance-list,靜態HTML-GM,實例列表,靜態 HTML：packages/client/gm.html
gm.instance-world-selected-detail,靜態HTML-GM,實例訊息、世界控制與選中目標詳情,靜態 HTML：packages/client/gm.html
gm.latest-map-tick,靜態HTML-GM,最近單圖 tick,靜態 HTML：packages/client/gm.html
gm.load-15m,靜態HTML-GM,15 分鐘負載,靜態 HTML：packages/client/gm.html
gm.load-1m,靜態HTML-GM,1 分鐘負載,靜態 HTML：packages/client/gm.html
gm.load-5m,靜態HTML-GM,5 分鐘負載,靜態 HTML：packages/client/gm.html
gm.logical-cores,靜態HTML-GM,邏輯核心數,靜態 HTML：packages/client/gm.html
gm.login-logo-daojie-yusheng.alt,靜態HTML-GM,道劫餘生,靜態 HTML：packages/client/gm.html
gm.login-stamp-stamp-forbidden,靜態HTML-GM,禁,靜態 HTML：packages/client/gm.html
gm.login-submit,靜態HTML-GM,入司,靜態 HTML：packages/client/gm.html
gm.login-subtitle-login-subtitle,靜態HTML-GM,獨立 GM 管理臺 · 僅限持密進入,靜態 HTML：packages/client/gm.html
gm.login-title-inspector-office,靜態HTML-GM,監察司,靜態 HTML：packages/client/gm.html
gm.logout,靜態HTML-GM,退出管理臺,靜態 HTML：packages/client/gm.html
gm.memory-estimate-meta,靜態HTML-GM,運行態記憶體畫像尚未生成。,靜態 HTML：packages/client/gm.html
gm.memory-heap-usage-note,靜態HTML-GM,已用 0 MB / 總量 0 MB,靜態 HTML：packages/client/gm.html
gm.memory-rss-heap-ratio-note,靜態HTML-GM,倍率越高，非堆佔比越大,靜態 HTML：packages/client/gm.html
gm.memory-snapshot-meta,靜態HTML-GM,記憶體明細顯示當前進程快照，建議配合“立即刷新”觀察變化。,靜態 HTML：packages/client/gm.html
gm.memory-usage,靜態HTML-GM,記憶體佔用,靜態 HTML：packages/client/gm.html
gm.network-breakdown-subtitle-cpu-breakdown-hint,靜態HTML-GM,按消耗分組展示；組內按當前排序口徑排列，並顯示總耗時、均秒耗時、均次耗時、總次數、均秒次數和總佔比,靜態 HTML：packages/client/gm.html
gm.network-breakdown-subtitle-heavy-instance-ranking-note,靜態HTML-GM,按實例元數據 + 怪物快照估算排序，優先看最重的圖,靜態 HTML：packages/client/gm.html
gm.network-breakdown-subtitle-object-domain-profile-note,靜態HTML-GM,按玩家 / 怪物 / 實例快照估算，便於先定位優化方向,靜態 HTML：packages/client/gm.html
gm.network-in-page-meta,靜態HTML-GM,第 1 / 1 頁 · 共 0 條,靜態 HTML：packages/client/gm.html
gm.network-in-page-next,靜態HTML-GM,下一頁,靜態 HTML：packages/client/gm.html
gm.network-in-page-prev,靜態HTML-GM,上一頁,靜態 HTML：packages/client/gm.html
gm.network-inbound-ranking,靜態HTML-GM,網路事件上行榜,靜態 HTML：packages/client/gm.html
gm.network-outbound-ranking,靜態HTML-GM,網路事件下行榜,靜態 HTML：packages/client/gm.html
gm.new-password,靜態HTML-GM,新密碼,靜態 HTML：packages/client/gm.html
gm.no-cpu-breakdown,靜態HTML-GM,當前還沒有 CPU 分項數據。,靜態 HTML：packages/client/gm.html
gm.no-inbound-events,靜態HTML-GM,當前還沒有累計上行事件。,靜態 HTML：packages/client/gm.html
gm.no-instance-memory-profile,靜態HTML-GM,當前還沒有實例記憶體畫像。,靜態 HTML：packages/client/gm.html
gm.no-outbound-events,靜態HTML-GM,當前還沒有累計下行事件。,靜態 HTML：packages/client/gm.html
gm.no-pathfinding-failures,靜態HTML-GM,當前還沒有尋路失敗記錄。,靜態 HTML：packages/client/gm.html
gm.no-runtime-memory-profile,靜態HTML-GM,當前還沒有運行態記憶體畫像。,靜態 HTML：packages/client/gm.html
gm.node-process-uptime,靜態HTML-GM,Node 進程 uptime,靜態 HTML：packages/client/gm.html
gm.node-visible-cpu-cores,靜態HTML-GM,Node 進程可見 CPU 核心,靜態 HTML：packages/client/gm.html
gm.normal,靜態HTML-GM,正常,靜態 HTML：packages/client/gm.html
gm.note-card-preparing-database-panel,靜態HTML-GM,正在準備數據庫管理面板…,靜態 HTML：packages/client/gm.html
gm.note-card-shortcuts-warning,靜態HTML-GM,這裡的快捷指令會直接影響全服角色狀態。線上角色會在下一息統一執行，離線角色會直接更新存檔。,靜態 HTML：packages/client/gm.html
gm.object-domain-profile,靜態HTML-GM,對象域畫像,靜態 HTML：packages/client/gm.html
gm.offline-count,靜態HTML-GM,離線人數,靜態 HTML：packages/client/gm.html
gm.offline-hanging,靜態HTML-GM,離線掛機,靜態 HTML：packages/client/gm.html
gm.online,靜態HTML-GM,線上,靜態 HTML：packages/client/gm.html
gm.online-count,靜態HTML-GM,線上人數,靜態 HTML：packages/client/gm.html
gm.online-first,靜態HTML-GM,線上優先,靜態 HTML：packages/client/gm.html
gm.open-player-mail,靜態HTML-GM,發郵件,靜態 HTML：packages/client/gm.html
gm.outbound-total,靜態HTML-GM,下行總量,靜態 HTML：packages/client/gm.html
gm.overview.online-save-note,靜態HTML-GM,線上玩家的修改會由服務端在下一息統一執行。離線玩家會直接更新存檔。,靜態 HTML：packages/client/gm.html
gm.overview.snapshot-save-note,靜態HTML-GM,預設編輯器展示的是完整運行態快照；高級區可切換查看真實存檔態 JSON。像 `actions`、`finalAttrs`、`numericStats`、`realm` 這類派生字段，保存後仍以服務端重算結果為準。,靜態 HTML：packages/client/gm.html
gm.panel-stamp-stamp-command,靜態HTML-GM,令,靜態 HTML：packages/client/gm.html
gm.panel-stamp-stamp-office,靜態HTML-GM,司,靜態 HTML：packages/client/gm.html
gm.panel-stamp-stamp-redeem,靜態HTML-GM,兌,靜態 HTML：packages/client/gm.html
gm.partition-editor,靜態HTML-GM,分區數據編輯,靜態 HTML：packages/client/gm.html
gm.partition-editor-subtitle,靜態HTML-GM,按基礎、位置、屬性、功法、物品、任務等分開查看與保存，原始 JSON 保留在高級區,靜態 HTML：packages/client/gm.html
gm.password-save,靜態HTML-GM,修改 GM 密碼,靜態 HTML：packages/client/gm.html
gm.password.placeholder,靜態HTML-GM,輸入 GM 管理密碼,靜態 HTML：packages/client/gm.html
gm.path-cancelled,靜態HTML-GM,尋路取消,靜態 HTML：packages/client/gm.html
gm.path-queue,靜態HTML-GM,尋路隊列,靜態 HTML：packages/client/gm.html
gm.path-workers,靜態HTML-GM,尋路線程,靜態 HTML：packages/client/gm.html
gm.pathfinding-drop-note,靜態HTML-GM,等待丟棄 0 · 結果過期 0,靜態 HTML：packages/client/gm.html
gm.pathfinding-expanded-note,靜態HTML-GM,峰值 0 · 成功 0,靜態 HTML：packages/client/gm.html
gm.pathfinding-queue-note,靜態HTML-GM,峰值 0 ms · 隊列峰值 0,靜態 HTML：packages/client/gm.html
gm.pathfinding-reset-meta,靜態HTML-GM,尋路統計區間尚未開始。,靜態 HTML：packages/client/gm.html
gm.pathfinding-run-note,靜態HTML-GM,峰值 0 ms · 已完成 0,靜態 HTML：packages/client/gm.html
gm.pathfinding-summary,靜態HTML-GM,尋路調度摘要,靜態 HTML：packages/client/gm.html
gm.peace-mode,靜態HTML-GM,和平模式,靜態 HTML：packages/client/gm.html
gm.player-book,靜態HTML-GM,角色冊,靜態 HTML：packages/client/gm.html
gm.player-book-subtitle,靜態HTML-GM,列表顯示賬號、角色名、顯示名；搜索支持賬號、角色名、顯示名和地圖中文名,靜態 HTML：packages/client/gm.html
gm.player-bulk-ban-by-risk,靜態HTML-GM,預覽並批量封號,靜態 HTML：packages/client/gm.html
gm.player-bulk-ban-preview,靜態HTML-GM,尚未生成批量封號預覽。,靜態 HTML：packages/client/gm.html
gm.player-bulk-ban-reason.placeholder,靜態HTML-GM,批量封號原因（可選）,靜態 HTML：packages/client/gm.html
gm.player-database-meta,靜態HTML-GM,當前還沒有數據庫表數據。,靜態 HTML：packages/client/gm.html
gm.player-search.placeholder,靜態HTML-GM,搜索賬號 / 角色名 / 顯示名 / 地圖,靜態 HTML：packages/client/gm.html
gm.player.presence.offline,靜態HTML-GM,離線,靜態 HTML：packages/client/gm.html
gm.preparing-redeem-editor,靜態HTML-GM,正在準備分組編輯器…,靜態 HTML：packages/client/gm.html
gm.presence-all,靜態HTML-GM,線上狀態: 全部,靜態 HTML：packages/client/gm.html
gm.process-latest-sample,靜態HTML-GM,全進程最近一次採樣窗口,靜態 HTML：packages/client/gm.html
gm.process-resident-memory,靜態HTML-GM,進程常駐記憶體,靜態 HTML：packages/client/gm.html
gm.process-system-cpu,靜態HTML-GM,進程累計 system CPU,靜態 HTML：packages/client/gm.html
gm.process-uptime,靜態HTML-GM,進程運行時長,靜態 HTML：packages/client/gm.html
gm.process-user-cpu,靜態HTML-GM,進程累計 user CPU,靜態 HTML：packages/client/gm.html
gm.realm-asc,靜態HTML-GM,境界從低到高,靜態 HTML：packages/client/gm.html
gm.realm-desc,靜態HTML-GM,境界從高到低,靜態 HTML：packages/client/gm.html
gm.redeem-code-list,靜態HTML-GM,兌換碼列表,靜態 HTML：packages/client/gm.html
gm.redeem-code-list-subtitle,靜態HTML-GM,可查看使用狀態，並銷燬指定可用兌換碼,靜態 HTML：packages/client/gm.html
gm.redeem-group-editor,靜態HTML-GM,分組編輯,靜態 HTML：packages/client/gm.html
gm.redeem-group-editor-subtitle,靜態HTML-GM,新建時選擇獎勵物品和數量，後續也可繼續修改,靜態 HTML：packages/client/gm.html
gm.redeem-group-list,靜態HTML-GM,分組列表,靜態 HTML：packages/client/gm.html
gm.redeem-group-list-subtitle,靜態HTML-GM,查看每個分組的兌換碼總數、已使用數和可用數,靜態 HTML：packages/client/gm.html
gm.redeem-status,靜態HTML-GM,兌換碼數據讀取中…,靜態 HTML：packages/client/gm.html
gm.refresh-player,靜態HTML-GM,刷新當前玩家,靜態 HTML：packages/client/gm.html
gm.refresh-state,靜態HTML-GM,立即刷新,靜態 HTML：packages/client/gm.html
gm.remove-all-bots,靜態HTML-GM,移除全部機器人,靜態 HTML：packages/client/gm.html
gm.remove-bot,靜態HTML-GM,移除該機器人,靜態 HTML：packages/client/gm.html
gm.reset-cpu-stats,靜態HTML-GM,重置 CPU 統計,靜態 HTML：packages/client/gm.html
gm.reset-heaven-gate,靜態HTML-GM,重置天門,靜態 HTML：packages/client/gm.html
gm.reset-network-stats,靜態HTML-GM,重置流量統計,靜態 HTML：packages/client/gm.html
gm.reset-pathfinding-stats,靜態HTML-GM,重置尋路統計,靜態 HTML：packages/client/gm.html
gm.reset-player,靜態HTML-GM,回出生點,靜態 HTML：packages/client/gm.html
gm.resident-gap,靜態HTML-GM,常駐差額,靜態 HTML：packages/client/gm.html
gm.resident-gap-note,靜態HTML-GM,RSS - Heap 總量 - 外部記憶體，近似 native/棧/代碼段,靜態 HTML：packages/client/gm.html
gm.risk-asc,靜態HTML-GM,風險從低到高,靜態 HTML：packages/client/gm.html
gm.risk-desc,靜態HTML-GM,風險從高到低,靜態 HTML：packages/client/gm.html
gm.rss-heap-ratio,靜態HTML-GM,RSS / Heap 已用,靜態 HTML：packages/client/gm.html
gm.rss-memory,靜態HTML-GM,RSS 記憶體,靜態 HTML：packages/client/gm.html
gm.save-player,靜態HTML-GM,保存當前標籤,靜態 HTML：packages/client/gm.html
gm.select-instance-left,靜態HTML-GM,從左側選擇一個實例,靜態 HTML：packages/client/gm.html
gm.select-instance-runtime,靜態HTML-GM,選擇實例查看運行時狀態,靜態 HTML：packages/client/gm.html
gm.select-redeem-group,靜態HTML-GM,請選擇一個分組查看兌換碼。,靜態 HTML：packages/client/gm.html
gm.server-logs-load-older,靜態HTML-GM,加載更早 100 行,靜態 HTML：packages/client/gm.html
gm.server-logs-meta,靜態HTML-GM,日誌尚未加載。,靜態 HTML：packages/client/gm.html
gm.server-logs-refresh,靜態HTML-GM,刷新最近 100 行,靜態 HTML：packages/client/gm.html
gm.server-subtab-cpu,靜態HTML-GM,CPU 訊息,靜態 HTML：packages/client/gm.html
gm.server-subtab-database,靜態HTML-GM,數據庫,靜態 HTML：packages/client/gm.html
gm.server-subtab-logs,靜態HTML-GM,日誌,靜態 HTML：packages/client/gm.html
gm.server-subtab-memory,靜態HTML-GM,記憶體訊息,靜態 HTML：packages/client/gm.html
gm.server-subtab-overview,靜態HTML-GM,總覽,靜態 HTML：packages/client/gm.html
gm.server-subtab-traffic,靜態HTML-GM,流量統計,靜態 HTML：packages/client/gm.html
gm.shell-brand-daojie-yusheng-gm,靜態HTML-GM,道劫餘生 · 監察司,靜態 HTML：packages/client/gm.html
gm.shell-subtitle-batch-high-frequency-gm-actions,靜態HTML-GM,批量執行高頻 GM 操作,靜態 HTML：packages/client/gm.html
gm.shell-subtitle-redeem-management-subtitle,靜態HTML-GM,管理分組獎勵、生成兌換碼、查看使用情況與銷燬指定兌換碼,靜態 HTML：packages/client/gm.html
gm.shell-subtitle-server-overview-subtitle,靜態HTML-GM,全服監察總覽,靜態 HTML：packages/client/gm.html
gm.shell-title-daojie-yusheng,靜態HTML-GM,道劫餘生,靜態 HTML：packages/client/gm.html
gm.shell-title-redeem-management,靜態HTML-GM,兌換碼管理,靜態 HTML：packages/client/gm.html
gm.shortcut-add-herb-stock-1000,靜態HTML-GM,全圖草藥庫存 +1000,靜態 HTML：packages/client/gm.html
gm.shortcut-cleanup-abnormal-temporary-tiles,靜態HTML-GM,清理全圖異常臨時石頭,靜態 HTML：packages/client/gm.html
gm.shortcut-cleanup-invalid-items,靜態HTML-GM,清理全部玩家無效物品,靜態 HTML：packages/client/gm.html
gm.shortcut-compensate-combat-exp-2026-04-09,靜態HTML-GM,戰鬥經驗補償-2026-04-09,靜態 HTML：packages/client/gm.html
gm.shortcut-compensate-foundation-2026-04-09,靜態HTML-GM,底蘊補償-2026-04-09,靜態 HTML：packages/client/gm.html
gm.shortcut-delete-empty-custom-technique-books,靜態HTML-GM,清理空白功法殘卷,靜態 HTML：packages/client/gm.html
gm.shortcut-migrate-ai-arts-strength-v1-to-v2,靜態HTML-GM,遷移舊版AI術法草稿,靜態 HTML：packages/client/gm.html
gm.shortcut-migrate-recovery-pills,靜態HTML-GM,恢復丹藥遷移,靜態 HTML：packages/client/gm.html
gm.shortcut-recover-empty-custom-technique-books,靜態HTML-GM,修復空白功法殘卷,靜態 HTML：packages/client/gm.html
gm.shortcut-refresh-online-technique-templates,靜態HTML-GM,刷新線上玩家功法模板,靜態 HTML：packages/client/gm.html
gm.shortcut-repair-market-storage-item-ids,靜態HTML-GM,修復坊市託管倉舊ID,靜態 HTML：packages/client/gm.html
gm.shortcut-repair-quest-progress-payloads,靜態HTML-GM,修復歷史任務進度Payload,靜態 HTML：packages/client/gm.html
gm.shortcut-return-all-to-default-spawn,靜態HTML-GM,所有角色回新手村出生點,靜態 HTML：packages/client/gm.html
gm.spawn-bots,靜態HTML-GM,在選中角色附近生傀儡,靜態 HTML：packages/client/gm.html
gm.summary-memory,靜態HTML-GM,0 MB,靜態 HTML：packages/client/gm.html
gm.summary-peace-mode,靜態HTML-GM,關閉,靜態 HTML：packages/client/gm.html
gm.summary-tick,靜態HTML-GM,0 ms,靜態 HTML：packages/client/gm.html
gm.system-cpu-time,靜態HTML-GM,內核態 CPU 時間,靜態 HTML：packages/client/gm.html
gm.system-load-average,靜態HTML-GM,系統 load average,靜態 HTML：packages/client/gm.html
gm.system-uptime,靜態HTML-GM,系統運行時長,靜態 HTML：packages/client/gm.html
gm.tab-players,靜態HTML-GM,玩家管理,靜態 HTML：packages/client/gm.html
gm.tab-redeem,靜態HTML-GM,兌換碼,靜態 HTML：packages/client/gm.html
gm.tab-server,靜態HTML-GM,伺服器訊息,靜態 HTML：packages/client/gm.html
gm.tab-shortcuts,靜態HTML-GM,快捷指令,靜態 HTML：packages/client/gm.html
gm.tab-world,靜態HTML-GM,世界管理,靜態 HTML：packages/client/gm.html
gm.tick-window,靜態HTML-GM,tick 佔窗,靜態 HTML：packages/client/gm.html
gm.toggle-peace-mode,靜態HTML-GM,切換和平模式,靜態 HTML：packages/client/gm.html
gm.total-inbound,靜態HTML-GM,累計上行,靜態 HTML：packages/client/gm.html
gm.total-outbound,靜態HTML-GM,累計下行,靜態 HTML：packages/client/gm.html
gm.total-players,靜態HTML-GM,角色總數,靜態 HTML：packages/client/gm.html
gm.traffic-reset-meta,靜態HTML-GM,統計區間尚未開始。,靜態 HTML：packages/client/gm.html
gm.traffic-total-in-note,靜態HTML-GM,均次 0 B · 均秒 0 B/s,靜態 HTML：packages/client/gm.html
gm.traffic.client-to-server-bytes,靜態HTML-GM,客戶端 -> 服務端累計字節,靜態 HTML：packages/client/gm.html
gm.traffic.server-to-client-bytes,靜態HTML-GM,服務端 -> 客戶端累計字節,靜態 HTML：packages/client/gm.html
gm.user-cpu-time,靜態HTML-GM,用戶態 CPU 時間,靜態 HTML：packages/client/gm.html
gm.v8-heap-total,靜態HTML-GM,V8 當前堆容量,靜態 HTML：packages/client/gm.html
gm.v8-heap-used,靜態HTML-GM,V8 已使用堆,靜態 HTML：packages/client/gm.html
gm.v8-reserved-unused,靜態HTML-GM,V8 已申請但尚未使用,靜態 HTML：packages/client/gm.html
heaven-gate.action.cancel,開天門,取消,
heaven-gate.action.confirm,開天門,確認,
heaven-gate.action.confirm-enter,開天門,確認入天門,
heaven-gate.action.confirm-open,開天門,確認開天門,
heaven-gate.action.confirm-reroll,開天門,確認逆天改命,
heaven-gate.action.confirm-restore,開天門,確認補回,
heaven-gate.action.confirm-sever,開天門,確認斬斷,
heaven-gate.action.enter,開天門,入天門,
heaven-gate.action.open,開天門,開天門,
heaven-gate.action.reroll,開天門,逆天改命,
heaven-gate.action.restore,開天門,補,
heaven-gate.action.restore-full,開天門,補回,
heaven-gate.action.sever,開天門,斬,
heaven-gate.action.sever-full,開天門,斬斷,
heaven-gate.modal.close-hint,開天門,點擊空白處關閉,
heaven-gate.popup.enter-desc,開天門,入天門會正式寫入本次靈根並完成開天門，但不會代替突破動作。入天門後，多數情況下結果即定，難以再重抽或逆天改命。,
heaven-gate.popup.open-desc,開天門,開天門不耗境界修為。多靈根則更易出現，斬後更偏單一高值；被斬屬性本局不再出現。對結果不滿可入天門前逆天改命重開。,
heaven-gate.popup.reroll-desc,開天門,逆天改命會消耗 {cost} 點境界修為，並清掉當前結果，退回重新開天門狀態。,
heaven-gate.popup.restore-desc,開天門,補回會使該靈根重入隨機池，並提高複合可能；補回同樣消耗 {cost} 點境界修為（上限 {percent}%）；當前結果會失效並退回可重開。,
heaven-gate.popup.sever-desc,開天門,斬斷後，此係將不參與本次隨機；留數越少，單條越易高值，但該系本局將不再出現。消耗 {cost} 點境界修為（上限 {percent}%）；當前已有結果會失效並退回可重開。,
heaven-gate.popup.sever-title,開天門,確認{action}{element}靈根,
heaven-gate.toast.max-sever,開天門,最多隻能斬斷四條靈根。,
heaven-gate.toast.no-player,開天門,當前未獲取到角色狀態。,
heaven-gate.toast.unavailable,開天門,當前已完成入天門，或暫時不處於可開天門狀態。,
world-migration.line.peaceful,跨界,虛境,
world-migration.line.real,跨界,現世,
world-migration.modal.hint,跨界,切入他道後，隨其之道。,
world-migration.modal.subtitle,跨界,當前世界：{world},
world-migration.modal.title,跨界,世界遷移,
world-migration.toast.not-ready,跨界,身未安定，暫不可跨界。,
offline-gain.toast.confirm-send-failed,離線掛機,連接尚未就緒，請稍後再次確認收取,
offline-gain.toast.confirm-timeout,離線掛機,雲端確認結果尚未返回，請檢查連接後重試,
offline-gain.toast.local-save-failed,離線掛機,離線掛機收益已確認，本地歷史保存失敗，雲端總賬仍已保留,
offline-gain.toast.saved,離線掛機,離線掛機收益已確認並保存：{count} 條,
offline-gain.modal.confirm-btn,離線收益,確認收取,
offline-gain.modal.confirming-btn,離線收益,正在確認…,
offline-gain.modal.hint.confirm,離線收益,確認後將結算雲端離線收益並進入遊戲,
offline-gain.modal.hint.confirming,離線收益,正在結算雲端離線收益，請稍候,
offline-gain.modal.hint.save-failed,離線收益,本地歷史無法持久化，確認後仍會進入遊戲,
offline-gain.modal.hint.saved,離線收益,已存入本地瀏覽器,
offline-gain.modal.subtitle,離線收益,{count} 次離線記錄 · {duration},
offline-gain.modal.title,離線收益,離線掛機收益,
connection.auth.expired-login,連接,靈氣印記已散，請重新入世,登入態失效提示
connection.bootstrap.unavailable,連接,當前角色所在世界暫不可用，請稍後重試,角色運行時引導失敗提示
connection.error.disconnected,連接,天地失聯：{message},連接失敗提示
connection.kicked.removed,連接,會話已失效，請重新入世,會話移除提示
connection.kicked.replaced,連接,此身已在別處顯化,頂號登出提示
connection.kicked.server-shutdown,連接,伺服器正在重啟，請稍後重歸天地,伺服器關停重啟提示
connection.redeem.disconnected,連接,氣機已斷，兌換未竟,斷線拒絕兌換碼提示
connection.session.restored,連接,靈氣牽引已續，重歸天地...,會話續期成功提示
connection.status.offline,連接,離線,離線狀態
connection.status.redirecting,連接,遷移,重定向連接狀態
connection.status.restoring,連接,重歸,重連狀態
connection.toast.reconnecting,連接,天地氣機暫斷，正嘗試重連...,斷線重連提示
runtime.toast.restart-soon,連接,天道有變，即將重啟...,
body-training.bonus.all-attrs,煉體,全屬性+{percent}%,
body-training.bonus.none,煉體,全屬性暫未提升,
body-training.foundation.direct-infuse,煉體,當前可直接灌入 {foundation} 點底蘊。,
body-training.foundation.max-reach-level,煉體,當前最多可直達第 {level} 層。,
body-training.infuse.action,煉體,灌注,
body-training.infuse.all-action,煉體,全部灌注,
body-training.infuse.all-foundation,煉體,全部底蘊,
body-training.infuse.available-foundation,煉體,可用底蘊,
body-training.infuse.available-infuse-label,煉體,當前可灌,
body-training.infuse.confirm,煉體,確認灌注,
body-training.infuse.convert-exp,煉體,轉化經驗,
body-training.infuse.cost-foundation,煉體,消耗底蘊,
body-training.infuse.detail.insufficient-one-level,煉體,當前底蘊暫不足提升一層，可直接灌注 {foundation} 點底蘊。,
body-training.infuse.detail.rate,煉體,1 點底蘊 = {exp} 點煉體經驗。,
body-training.infuse.foundation-count,煉體,{count} 底蘊,
body-training.infuse.insufficient-foundation,煉體,底蘊不足,
body-training.infuse.level-gain,煉體,+{level} 層,
body-training.infuse.max-level-gain-label,煉體,最多可升,
body-training.infuse.no-foundation,煉體,當前沒有可用於灌注的底蘊。,
body-training.infuse.note.all,煉體,本次將直接灌入全部 {cost} 點底蘊。,
body-training.infuse.note.level,煉體,本次需要 {exp} 點煉體經驗，換算為 {cost} 點底蘊。,
body-training.infuse.pick-mode,煉體,選擇灌注方式,
body-training.infuse.preview-exp,煉體,預計當前經驗,
body-training.infuse.preview-level,煉體,預計境界,
body-training.infuse.preview.max-level-gain,煉體,本次最多可提升 {level} 層,
body-training.infuse.preview.no-level-gain,煉體,可先灌注底蘊積累經驗,
body-training.infuse.subtitle.current-level,煉體,當前第 {level} 層,
body-training.infuse.title,煉體,灌注煉體,
body-training.infuse.unavailable,煉體,暫不可用,
body-training.kicker.level,煉體,煉體層數,
body-training.label.current-bonus,煉體,當前總加成,
body-training.label.current-foundation,煉體,當前底蘊,
body-training.level,煉體,第 {level} 層,
body-training.remain-exp,煉體,距下一層還需 {exp} 煉體經驗,
craft.workbench.alchemy.action.cancel,煉製,取消{modeLabel},
craft.workbench.alchemy.action.cancel-activity,煉製,取消當前{activityName},
craft.workbench.alchemy.action.delete-preset,煉製,刪除已選,
craft.workbench.alchemy.action.full-start.alchemy,煉製,按完整丹方煉製,
craft.workbench.alchemy.action.full-start.forging,煉製,按完整器方煉製,
craft.workbench.alchemy.action.note.batch,煉製,擇量製作，至多 {maxQuantity} 批，每批 {batchCount} {unit}。,
craft.workbench.alchemy.action.note.exact,煉製,當前投料已等同完整{recipeKind}。,
craft.workbench.alchemy.action.note.job-ready,煉製,當前技藝任務進行中，新{recipeKind}確認後即入隊列。,
craft.workbench.alchemy.action.note.single,煉製,單批固定 {batchCount} {unit}，每{unit}獨立判定；單批需靈石 {spiritStoneCost} 枚，單批耗時 {batchTime}。,
craft.workbench.alchemy.action.reset-draft,煉製,重置投料,
craft.workbench.alchemy.action.save-preset.create,煉製,保存自定義丹方,
craft.workbench.alchemy.action.save-preset.create.forging,煉製,保存自定義器方,
craft.workbench.alchemy.action.save-preset.overwrite,煉製,覆蓋當前自定義丹方,
craft.workbench.alchemy.action.save-preset.overwrite.forging,煉製,覆蓋當前自定義器方,
craft.workbench.alchemy.action.simple-tab.alchemy,煉製,去自創丹方調整,
craft.workbench.alchemy.action.simple-tab.forging,煉製,去自創器方調整,
craft.workbench.alchemy.category.accessory,煉製,飾品,
craft.workbench.alchemy.category.artifact,煉製,法寶,
craft.workbench.alchemy.category.body,煉製,護甲,
craft.workbench.alchemy.category.buff,煉製,增益,
craft.workbench.alchemy.category.head,煉製,頭盔,
craft.workbench.alchemy.category.legs,煉製,鞋履,
craft.workbench.alchemy.category.recovery,煉製,恢復,
craft.workbench.alchemy.category.special,煉製,特殊,
craft.workbench.alchemy.category.technique,煉製,技藝,
craft.workbench.alchemy.category.weapon,煉製,武器,
craft.workbench.alchemy.confirm.batch-time,煉製,單批耗時,
craft.workbench.alchemy.confirm.error.exceed-max,煉製,當前最多可製作 {maxQuantity} 批。,
craft.workbench.alchemy.confirm.error.invalid-quantity,煉製,煉製數量有誤,
craft.workbench.alchemy.confirm.error.no-materials,煉製,材料或靈石不足，當前無法制作。,
craft.workbench.alchemy.confirm.hint,煉製,至多 {maxQuantity} 批，每批產出 {outputCount} {unit}。動則暫停技藝。,
craft.workbench.alchemy.confirm.item-kind.alchemy,煉製,丹藥,
craft.workbench.alchemy.confirm.item-kind.forging,煉製,器物,
craft.workbench.alchemy.confirm.mode.alchemy,煉製,煉製,
craft.workbench.alchemy.confirm.mode.forging,煉製,煉器,
craft.workbench.alchemy.confirm.no-startup,煉製,直接製作,
craft.workbench.alchemy.confirm.quantity-label,煉製,煉製數量,
craft.workbench.alchemy.confirm.quick.max,煉製,最大,
craft.workbench.alchemy.confirm.quick.one,煉製,1,
craft.workbench.alchemy.confirm.recipe-kind.alchemy,煉製,丹方,
craft.workbench.alchemy.confirm.recipe-kind.forging,煉製,器方,
craft.workbench.alchemy.confirm.recipe-label.full.alchemy,煉製,完整丹方,
craft.workbench.alchemy.confirm.recipe-label.full.forging,煉製,完整器方,
craft.workbench.alchemy.confirm.recipe-label.simple.alchemy,煉製,自創丹方,
craft.workbench.alchemy.confirm.recipe-label.simple.forging,煉製,自創器方,
craft.workbench.alchemy.confirm.recipe-summary,煉製,{recipeLabel} · 一批 {batchCount} {unit},
craft.workbench.alchemy.confirm.spirit-stone,煉製,靈石,
craft.workbench.alchemy.confirm.start,煉製,開始,
craft.workbench.alchemy.confirm.start-append,煉製,加入到隊列,
craft.workbench.alchemy.confirm.start-preserve,煉製,開始(保留隊列),
craft.workbench.alchemy.confirm.subtitle,煉製,{recipeName} · {recipeLabel},
craft.workbench.alchemy.confirm.title,煉製,選擇{modeLabel}數量,
craft.workbench.alchemy.confirm.total-spirit-stone,煉製,總靈石,
craft.workbench.alchemy.confirm.total-spirit-stone-value,煉製,{cost} 靈石,
craft.workbench.alchemy.confirm.total-time,煉製,本次總耗時,
craft.workbench.alchemy.confirm.total-time-value,煉製,{ticks} 息,
craft.workbench.alchemy.confirm.unit.alchemy,煉製,枚,
craft.workbench.alchemy.confirm.unit.forging,煉製,件,
craft.workbench.alchemy.control.realm,煉製,境界,
craft.workbench.alchemy.control.recipe-type.alchemy,煉製,丹方類型,
craft.workbench.alchemy.control.recipe-type.forging,煉製,器方類型,
craft.workbench.alchemy.item-kind.alchemy,煉製,藥名,
craft.workbench.alchemy.item-kind.forging,煉製,器物,
craft.workbench.alchemy.job.batch-output,煉製,每批 {count} {unit},
craft.workbench.alchemy.job.empty,煉製,暫無{activityName}任務。,
craft.workbench.alchemy.job.failure-count,煉製,失敗 {count},
craft.workbench.alchemy.job.progress,煉製,煉製進度,
craft.workbench.alchemy.job.progress-value,煉製,{completed} / {quantity} 批,
craft.workbench.alchemy.job.quantity,煉製,數量 {quantity} 批,
craft.workbench.alchemy.job.remaining,煉製,剩餘 {ticks},
craft.workbench.alchemy.job.spirit-stone,煉製,靈石 {count},
craft.workbench.alchemy.job.success-count,煉製,成功 {count},
craft.workbench.alchemy.job.title,煉製,當前任務,
craft.workbench.alchemy.metric.success.alchemy,煉製,成丹率 {rate},
craft.workbench.alchemy.metric.success.forging,煉製,成器率 {rate},
craft.workbench.alchemy.noun.alchemy-recipe,煉製,丹方,
craft.workbench.alchemy.noun.forging-recipe,煉製,器方,
craft.workbench.alchemy.phase.brewing,煉製,製作中,
craft.workbench.alchemy.phase.paused,煉製,等待恢復,
craft.workbench.alchemy.realm.foundation,煉製,築基,
craft.workbench.alchemy.realm.mortal,煉製,凡胎,
craft.workbench.alchemy.realm.qi,煉製,練氣,
craft.workbench.alchemy.recipe-list.empty-category,煉製,當前分類下還沒有可煉製的{noun}。,
craft.workbench.alchemy.recipe-list.empty-current,煉製,當前沒有可用{noun}。,
craft.workbench.alchemy.recipe-list.loading,煉製,{noun}查探中...,
craft.workbench.alchemy.subtitle.alchemy,煉製,煉丹 Lv.{alchemyLevel} · 採集 Lv.{gatherLevel},
craft.workbench.alchemy.subtitle.forging,煉製,煉器 Lv.{level} · 技藝器方,
craft.workbench.alchemy.subtitle.job,煉製,當前任務：{itemName} · {completed} / {quantity} 批,
craft.workbench.alchemy.tab.full-alchemy,煉製,完整丹方,
craft.workbench.alchemy.tab.full-forging,煉製,完整器方,
craft.workbench.alchemy.tab.simple-alchemy,煉製,自創丹方,
craft.workbench.alchemy.tab.simple-forging,煉製,自創器方,
craft.workbench.alchemy.topbar.level.alchemy,煉製,煉丹等級,
craft.workbench.alchemy.topbar.level.forging,煉製,煉器等級,
craft.workbench.alchemy.topbar.note,煉製,懸浮或點按{itemKind}可查看效果與來源,
craft.workbench.forging.beginner-recipes,煉製,入門器方,
craft.workbench.forging.placeholder.text,煉製,當前煉器只開放最低級工具類器方；未裝備煉器工具時可以進入菜單，但不會獲得工具加成。,
root.dual.balanced.desc,靈根,兩系強弱接近，靈氣分佈平滑，適合走互補路線。,
root.dual.balanced.meta,靈根,雙靈根 · 均衡,
root.dual.balanced.name,靈根,{names}均衡雙靈根,
root.dual.heaven.desc,靈根,雙系皆過九十，兼顧變化與純度，屬於極罕見的雙系天靈根。,
root.dual.heaven.meta,靈根,雙靈根 · 天品,
root.dual.heaven.name,靈根,{names}天靈根,
root.dual.mixed.desc,靈根,兩系都不算太強，難稱精品，只能算常見的雜雙靈根。,
root.dual.mixed.meta,靈根,雙靈根 · 雜駁,
root.dual.mixed.name,靈根,{names}雜雙靈根,
root.dual.normal.desc,靈根,標準雙靈根格局，既有變化，也承擔了純度被分走的代價。,
root.dual.normal.meta,靈根,雙靈根 · 常規,
root.dual.normal.name,靈根,{names}雙靈根,
root.dual.true.desc,靈根,兩系都很紮實，是雙修路線裡相當漂亮的一檔。,
root.dual.true.meta,靈根,雙靈根 · 上品,
root.dual.true.name,靈根,{names}真雙靈根,
root.dual.waste.desc,靈根,兩系都沾一點，卻都不成氣候，屬於典型廢雙靈根。,
root.dual.waste.meta,靈根,雙靈根 · 近廢,
root.dual.waste.name,靈根,{names}廢雙靈根,
root.five.balanced.desc,靈根,五行分佈極其平均，沒有明顯偏科，最適合全系兼修路線。,
root.five.balanced.meta,靈根,五靈根 · 均衡,
root.five.balanced.name,靈根,五行均衡靈根,
root.five.god.desc,靈根,五行俱圓滿，條條皆為百數，已經不是尋常五靈根能形容的資質。,
root.five.god.meta,靈根,五靈根 · 神品,
root.five.god.name,靈根,神靈根,
root.five.heaven.desc,靈根,五行俱全且全部過九十，極其稀有，真正意義上的五行齊鳴。,
root.five.heaven.meta,靈根,五靈根 · 天品,
root.five.heaven.name,靈根,五行天靈根,
root.five.high.desc,靈根,五行總值不低，已經跳出普通雜靈根範疇，整體底子相當紮實。,
root.five.high.meta,靈根,五靈根 · 上品,
root.five.high.name,靈根,上品五靈根,
root.five.low.desc,靈根,屬於五靈根裡比較常見的一檔，路子很多，但單系都不算特別強。,
root.five.low.meta,靈根,五靈根 · 普通,
root.five.low.name,靈根,下品五靈根,
root.five.mixed.desc,靈根,五行混雜、純度偏低，是最常見的一類靈根，優點是適配面廣。,
root.five.mixed.meta,靈根,五靈根 · 雜駁,
root.five.mixed.name,靈根,雜靈根,
root.five.supreme.desc,靈根,五行俱全且整體總值極高，雖然未必每條都達天品，但底子已經極厚。,
root.five.supreme.meta,靈根,五靈根 · 極品,
root.five.supreme.name,靈根,極品五行靈根,
root.five.true.desc,靈根,五行全部強勢，雖然未到全體天品，但整體已經非常誇張。,
root.five.true.meta,靈根,五靈根 · 極上,
root.five.true.name,靈根,五行真靈根,
root.five.waste.desc,靈根,五行俱全卻極度孱弱，看似什麼都有，實則每一系都不足以撐起修行。,
root.five.waste.meta,靈根,五靈根 · 近廢,
root.five.waste.name,靈根,廢靈根,
root.none.desc,靈根,當前沒有可用靈根。,
root.none.meta,靈根,靈根已絕,
root.none.name,靈根,無靈根,
root.quad.heaven.desc,靈根,四系全部極高，已經超出常規四靈根應有的駁雜程度。,
root.quad.heaven.meta,靈根,四靈根 · 天品,
root.quad.heaven.name,靈根,{names}四象天靈根,
root.quad.mixed.desc,靈根,四系駁雜，純度攤得很散，是典型的普通雜四靈根。,
root.quad.mixed.meta,靈根,四靈根 · 雜駁,
root.quad.mixed.name,靈根,{names}雜四靈根,
root.quad.normal.desc,靈根,四系並存，天然適合更復雜的路線，只是單系優勢更難拉出來。,
root.quad.normal.meta,靈根,四靈根 · 常規,
root.quad.normal.name,靈根,{names}四靈根,
root.quad.true.desc,靈根,四系都不低，說明這次開門極順，屬於相當漂亮的四靈根。,
root.quad.true.meta,靈根,四靈根 · 上品,
root.quad.true.name,靈根,{names}真四靈根,
root.quad.waste.desc,靈根,四系過多又過弱，屬性不少，但每一條都像風中殘燭。,
root.quad.waste.meta,靈根,四靈根 · 近廢,
root.quad.waste.name,靈根,{names}廢四靈根,
root.single.heaven.desc,靈根,靈氣歸一，雜質極少，屬於典型的單系天靈根。,
root.single.heaven.meta,靈根,單靈根 · 天品,
root.single.heaven.name,靈根,{names}天靈根,
root.single.innate-dao.desc,靈根,僅存一系，且數值圓滿，已近先天道胎之象。,
root.single.innate-dao.meta,靈根,單靈根 · 極境資質,
root.single.innate-dao.name,靈根,{names}先天道胎靈根,
root.single.supreme.desc,靈根,單一屬性純度極高，已是最上層的單系資質。,
root.single.supreme.meta,靈根,單靈根 · 極品,
root.single.supreme.name,靈根,{names}極品天靈根,
root.single.true.desc,靈根,雖然未到天品，但依舊屬於極強的單系資質。,
root.single.true.meta,靈根,單靈根 · 上品,
root.single.true.name,靈根,{names}真靈根,
root.single.waste.desc,靈根,雖然形式上只餘一系，但數值太低，幾近枯竭。,
root.single.waste.meta,靈根,單靈根 · 近廢,
root.single.waste.name,靈根,{names}廢靈根,
root.single.weak.desc,靈根,路線純粹，但根基偏枯，後續更依賴資源和機緣。,
root.single.weak.meta,靈根,單靈根 · 偏弱,
root.single.weak.name,靈根,{names}偏枯單靈根,
root.triple.balanced.desc,靈根,三系分佈平滑，沒有明顯短板，適合多屬性體系。,
root.triple.balanced.meta,靈根,三靈根 · 均衡,
root.triple.balanced.name,靈根,{names}均衡三靈根,
root.triple.heaven.desc,靈根,三系齊強且都過九十，放在三靈根裡已近傳說。,
root.triple.heaven.meta,靈根,三靈根 · 天品,
root.triple.heaven.name,靈根,{names}三系天靈根,
root.triple.mixed.desc,靈根,很常見的普通資質，廣而不精，更看後續功法與資源。,
root.triple.mixed.meta,靈根,三靈根 · 雜駁,
root.triple.mixed.name,靈根,{names}雜三靈根,
root.triple.normal.desc,靈根,標準三靈根，屬性選擇更多，但每一系分到的純度也更少。,
root.triple.normal.meta,靈根,三靈根 · 常規,
root.triple.normal.name,靈根,{names}三靈根,
root.triple.true.desc,靈根,三系根基都很紮實，勝在路子廣、兼容性強。,
root.triple.true.meta,靈根,三靈根 · 上品,
root.triple.true.name,靈根,{names}真三靈根,
root.triple.waste.desc,靈根,三系都有，卻都過於孱弱，修行時容易處處分散。,
root.triple.waste.meta,靈根,三靈根 · 近廢,
root.triple.waste.name,靈根,{names}廢三靈根,
domain.none,領域標籤,無,
domain.unknown-action,領域標籤,未知行動,
domain.unknown-attr,領域標籤,未知屬性,
domain.unknown-element,領域標籤,未知五行,
domain.unknown-entity,領域標籤,未知,
domain.unknown-equip-slot,領域標籤,未知部位,
domain.unknown-formula-var,領域標籤,未知變量,
domain.unknown-interactable,領域標籤,未知交互物,
domain.unknown-item-type,領域標籤,未知物品類型,
domain.unknown-marker,領域標籤,未知標記,
domain.unknown-quest-line,領域標籤,未知任務線,
domain.unknown-quest-objective,領域標籤,未知目標,
domain.unknown-quest-status,領域標籤,未知狀態,
domain.unknown-stat,領域標籤,未知統計,
domain.unknown-technique-category,領域標籤,未分類,
domain.unknown-technique-grade,領域標籤,無品,
domain.unknown-technique-realm,領域標籤,未知,
domain.unknown-terrain,領域標籤,未知地貌,
panel.registry.action,面板註冊,行動,
panel.registry.attr,面板註冊,屬性,
panel.registry.body-training,面板註冊,煉體,
panel.registry.changelog,面板註冊,更新日誌,
panel.registry.chat,面板註冊,聊天,
panel.registry.debug,面板註冊,調試,
panel.registry.equipment,面板註冊,裝備,
panel.registry.inventory,面板註冊,背包,
panel.registry.loot,面板註冊,拾取,
panel.registry.mail,面板註冊,飛書,
panel.registry.market,面板註冊,坊市,
panel.registry.minimap,面板註冊,小地圖,
panel.registry.quest,面板註冊,任務,
panel.registry.settings,面板註冊,設置,
panel.registry.social,面板註冊,道友,
panel.registry.technique,面板註冊,功法,
panel.registry.world-map-intel,面板註冊,地圖情報,
panel.registry.world-tianji,面板註冊,天機閣,
targeting.badge.cast-range,目標選擇,射程 {range},範圍D固定前端可見文本
targeting.badge.max-targets,目標選擇,· 最多 {count} 目標,範圍D固定前端可見文本
targeting.badge.selected,目標選擇,選定 {actionName} 目標 · {range}{shape},範圍D固定前端可見文本
targeting.badge.shape.area,目標選擇,· 範圍半徑 {radius}{maxTargets},範圍D固定前端可見文本
targeting.badge.shape.box,目標選擇,· 矩形 {width}x{height}{maxTargets},範圍D固定前端可見文本
targeting.badge.shape.checkerboard,目標選擇,· 棋盤 {width}x{height}{maxTargets},範圍D固定前端可見文本
targeting.badge.shape.line,目標選擇,· 直線{maxTargets},範圍D固定前端可見文本
targeting.badge.shape.oriented-box,目標選擇,· 定向矩形 {width}x{height}{maxTargets},範圍D固定前端可見文本
targeting.badge.shape.ring,目標選擇,· 環帶 {inner}-{outer}{maxTargets},範圍D固定前端可見文本
targeting.badge.vision-range,目標選擇,視野 {range},範圍D固定前端可見文本
targeting.senseqi.title,目標選擇,感氣視角,範圍D固定前端可見文本
targeting.toast.cancelled,目標選擇,已取消目標選擇,範圍D固定前端可見文本
targeting.toast.observe,目標選擇,請選擇當前視野內的目標格，按取消鍵或右鍵取消,範圍D固定前端可見文本
targeting.toast.select-range,目標選擇,請選擇 {range} 格內目標，按取消鍵或右鍵取消,範圍D固定前端可見文本
targeting.tooltip.coordinate,目標選擇,"座標 ({x}, {y})",範圍D固定前端可見文本
targeting.tooltip.formation,目標選擇,"{name} · 中心 ({x}, {y}) · 半徑 {radius}",範圍D固定前端可見文本
targeting.tooltip.formation.default-name,目標選擇,陣法,範圍D固定前端可見文本
targeting.tooltip.resource-level,目標選擇,{label}等級 {level},範圍D固定前端可見文本
targeting.tooltip.resource-value,目標選擇,{label} {value},範圍D固定前端可見文本
targeting.wangqi.area,目標選擇,面積 {area},範圍D固定前端可見文本
targeting.wangqi.doors-windows,目標選擇,門窗 {doors}/{windows},範圍D固定前端可見文本
targeting.wangqi.enclosed,目標選擇,封閉完整,範圍D固定前端可見文本
targeting.wangqi.fengshui,目標選擇,風水：{label} {score},範圍D固定前端可見文本
targeting.wangqi.fengshui.neutral,目標選擇,風水：平 0,範圍D固定前端可見文本
targeting.wangqi.luck,目標選擇,幸運：{luck},範圍D固定前端可見文本
targeting.wangqi.luck.zero,目標選擇,幸運：+0,範圍D固定前端可見文本
targeting.wangqi.open,目標選擇,連通外界,範圍D固定前端可見文本
targeting.wangqi.room,目標選擇,房間：{room},範圍D固定前端可見文本
targeting.wangqi.room.none,目標選擇,房間：此處不在房間內,範圍D固定前端可見文本
targeting.wangqi.title,目標選擇,望氣視角,範圍D固定前端可見文本
startup.toast.returning-spawn,啟動,正返回誕生之地...,
craft.workbench.enhancement.empty.error,強化,當前無法打開強化界面。,
craft.workbench.enhancement.empty.loading,強化,正在整理強化名錄與當前背包狀態…,
craft.workbench.enhancement.empty.no-target,強化,當前沒有可強化的裝備或法寶。現在任意裝備和法寶都可強化，但你身上暫時沒有可用目標。,
craft.workbench.enhancement.empty.select-item,強化,請選擇一件裝備或法寶。,
craft.workbench.enhancement.formula-pill,強化,強化說明,
craft.workbench.enhancement.formula.line.base-rate,強化,基礎成功率由目標等級決定，等級越高越難成功。,
craft.workbench.enhancement.formula.line.duration,強化,耗時會受到強化等級與強化錘修正影響。,
craft.workbench.enhancement.formula.line.final-high,強化,最終成功率受強化上限約束。,
craft.workbench.enhancement.formula.line.final-low,強化,強化等級不足時，成功率會明顯降低。,
craft.workbench.enhancement.formula.line.final-negative,強化,修正後低於下限時會按最低成功率結算。,
craft.workbench.enhancement.formula.line.high-skill,強化,角色強化等級越高，越能提高成功率並縮短耗時。,
craft.workbench.enhancement.formula.line.low-skill,強化,角色強化等級低於目標等級時，會受到額外懲罰。,
craft.workbench.enhancement.formula.line.settle,強化,每次強化按當前衝擊等級單獨結算。,
craft.workbench.enhancement.formula.line.spirit-stone,強化,靈石只在本階成功時扣除，保護物只在失敗且保護生效時扣除。,
craft.workbench.enhancement.history.detail.note,強化,以下成功率按當前角色強化等級 Lv.{level} 與當前強化錘修正計算，僅用於展示該次行動內各目標等級的參考概率。,
craft.workbench.enhancement.history.detail.protection-disabled,強化,未啟用保護,
craft.workbench.enhancement.history.detail.protection-enabled,強化,保護從 +{level} 生效,
craft.workbench.enhancement.history.detail.row.failure,強化,失敗,
craft.workbench.enhancement.history.detail.row.failure-value,強化,敗 {count},
craft.workbench.enhancement.history.detail.row.success,強化,成功,
craft.workbench.enhancement.history.detail.row.success-rate,強化,成功率,
craft.workbench.enhancement.history.detail.row.success-value,強化,成 {count},
craft.workbench.enhancement.history.detail.row.target,強化,目標,
craft.workbench.enhancement.history.detail.subtitle,強化,{itemName} · 開始於 {startedAt},
craft.workbench.enhancement.history.detail.summary,強化,{sessionSummary} · 歷史最高 +{highestLevel} · {status} · {endedAt} · {protection},
craft.workbench.enhancement.history.detail.title,強化,強化記錄詳情,
craft.workbench.enhancement.history.list.empty,強化,當前還沒有本地強化記錄。,
craft.workbench.enhancement.history.list.entry-meta,強化,等級 {level} · 歷史最高 +{highestLevel} · 累計 {attemptCount} 次,
craft.workbench.enhancement.history.list.subtitle,強化,以下為當前設備上的本地累計記錄，點擊物品後可查看每次開始強化的行動列表,
craft.workbench.enhancement.history.list.title,強化,強化歷史記錄,
craft.workbench.enhancement.history.session.empty,強化,該物品的舊版歷史只有累計彙總，無法拆回過去每次開始強化；後續新記錄會按行動分別列出。,
craft.workbench.enhancement.history.session.ended-at,強化,結束於 {endedAt},
craft.workbench.enhancement.history.session.ended-at-empty,強化,尚未結束,
craft.workbench.enhancement.history.session.started-at,強化,開始於 {startedAt},
craft.workbench.enhancement.history.session.status-meta,強化,歷史最高 +{highestLevel} · 累計 {attemptCount} 次 · {status} · {endedAt},
craft.workbench.enhancement.history.session.subtitle,強化,{itemName} · 按每次開始強化分組,
craft.workbench.enhancement.history.session.target-summary,強化,開始 +{startLevel} · 首衝 +{initialTargetLevel} · 目標 +{desiredTargetLevel},
craft.workbench.enhancement.history.session.title,強化,強化行動記錄,
craft.workbench.enhancement.picker.empty,強化,當前沒有可強化的裝備或法寶。,
craft.workbench.enhancement.picker.source.equipped,強化,已裝備 · {slot},
craft.workbench.enhancement.picker.source.inventory,強化,背包槽位 {slot},
craft.workbench.enhancement.picker.subtitle,強化,點擊下方任意目標後會立即回填到強化目標槽,
craft.workbench.enhancement.picker.title,強化,選擇強化目標,
craft.workbench.enhancement.picker.type.equipment,強化,裝備,
craft.workbench.enhancement.record.status.archived,強化,已歸檔,
craft.workbench.enhancement.record.status.cancelled,強化,已取消,
craft.workbench.enhancement.record.status.completed,強化,已完成,
craft.workbench.enhancement.record.status.in-progress,強化,進行中,
craft.workbench.enhancement.record.status.stopped,強化,已停止,
craft.workbench.history.time.unknown,強化,未知時間,
quest.action.navigate-submit,任務,前往交付,
quest.action.navigate-target,任務,前往目標,
quest.action.open-guide,任務,打開引導,
quest.card.chapter,任務,章節：{chapter},
quest.card.expand-hint,任務,點擊查看詳情,
quest.card.next-step,任務,下一步：{content},
quest.card.objective,任務,目標：{content},
quest.detail.accept-location,任務,接取地點,
quest.detail.chapter,任務,章節,
quest.detail.desc,任務,任務描述,
quest.detail.giver,任務,發佈者,
quest.detail.guide,任務,相關引導,
quest.detail.guide-desc,任務,打開這個任務關聯的操作引導，不會改變任務進度。,
quest.detail.next-step,任務,下一步,
quest.detail.objective-note,任務,任務說明,
quest.detail.progress,任務,當前進度,
quest.detail.relay,任務,傳話內容,
quest.detail.requirement,任務,任務需求,
quest.detail.reward,任務,獎勵,
quest.detail.status,任務,當前狀態,
quest.detail.story,任務,劇情,
quest.detail.submit-location,任務,提交地點,
quest.detail.target,任務,任務目標,
quest.detail.target-location,任務,目標地點,
quest.empty.all,任務,暫無任務，和場景人物交互可接取,
quest.empty.line,任務,當前沒有{line}任務,
quest.location.unknown,任務,未知,
quest.location.unset,任務,未設置,
quest.next.accept-at,任務,前往 {location} 找 {npcName} 接取任務,
quest.next.accept-to,任務,前往 {npcName} 接取任務,
quest.next.collect-item,任務,繼續收集 {itemName} ({current}/{required}),
quest.next.completed,任務,任務已結清,
quest.next.kill,任務,前往擊殺 {targetName},
quest.next.kill-at,任務,前往 {location} 擊殺 {targetName},
quest.next.kill-collect,任務,前往擊殺 {targetName}，並收集 {itemName},
quest.next.kill-collect-at,任務,前往 {location} 擊殺 {targetName}，並收集 {itemName},
quest.next.learn-technique,任務,打開背包，使用功法書學會 {targetName},
quest.next.realm-progress,任務,前往歷練並擊敗敵人，繼續積累 {targetName},
quest.next.realm-stage,任務,繼續歷練；境界圓滿後點擊頂部境界/突破查看要求並突破，達到 {targetName},
quest.next.submit-at,任務,前往 {location} 找 {npcName} 交付任務,
quest.next.submit-item,任務,準備 {itemName} 並前往交付,
quest.next.submit-item-at,任務,準備 {itemName}，再前往 {location} 交付,
quest.next.submit-to,任務,前往 {npcName} 交付任務,
quest.next.talk-at,任務,前往 {location} 找 {npcName} 傳達口信,
quest.next.talk-to,任務,前往 {npcName} 傳達口信,
quest.panel.title,任務,任務簿,
quest.progress.learn.done,任務,{targetName} 已參悟,
quest.progress.learn.pending,任務,{targetName} 未參悟,
quest.progress.realm-stage.done,任務,{targetName} 已達成,
quest.progress.realm-stage.pending,任務,{targetName} 未達成,
quest.progress.talk.done,任務,口信已傳達,
quest.progress.talk.pending,任務,尚未傳達,
quest.requirement.empty,任務,當前任務無額外提交材料。,
quest.requirement.owned,任務,當前持有 {current}/{required},
quest.reward.empty,任務,暫無額外獎勵說明,
quest.reward.none-marker,任務,無,
react.reference.item.grade,任務,品階：{grade},
react.reference.item.missing,任務,未找到對應物品配置,
react.reference.item.type,任務,類型：{type},
react.reference.monster.location,任務,出沒：{mapName},
react.reference.monster.lower-map,任務,另有低階地圖也可能出現,
react.reference.monster.map-lv,任務,推薦境界：{mapLv},
react.reference.monster.missing,任務,未找到對應怪物出沒訊息,
settings.account.action.save-display-name,設置,保存顯示名稱,
settings.account.action.save-password,設置,保存密碼,
settings.account.action.save-role-name,設置,保存角色名稱,
settings.account.copy.account,設置,賬號用於登入，登入頁輸入當前賬號或當前角色名都可以進入。設置頁這裡展示的是當前登入賬號。,
settings.account.copy.names,設置,顯示名稱是頭頂的一字標識，必須是可見字符；除“人”外，顯示名稱仍只和其他顯示名稱比唯一性。角色名稱完整顯示在頭頂，也必須包含可見字符；純中文建議不超過 {roleNameMaxLength} 個字，純英文最多 {roleNameMaxAsciiLength} 個字符。,
settings.account.error.check-failed,設置,驗查未果,
settings.account.error.current-password-empty,設置,當前密碼不能為空,
settings.account.error.current-password-required,設置,當前密碼不能為空,
settings.account.error.login-expired,設置,登入已失效，請重新登入,
settings.account.error.no-token,設置,登入已失效，請重新登入,
settings.account.error.save-failed,設置,保存失敗,
settings.account.label.current-account,設置,當前賬號,
settings.account.label.current-password,設置,當前密碼,
settings.account.label.display-name,設置,顯示名稱,
settings.account.label.new-password,設置,新密碼,
settings.account.label.player-no,設置,ID序號,
settings.account.label.role-name,設置,角色名稱,
settings.account.placeholder.current-password,設置,輸入當前密碼,
settings.account.placeholder.display-name,設置,字,
settings.account.placeholder.new-password,設置,至少 6 位且不含空格,
settings.account.placeholder.role-name,設置,輸入角色名稱,
settings.account.section.account,設置,賬號訊息,
settings.account.section.names,設置,名稱設置,
settings.account.section.password,設置,修改密碼,
settings.account.status.check-failed,設置,驗查未果,
settings.account.status.checking,設置,正在檢測...,
settings.account.status.display-name-available,設置,道號可用,
settings.account.status.display-name-available-current,設置,道號可繼續使用,
settings.account.status.display-name-current,設置,當前名稱可繼續使用,
settings.account.status.display-name-saved,設置,道號已更,
settings.account.status.display-name-taken,設置,道號已被佔,
settings.account.status.password-saved,設置,密碼已更新,
settings.account.status.role-name-saved,設置,角色名號已更,
settings.account.status.role-name-unchanged,設置,角色名稱未變化,
settings.account.status.saving,設置,正在保存...,
settings.color-mode.dark.desc,設置,切換為更適合夜間遊玩的暗面配色。,
settings.color-mode.dark.label,設置,深色,
settings.color-mode.light.desc,設置,保持當前紙捲風格的亮面配色。,
settings.color-mode.light.label,設置,淺色,
settings.common.action.off,設置,關閉,
settings.common.action.on,設置,開啟,
settings.common.action.refresh,設置,刷新,
settings.common.action.reset-default,設置,恢復預設,
settings.common.action.show,設置,顯示,
settings.error.not-connected,設置,氣機未通，稍後再試,
settings.error.redeem-busy,設置,尚有兌換未竟，稍候,
settings.error.redeem-execution-failed,設置,兌換執行失敗，請先查看行囊再重試,
settings.error.redeem-request-rejected,設置,兌換請求未能受理，請稍後重試,
settings.error.redeem-timeout,設置,兌換未有迴音，請稍後查看行囊,
settings.font-level.body.desc,設置,大部分正文、表單輸入和常規訊息文字。,
settings.font-level.body.label,設置,正文,
settings.font-level.body.preview,設置,正文內容示例,
settings.font-level.caption.desc,設置,說明文、輔助訊息、標籤描述。,
settings.font-level.caption.label,設置,說明,
settings.font-level.caption.preview,設置,說明文字,
settings.font-level.display.desc,設置,角色單字顯示名、統計大號數字和大區塊抬頭。,
settings.font-level.display.label,設置,大標題,
settings.font-level.display.preview,設置,玄,
settings.font-level.hero.desc,設置,登入大標題、超大數字和強調性標題。,
settings.font-level.hero.label,設置,主標題,
settings.font-level.hero.preview,設置,道劫餘生,
settings.font-level.micro.desc,設置,提示、狀態角標、極短輔助訊息。,
settings.font-level.micro.label,設置,小字,
settings.font-level.micro.preview,設置,小字提示,
settings.font-level.subtitle.desc,設置,頁籤、次級抬頭、按鈕和強調文案。,
settings.font-level.subtitle.label,設置,副標題,
settings.font-level.subtitle.preview,設置,副標題示例,
settings.font-level.title.desc,設置,彈層標題、面板標題、主要分區抬頭。,
settings.font-level.title.label,設置,標題,
settings.font-level.title.preview,設置,設置標題,
settings.logout.done,設置,已退出登入,
settings.modal.close-hint,設置,點擊空白處關閉,
settings.modal.not-logged-in,設置,未登入,
settings.modal.not-set,設置,未設置,
settings.modal.subtitle,設置,賬號：{account} · 道號：{displayName} · 角色：{roleName},
settings.modal.title,設置,設置,
settings.offline-gain.aria.history,設置,收支統計歷史,
settings.offline-gain.copy.summary,設置,今日、昨日、本週總賬由雲端統計，包含線上與離線全部收支。下方歷史展示本設備留存的線上與離線掛機收支明細。,
settings.offline-gain.empty.history,設置,本機還沒有收支統計歷史,
settings.offline-gain.metric.professions,設置,技藝,
settings.offline-gain.metric.progress,設置,修為,
settings.offline-gain.metric.spirit-stones,設置,靈石,
settings.offline-gain.metric.techniques,設置,功法,
settings.offline-gain.period.today,設置,今日總計,
settings.offline-gain.period.week,設置,本週總計,
settings.offline-gain.period.yesterday,設置,昨日總計,
settings.offline-gain.record.duration,設置,{scope} · {duration},
settings.offline-gain.section.title,設置,收支統計,
settings.offline-gain.status.source,設置,總賬由雲端統計，歷史記錄留存於本設備,
settings.performance.copy.overlay,設置,這裡的配置只保存在當前設備。預設關閉；開啟後會在地圖頂部顯示 FPS、LOW 與 1% LOW，方便排查全屏、縮放和特效變化帶來的幀率波動。,
settings.performance.desc.herb-text-mode,設置,開啟後地圖上的草藥採集點改用文字符號渲染，不顯示圖片。,
settings.performance.desc.monster-text-mode,設置,開啟後地圖上的怪物改用文字符號渲染，不顯示圖片。,
settings.performance.desc.npc-text-mode,設置,開啟後地圖上的 NPC 改用文字符號渲染，不顯示圖片。,
settings.performance.desc.pixi-profiler,設置,開啟後顯示可拖動的前端性能分析器窗口，可查看渲染、運行時、瀏覽器長任務、資源加載和記憶體明細。,
settings.performance.desc.render-runtime-tile-sprites,設置,關閉後地圖地塊回退到舊色塊和字符渲染，用於判斷運行時圖包是否造成卡頓。,
settings.performance.desc.show-fps,設置,關閉時不顯示浮層，也不會啟動額外的幀率採樣循環。,
settings.performance.desc.target-fps,設置,預設 60 FPS，可按設備自行調整。僅影響地圖畫面流暢度，最低 {min}，最高 {max}。,
settings.performance.desc.terrain-text-mode,設置,開啟後地圖地塊改用文字符號渲染，不顯示貼圖。,
settings.performance.label.herb-text-mode,設置,草藥文字模式,
settings.performance.label.monster-text-mode,設置,怪物文字模式,
settings.performance.label.npc-text-mode,設置,NPC 文字模式,
settings.performance.label.pixi-profiler,設置,前端性能分析器窗口,
settings.performance.label.render-runtime-tile-sprites,設置,運行時地塊貼圖,
settings.performance.label.show-fps,設置,顯示地圖幀率浮層,
settings.performance.label.target-fps,設置,地圖畫面幀率上限,
settings.performance.label.terrain-text-mode,設置,地塊文字模式,
settings.performance.section.overlay,設置,地圖性能浮層,
settings.redeem.action.submit,設置,立即兌換,
settings.redeem.copy.bulk,設置,支持一次輸入多個兌換碼，用換行、空格、逗號或分號分隔即可。兌換將在下一息統一執行。,
settings.redeem.error.empty,設置,請至少填寫一個兌換碼,
settings.redeem.error.failed,設置,兌換失敗,
settings.redeem.label.codes,設置,兌換碼列表,
settings.redeem.placeholder.codes,設置,每行一個，或用空格 / 逗號分隔多個兌換碼,
settings.redeem.result.failed,設置,失敗,
settings.redeem.result.success,設置,成功,
settings.redeem.section.bulk,設置,批量兌換,
settings.redeem.status.result-mixed,設置,兌換收訖：{successCount} 成 {failedCount} 敗,
settings.redeem.status.result-success,設置,兌換收訖：{successCount} 成,
settings.redeem.status.submitted,設置,兌換已呈報，靜待迴音...,
settings.status.color-mode-switched,設置,已切換為{mode}模式,
settings.status.font-adjusted,設置,字號已調,
settings.status.fps-hidden,設置,幀率示數已隱,
settings.status.fps-shown,設置,幀率示數已顯,
settings.status.mode.dark,設置,深色,
settings.status.mode.light,設置,淺色,
settings.status.offline-gain-refreshed,設置,收支統計已刷新,
settings.status.performance-reset,設置,性能已復歸原本,
settings.status.pixi-profiler-hidden,設置,Pixi 分析器已隱,
settings.status.pixi-profiler-shown,設置,Pixi 分析器已顯,
settings.status.render-toggle-adjusted,設置,渲染開關已更新,
settings.status.scale-adjusted,設置,畫幅已調,
settings.status.target-fps-adjusted,設置,渲染幀率上限已調至 {fps},
settings.status.ui-reset,設置,界面已復歸原本,
settings.tab.account,設置,賬號管理,
settings.tab.offline-gain,設置,收支統計,
settings.tab.performance,設置,性能,
settings.tab.redeem,設置,兌換碼,
settings.tab.ui,設置,UI,
settings.tabs.aria,設置,設置分組,
settings.toast.display-name-updated,設置,顯示名稱已改為 {displayName},
settings.toast.role-name-updated,設置,角色名稱已改為 {roleName},
settings.ui.copy.color-mode,設置,切換後立即生效，並自動保存在當前設備。深色模式會同步替換主界面、彈層與常用控件的基礎配色。,
settings.ui.copy.display,設置,只保留一個全局字號和一個整體界面縮放。兩項都會立即生效，並自動保存在當前設備。,
settings.ui.desc.global-font,設置,統一增減全部文字大小，適合“現在字太小”這類情況。,
settings.ui.desc.scale,設置,統一放大常用 UI 尺寸和字號，適合高分屏或 2K / 4K 螢幕。,
settings.ui.label.global-font,設置,全局字號,
settings.ui.label.scale,設置,界面縮放,
settings.ui.preview.body,設置,山門告示,
settings.ui.preview.scale,設置,縮放預覽,
settings.ui.section.color-mode,設置,顏色模式,
settings.ui.section.display,設置,界面顯示,
settings.ui.status.saved-local,設置,當前配置已自動保存到本機,
entity.badge.boss,實體,王,boss怪物徽記
entity.badge.demonic,實體,魔,入魔玩家徽記
entity.badge.party,實體,隊,同隊玩家徽記
entity.badge.variant,實體,異,變異怪物徽記
entity.monster.elite-keyword,實體,精英,用於清理怪物名中的重複修飾詞
entity.monster.unknown,實體,未知妖獸,
entity.player.self-char,實體,我,玩家格子字符fallback
entity-detail.buff.category.buff,實體詳情,增益,範圍D固定前端可見文本
entity-detail.buff.category.debuff,實體詳情,減益,範圍D固定前端可見文本
entity-detail.buff.duration,實體詳情,{remaining} / {duration} 息,範圍D固定前端可見文本
entity-detail.buff.empty,實體詳情,未見異狀。,範圍D固定前端可見文本
entity-detail.buff.empty.buffs,實體詳情,未見增益,範圍D固定前端可見文本
entity-detail.buff.empty.debuffs,實體詳情,未見減益,範圍D固定前端可見文本
entity-detail.buff.insight-count,實體詳情,洞察狀態,範圍D固定前端可見文本
entity-detail.buff.section.observe-buffs,實體詳情,洞察增益,範圍D固定前端可見文本
entity-detail.buff.section.observe-debuffs,實體詳情,洞察減益,範圍D固定前端可見文本
entity-detail.buff.section.public-buffs,實體詳情,可見增益,範圍D固定前端可見文本
entity-detail.buff.section.public-debuffs,實體詳情,可見減益,範圍D固定前端可見文本
entity-detail.buff.tooltip.category,實體詳情,類別：{category},範圍D固定前端可見文本
entity-detail.buff.tooltip.effect,實體詳情,效果：{effect},範圍D固定前端可見文本
entity-detail.buff.tooltip.remaining,實體詳情,剩餘：{duration},範圍D固定前端可見文本
entity-detail.buff.tooltip.source,實體詳情,來源：{source},範圍D固定前端可見文本
entity-detail.buff.tooltip.stacks,實體詳情,層數：{stacks} / {max},範圍D固定前端可見文本
entity-detail.buff.visible-count,實體詳情,可見狀態,範圍D固定前端可見文本
entity-detail.container.default-desc,實體詳情,這處{name}可以搜索，翻找後或許會有收穫。,範圍D固定前端可見文本
entity-detail.container.field.grade,實體詳情,搜索階次,範圍D固定前端可見文本
entity-detail.container.searchable,實體詳情,可搜索陳設,範圍D固定前端可見文本
entity-detail.count.entries,實體詳情,{count} 條,範圍D固定前端可見文本
entity-detail.count.items,實體詳情,{count} 項,範圍D固定前端可見文本
entity-detail.empty,實體詳情,暫未探明此物詳情。,範圍D固定前端可見文本
entity-detail.field.category,實體詳情,類別,範圍D固定前端可見文本
entity-detail.field.description,實體詳情,說明,範圍D固定前端可見文本
entity-detail.field.name,實體詳情,名稱,範圍D固定前端可見文本
entity-detail.field.position,實體詳情,位置,範圍D固定前端可見文本
entity-detail.field.state,實體詳情,狀態,範圍D固定前端可見文本
entity-detail.field.type,實體詳情,類型,範圍D固定前端可見文本
entity-detail.ground.empty,實體詳情,暫未探明地面之物。,範圍D固定前端可見文本
entity-detail.ground.field.items,實體詳情,物品,範圍D固定前端可見文本
entity-detail.ground.field.source,實體詳情,來源,範圍D固定前端可見文本
entity-detail.ground.no-visible-items,實體詳情,已無可見之物。,範圍D固定前端可見文本
entity-detail.ground.title,實體詳情,地面物,範圍D固定前端可見文本
entity-detail.label.hp,實體詳情,氣血,範圍D固定前端可見文本
entity-detail.label.life,實體詳情,生命,範圍D固定前端可見文本
entity-detail.label.qi,實體詳情,靈力,範圍D固定前端可見文本
entity-detail.loading,實體詳情,詳情觀望中……,範圍D固定前端可見文本
entity-detail.monster.alive,實體詳情,存活,範圍D固定前端可見文本
entity-detail.monster.empty,實體詳情,暫未探明妖獸詳情。,範圍D固定前端可見文本
entity-detail.monster.field.level,實體詳情,層級,範圍D固定前端可見文本
entity-detail.monster.field.respawn,實體詳情,重生,範圍D固定前端可見文本
entity-detail.monster.field.tier,實體詳情,血脈,範圍D固定前端可見文本
entity-detail.monster.respawning,實體詳情,待重生,範圍D固定前端可見文本
entity-detail.monster.subtitle,實體詳情,{tier} · 等級 {level},範圍D固定前端可見文本
entity-detail.npc.empty,實體詳情,暫未探明此人詳情。,範圍D固定前端可見文本
entity-detail.npc.field.dialogue,實體詳情,對話,範圍D固定前端可見文本
entity-detail.npc.field.quest,實體詳情,任務,範圍D固定前端可見文本
entity-detail.npc.field.quest-state,實體詳情,任務狀態,範圍D固定前端可見文本
entity-detail.npc.field.role,實體詳情,身份,範圍D固定前端可見文本
entity-detail.npc.field.shop,實體詳情,商店,範圍D固定前端可見文本
entity-detail.npc.no-role-mark,實體詳情,無身份標記,範圍D固定前端可見文本
entity-detail.npc.quest.available,實體詳情,可接取,範圍D固定前端可見文本
entity-detail.npc.quest.none,實體詳情,暫無追索之委託,範圍D固定前端可見文本
entity-detail.npc.quest.progress,實體詳情,進行中,範圍D固定前端可見文本
entity-detail.npc.quest.ready,實體詳情,可交付,範圍D固定前端可見文本
entity-detail.npc.shop.available,實體詳情,可交易,範圍D固定前端可見文本
entity-detail.observation.clarity.blurred,實體詳情,輪廓模糊,範圍D固定前端可見文本
entity-detail.observation.clarity.clear,實體詳情,已較清晰,範圍D固定前端可見文本
entity-detail.observation.clarity.complete,實體詳情,洞察完整,範圍D固定前端可見文本
entity-detail.observation.clarity.partial,實體詳情,窺得部分,範圍D固定前端可見文本
entity-detail.observation.clarity.veiled,實體詳情,霧裡看花,範圍D固定前端可見文本
entity-detail.observation.field.clarity,實體詳情,清晰度,範圍D固定前端可見文本
entity-detail.observation.field.count,實體詳情,洞察條目,範圍D固定前端可見文本
entity-detail.observation.field.details,實體詳情,細節,範圍D固定前端可見文本
entity-detail.observation.field.verdict,實體詳情,判詞,範圍D固定前端可見文本
entity-detail.observation.no-more,實體詳情,未得更多回響。,範圍D固定前端可見文本
entity-detail.observation.rows.empty,實體詳情,暫且如此。,範圍D固定前端可見文本
entity-detail.observation.title,實體詳情,觀測,範圍D固定前端可見文本
entity-detail.player.empty,實體詳情,暫未探明此身詳情。,範圍D固定前端可見文本
entity-detail.player.field.display-name,實體詳情,稱呼,範圍D固定前端可見文本
entity-detail.player.subtitle,實體詳情,玩家觀測,範圍D固定前端可見文本
entity-detail.player.tracking.coordinate,實體詳情,卷宗座標,範圍D固定前端可見文本
entity-detail.player.tracking.desc,實體詳情,該座標來自天下榜玩家擊殺榜的低頻追索結果，榜冊開啟期間每十息刷新一次。,範圍D固定前端可見文本
entity-detail.player.tracking.empty,實體詳情,此身未在誅仙榜追索冊頁中。查看天下榜時若命中上榜對象，會在這裡顯現最新座標。,範圍D固定前端可見文本
entity-detail.player.tracking.offline,實體詳情,離線座標,範圍D固定前端可見文本
entity-detail.player.tracking.online,實體詳情,線上追索,範圍D固定前端可見文本
entity-detail.player.tracking.title,實體詳情,天機追索,範圍D固定前端可見文本
entity-detail.portal.empty,實體詳情,暫未探明界門詳情。,範圍D固定前端可見文本
entity-detail.portal.field.target-coordinate,實體詳情,目標座標,範圍D固定前端可見文本
entity-detail.portal.field.target-map,實體詳情,目標地圖,範圍D固定前端可見文本
entity-detail.portal.field.trigger,實體詳情,觸發方式,範圍D固定前端可見文本
entity-detail.portal.kind.gate,實體詳情,關隘,範圍D固定前端可見文本
entity-detail.portal.kind.portal,實體詳情,傳送點,範圍D固定前端可見文本
entity-detail.portal.kind.stairs,實體詳情,樓梯,範圍D固定前端可見文本
entity-detail.portal.trigger.auto,實體詳情,踏入即觸發,範圍D固定前端可見文本
entity-detail.portal.trigger.manual,實體詳情,需要主動使用,範圍D固定前端可見文本
entity-detail.respawn.after,實體詳情,{ticks} 息後重生,範圍D固定前端可見文本
entity-detail.respawn.none,實體詳情,無需等待,範圍D固定前端可見文本
entity-detail.respawn.soon,實體詳情,即將重生,範圍D固定前端可見文本
entity-detail.subtitle.kind,實體詳情,目標類型：{kind},範圍D固定前端可見文本
entity-detail.subtitle.loading,實體詳情,詳情觀望中...,範圍D固定前端可見文本
entity-detail.title.default,實體詳情,詳情,範圍D固定前端可見文本
entity-detail.unsupported,實體詳情,此般詳情尚不可察。,範圍D固定前端可見文本
entity-detail.value.none,實體詳情,無,範圍D固定前端可見文本
entity-detail.value.unknown,實體詳情,未明,範圍D固定前端可見文本
world.migration.already-peaceful,世界面板,當前已經位於虛境。,
world.migration.already-real,世界面板,當前已經位於現世。,
world.migration.badge-available,世界面板,可切換,
world.migration.badge-current,世界面板,當前世界,
world.migration.cancel,世界面板,取消,
world.migration.choice-title.peaceful,世界面板,虛境,
world.migration.choice-title.real,世界面板,現世,
world.migration.confirm-desc-peaceful,世界面板,確認後入虛境，再通過傳送點跨界亦循虛境。,
world.migration.confirm-desc-real,世界面板,確認後入現世，再通過傳送點跨界亦循現世。,
world.migration.confirm-title,世界面板,確認切換到{target},
world.migration.current-peaceful,世界面板,身在虛境，往後跨界皆入虛境。,
world.migration.current-real,世界面板,身在現世，往後跨界皆入現世。,
world.migration.desc-peaceful,世界面板,虛境禁爭伐，切換後入當前地圖虛境道。,
world.migration.desc-real,世界面板,現世可爭鋒破地，切換後入當前地圖現世道。,
world.migration.intro-peaceful,世界面板,你當前在虛境，欲歸現世則循現世線。,
world.migration.intro-real,世界面板,你當前在現世，欲循虛境則入虛境線。,
world.migration.meta-peaceful,世界面板,虛境 · 禁爭伐 · 禁破地,
world.migration.meta-real,世界面板,現世 · 可爭鋒 · 可破地,
world.migration.tip,世界面板,虛境禁鬥法，現世可爭鋒。選中後尚需再度確認。,
world.migration.warning-peaceful,世界面板,若身染煞氣入體或反噬，則無法返歸虛境。,
world.migration.warning-real,世界面板,入現世後，此後跨界皆循此道。,
world.panel.cultivating-empty,世界面板,未設定,
world.panel.empty-hint,世界面板,尚未進入世界,
world.panel.label.cultivating,世界面板,當前主修,
world.panel.label.current-stage,世界面板,當前階段,
world.panel.label.recommended-realm,世界面板,推薦境界,
world.panel.label.resources,世界面板,主要資源,
world.panel.label.route,世界面板,推進路線,
world.panel.label.threats,世界面板,主要威脅,
world.panel.map-type.peaceful,世界面板,虛境,
world.panel.map-type.real,世界面板,現世,
world.panel.map-type.sect,世界面板,宗門,
world.panel.realm-cultivating,世界面板,修行中,功法境界查找失敗時的fallback
world.panel.realm-fallback,世界面板,凡俗武者,無功法時的境界fallback
world.panel.resources-empty,世界面板,暫無,
world.panel.sect-fallback.desc,世界面板,宗門駐地。,
world.panel.sect-fallback.mood,世界面板,宗門,
world.panel.sect-fallback.route,世界面板,宗門駐地,
world.panel.threats-empty,世界面板,未知,
world.panel.tianji.leaderboard-desc,世界面板,按天榜、戰鬥、技藝與人榜查看全服排行。,
world.panel.tianji.leaderboard-title,世界面板,排行榜,
world.panel.tianji.title,世界面板,天機閣,
world.panel.tianji.view,世界面板,查看,
world.panel.tianji.world-desc,世界面板,查看全服靈石總和、行動人數、境界人數，以及擊殺與死亡總計。,
world.panel.tianji.world-title,世界面板,世界,
world.panel.tooltip.peaceful-pvp,世界面板,不能對其他修士發起攻擊,
world.panel.tooltip.real-pvp,世界面板,可以對其他修士發起攻擊,
world.panel.tooltip.real-tile,世界面板,可以攻擊地塊,
world.panel.tooltip.sect,世界面板,宗門駐地,地圖類型tooltip
world.panel.unknown-map.desc,世界面板,該區域暫無卷宗記載，建議穩步試探。,
world.panel.unknown-map.mood,世界面板,未知地域,
world.panel.unknown-map.route,世界面板,繼續探索當前區域,
world.panel.unknown-map.title,世界面板,未知地域,
map-level.recommended,世界訊息,推薦境界 {realm},
map-level.unknown,世界訊息,未知,地圖等級無效時fallback
world-summary.action.open-leaderboard,世界訊息,天下榜,範圍D固定前端可見文本
world-summary.action.open-summary,世界訊息,世界卷宗,範圍D固定前端可見文本
world-summary.action.refresh-leaderboard,世界訊息,刷新榜冊,範圍D固定前端可見文本
world-summary.action.refresh-summary,世界訊息,刷新卷宗,範圍D固定前端可見文本
world-summary.generated-at.loading,世界訊息,調卷中,範圍D固定前端可見文本
world-summary.hint.total-spirit-stones,世界訊息,包含背包、坊市託管倉與求購掛單中凍結的靈石。,範圍D固定前端可見文本
world-summary.leaderboard.empty,世界訊息,暫無榜冊內容。,範圍D固定前端可見文本
world-summary.leaderboard.group.combat,世界訊息,戰鬥,範圍D固定前端可見文本
world-summary.leaderboard.group.heaven,世界訊息,天榜,範圍D固定前端可見文本
world-summary.leaderboard.group.social,世界訊息,人榜,範圍D固定前端可見文本
world-summary.leaderboard.group.technique,世界訊息,技藝,範圍D固定前端可見文本
world-summary.leaderboard.invitation.foundation-title,世界訊息,築基成道,範圍D固定前端可見文本
world-summary.leaderboard.invitation.qi-title,世界訊息,引氣入道,範圍D固定前端可見文本
world-summary.leaderboard.invitation.total-title,世界訊息,引渡總數,範圍D固定前端可見文本
world-summary.leaderboard.loading,世界訊息,天機閣正在調閱最新榜冊……,範圍D固定前端可見文本
world-summary.leaderboard.location.loading,世界訊息,座標：天機追索中,範圍D固定前端可見文本
world-summary.leaderboard.location.offline,世界訊息,"離線座標：{mapName} ({x}, {y})",範圍D固定前端可見文本
world-summary.leaderboard.location.online,世界訊息,"座標：{mapName} ({x}, {y})",範圍D固定前端可見文本
world-summary.leaderboard.meta.exp,世界訊息,當前經驗 {exp},範圍D固定前端可見文本
world-summary.leaderboard.meta.monster-kills,世界訊息,精英 {elite} · Boss {boss},範圍D固定前端可見文本
world-summary.leaderboard.meta.progress,世界訊息,經驗 {exp} / {expToNext},範圍D固定前端可見文本
world-summary.leaderboard.meta.realm-progress,世界訊息,修為 {progress} · 底蘊 {foundation},範圍D固定前端可見文本
world-summary.leaderboard.meta.sect-leader,世界訊息,宗主 {leaderName},範圍D固定前端可見文本
world-summary.leaderboard.navigation.groups-label,世界訊息,排行榜分組,範圍D固定前端可見文本
world-summary.leaderboard.navigation.tabs-label,世界訊息,當前分組榜單,範圍D固定前端可見文本
world-summary.leaderboard.subtitle,世界訊息,收錄前 {limit} 名 · 十分鐘一更 · {time},範圍D固定前端可見文本
world-summary.leaderboard.tab.attribute.constitution,世界訊息,體魄,範圍D固定前端可見文本
world-summary.leaderboard.tab.attribute.meridians,世界訊息,經脈,範圍D固定前端可見文本
world-summary.leaderboard.tab.attribute.perception,世界訊息,身法,範圍D固定前端可見文本
world-summary.leaderboard.tab.attribute.spirit,世界訊息,神識,範圍D固定前端可見文本
world-summary.leaderboard.tab.attribute.strength,世界訊息,力道,範圍D固定前端可見文本
world-summary.leaderboard.tab.attribute.talent,世界訊息,根骨,範圍D固定前端可見文本
world-summary.leaderboard.tab.body-training,世界訊息,煉體,範圍D固定前端可見文本
world-summary.leaderboard.tab.deaths,世界訊息,身隕,範圍D固定前端可見文本
world-summary.leaderboard.tab.invitation,世界訊息,引渡,範圍D固定前端可見文本
world-summary.leaderboard.tab.monster-kills,世界訊息,斬妖,範圍D固定前端可見文本
world-summary.leaderboard.tab.player-kills,世界訊息,殺伐,範圍D固定前端可見文本
world-summary.leaderboard.tab.realm,世界訊息,境界,範圍D固定前端可見文本
world-summary.leaderboard.tab.sects,世界訊息,宗門,範圍D固定前端可見文本
world-summary.leaderboard.tab.spirit-stones,世界訊息,靈石,範圍D固定前端可見文本
world-summary.leaderboard.tab.technique.alchemy,世界訊息,煉丹,範圍D固定前端可見文本
world-summary.leaderboard.tab.technique.building,世界訊息,營造,範圍D固定前端可見文本
world-summary.leaderboard.tab.technique.enhancement,世界訊息,強化,範圍D固定前端可見文本
world-summary.leaderboard.tab.technique.forging,世界訊息,煉器,範圍D固定前端可見文本
world-summary.leaderboard.tab.technique.formation,世界訊息,陣法,範圍D固定前端可見文本
world-summary.leaderboard.tab.technique.gather,世界訊息,採集,範圍D固定前端可見文本
world-summary.leaderboard.tab.technique.mining,世界訊息,挖礦,範圍D固定前端可見文本
world-summary.leaderboard.tab.technique.transmission,世界訊息,傳法,範圍D固定前端可見文本
world-summary.leaderboard.title,世界訊息,排行榜,範圍D固定前端可見文本
world-summary.leaderboard.value.attribute,世界訊息,{value} 點,範圍D固定前端可見文本
world-summary.leaderboard.value.body-training,世界訊息,煉體 {level} 層,範圍D固定前端可見文本
world-summary.leaderboard.value.deaths,世界訊息,死亡 {count},範圍D固定前端可見文本
world-summary.leaderboard.value.invitation-foundation,世界訊息,{count} 人築基,範圍D固定前端可見文本
world-summary.leaderboard.value.invitation-qi,世界訊息,{count} 人煉氣,範圍D固定前端可見文本
world-summary.leaderboard.value.invitation-total,世界訊息,引渡 {count} 人,範圍D固定前端可見文本
world-summary.leaderboard.value.monster-kills,世界訊息,擊殺 {count},範圍D固定前端可見文本
world-summary.leaderboard.value.player-kills,世界訊息,擊殺玩家 {count},範圍D固定前端可見文本
world-summary.leaderboard.value.sect-members,世界訊息,{count} 人,範圍D固定前端可見文本
world-summary.leaderboard.value.spirit-stones,世界訊息,{count} 靈石,範圍D固定前端可見文本
world-summary.leaderboard.value.technique-level,世界訊息,技藝 {level} 級,範圍D固定前端可見文本
world-summary.modal.hint.close-outside,世界訊息,點擊空白處關閉,範圍D固定前端可見文本
world-summary.row.action.alchemy,世界訊息,煉丹,範圍D固定前端可見文本
world-summary.row.action.combat,世界訊息,戰鬥,範圍D固定前端可見文本
world-summary.row.action.cultivation,世界訊息,修煉,範圍D固定前端可見文本
world-summary.row.action.enhancement,世界訊息,強化,範圍D固定前端可見文本
world-summary.row.kills.boss-monsters,世界訊息,Boss,範圍D固定前端可見文本
world-summary.row.kills.elite-monsters,世界訊息,精英怪物,範圍D固定前端可見文本
world-summary.row.kills.normal-monsters,世界訊息,普通怪物,範圍D固定前端可見文本
world-summary.row.kills.player-deaths,世界訊息,玩家死亡,範圍D固定前端可見文本
world-summary.row.kills.player-kills,世界訊息,玩家擊殺玩家,範圍D固定前端可見文本
world-summary.row.realm.initial,世界訊息,初始境界,範圍D固定前端可見文本
world-summary.row.realm.mortal,世界訊息,凡人境界,範圍D固定前端可見文本
world-summary.row.realm.qi-refining-or-above,世界訊息,煉氣及以上,範圍D固定前端可見文本
world-summary.row.total-spirit-stones,世界訊息,全體玩家持有,範圍D固定前端可見文本
world-summary.section.actions,世界訊息,當前行動人數,範圍D固定前端可見文本
world-summary.section.kills-deaths,世界訊息,全服擊殺與死亡,範圍D固定前端可見文本
world-summary.section.realms,世界訊息,境界人數,範圍D固定前端可見文本
world-summary.section.spirit-stones,世界訊息,靈石總和,範圍D固定前端可見文本
world-summary.summary.empty,世界訊息,暫無世界卷宗。,範圍D固定前端可見文本
world-summary.summary.loading,世界訊息,天機閣正在調閱世界卷宗……,範圍D固定前端可見文本
world-summary.summary.subtitle,世界訊息,世界卷宗 · 十分鐘一更 · {time},範圍D固定前端可見文本
world-summary.summary.title,世界訊息,世界,範圍D固定前端可見文本
world-summary.value.people,世界訊息,{count} 人,範圍D固定前端可見文本
world-summary.value.spirit-stones,世界訊息,{count} 靈石,範圍D固定前端可見文本
world-summary.value.times,世界訊息,{count} 次,範圍D固定前端可見文本
world.danger.easier.1,世界訊息,尚可從容,
world.danger.easier.2,世界訊息,遊刃有餘,
world.danger.easier.3,世界訊息,輕車熟路,
world.danger.easier.4,世界訊息,難逢敵手,
world.danger.easier.many,世界訊息,如履平地,
world.danger.harder.1,世界訊息,高你一境，稍有風浪,
world.danger.harder.2,世界訊息,高你兩境，已有壓力,
world.danger.harder.3,世界訊息,高你三境，險意漸濃,
world.danger.harder.4,世界訊息,高你四境，步步驚心,
world.danger.harder.many,世界訊息,高你{gap}境，十面埋伏,
world.danger.matched,世界訊息,境界相宜，正合歷練,
world.danger.realm.acquired,世界訊息,易筋-通脈,
world.danger.realm.before-qi,世界訊息,叩仙門,
world.danger.realm.body-training,世界訊息,凡胎-鍛骨,
world.danger.realm.entry,世界訊息,凡胎-鍛骨,
world.danger.realm.innate,世界訊息,瑤光-叩仙門,
world.danger.realm.major,世界訊息,瑤光-天璣,
world.danger.realm.minor,世界訊息,易筋-通脈,
world.danger.realm.perfection,世界訊息,天璇-叩仙門,
world.danger.realm.qi-start,世界訊息,練氣一層,
world.danger.recommended.unknown,世界訊息,未知,
world.danger.unknown,世界訊息,境界未明，謹慎試探,
world.guide.ancient-ruins.desc,世界訊息,陣紋、碑靈與殘篇並存，是正式觸碰修仙敘事的區域。,
world.guide.ancient-ruins.mood,世界訊息,仙道線索區,
world.guide.ancient-ruins.recommended-realm,世界訊息,瑤光-天權,
world.guide.ancient-ruins.resource.0,世界訊息,斷紋石片,
world.guide.ancient-ruins.resource.1,世界訊息,魂墨,
world.guide.ancient-ruins.resource.2,世界訊息,遺蹟鑰石,
world.guide.ancient-ruins.route,世界訊息,清理符陣看守，接通靈嶺與天穹後段線。,
world.guide.ancient-ruins.threat.0,世界訊息,石衛傀,
world.guide.ancient-ruins.threat.1,世界訊息,骨翎夜鴞,
world.guide.ancient-ruins.threat.2,世界訊息,符陣看守,
world.guide.ancient-ruins.title,世界訊息,斷碑遺蹟,
world.guide.bamboo-forest.desc,世界訊息,狼群、蛇妖與竹靈共生，是從江湖搏殺過渡到修行世界的門檻。,
world.guide.bamboo-forest.mood,世界訊息,武俠過渡帶,
world.guide.bamboo-forest.recommended-realm,世界訊息,易筋-養氣,
world.guide.bamboo-forest.resource.0,世界訊息,狼牙,
world.guide.bamboo-forest.resource.1,世界訊息,蛇膽,
world.guide.bamboo-forest.resource.2,世界訊息,翠竹心,
world.guide.bamboo-forest.resource.3,世界訊息,步法殘頁,
world.guide.bamboo-forest.route,世界訊息,主徑推礦洞與遺蹟，側路進荒野，南下獸谷。,
world.guide.bamboo-forest.threat.0,世界訊息,噬靈狼,
world.guide.bamboo-forest.threat.1,世界訊息,青鱗竹蛇,
world.guide.bamboo-forest.threat.2,世界訊息,刃竹螳,
world.guide.bamboo-forest.title,世界訊息,青竹林,
world.guide.beast-valley.desc,世界訊息,獸谷裂隙已顯露靈災本相，建議高補給、高功法成熟度再推進。,
world.guide.beast-valley.mood,世界訊息,修仙高危戰區,
world.guide.beast-valley.recommended-realm,世界訊息,玉衡-天璇,
world.guide.beast-valley.resource.0,世界訊息,血羽,
world.guide.beast-valley.resource.1,世界訊息,妖狼骨,
world.guide.beast-valley.resource.2,世界訊息,谷底核心,
world.guide.beast-valley.resource.3,世界訊息,逆鱗,
world.guide.beast-valley.route,世界訊息,先清外圍，再壓谷底王級目標和靈嶺入口。,
world.guide.beast-valley.threat.0,世界訊息,裂齒妖狼,
world.guide.beast-valley.threat.1,世界訊息,血羽鴉,
world.guide.beast-valley.threat.2,世界訊息,裂淵狼主,
world.guide.beast-valley.title,世界訊息,噬魂獸谷,
world.guide.black-iron-mine.desc,世界訊息,礦脈靈氣紊亂，材料密集，但補給和走位壓力明顯上升。,
world.guide.black-iron-mine.mood,世界訊息,資源高壓區,
world.guide.black-iron-mine.recommended-realm,世界訊息,養氣-玉衡,
world.guide.black-iron-mine.resource.0,世界訊息,玄鐵礦塊,
world.guide.black-iron-mine.resource.1,世界訊息,晶塵,
world.guide.black-iron-mine.resource.2,世界訊息,信標核心,
world.guide.black-iron-mine.route,世界訊息,推進鍾乳深區，蒐集礦材與信標核心。,
world.guide.black-iron-mine.threat.0,世界訊息,礦魈,
world.guide.black-iron-mine.threat.1,世界訊息,晶背蝠,
world.guide.black-iron-mine.title,世界訊息,玄鐵礦洞,
world.guide.qizhen-crossing.desc,世界訊息,主城改成三重錯臺加折線街巷，百工、靜氣、行修和舊渡口不再是幾塊平鋪方盒。,
world.guide.qizhen-crossing.mood,世界訊息,前線渡城,
world.guide.qizhen-crossing.recommended-realm,世界訊息,練氣一層-半步築基,
world.guide.qizhen-crossing.resource.0,世界訊息,五行路口,
world.guide.qizhen-crossing.resource.1,世界訊息,散修交易,
world.guide.qizhen-crossing.resource.2,世界訊息,穩脈調息,
world.guide.qizhen-crossing.resource.3,世界訊息,練氣補給,
world.guide.qizhen-crossing.route,世界訊息,北臺接回渡陣，西去裂鋒原，東分青蘿谷與寒汐澤，南下赤隕庭。,
world.guide.qizhen-crossing.threat.0,世界訊息,外行修士混雜,
world.guide.qizhen-crossing.threat.1,世界訊息,水線失足,
world.guide.qizhen-crossing.threat.2,世界訊息,五行外圖回壓,
world.guide.qizhen-crossing.title,世界訊息,棲真渡,
world.guide.sky-ruins.desc,世界訊息,天宮已墜，封印未絕，乃當世至險之地。,
world.guide.sky-ruins.mood,世界訊息,高段終局區,
world.guide.sky-ruins.recommended-realm,世界訊息,宗師-叩仙門,
world.guide.sky-ruins.resource.0,世界訊息,星隕金,
world.guide.sky-ruins.resource.1,世界訊息,天紋殘頁,
world.guide.sky-ruins.resource.2,世界訊息,天封核心,
world.guide.sky-ruins.route,世界訊息,補齊天封核心，處理終局王級目標。,
world.guide.sky-ruins.threat.0,世界訊息,天宮獵者,
world.guide.sky-ruins.threat.1,世界訊息,殘宮傀儀,
world.guide.sky-ruins.threat.2,世界訊息,噬星獸,
world.guide.sky-ruins.title,世界訊息,天穹殘宮,
world.guide.spirit-ridge.desc,世界訊息,這裡已經不止是江湖爭殺，更考驗神識、心性與突破準備。,
world.guide.spirit-ridge.mood,世界訊息,升階門檻區,
world.guide.spirit-ridge.recommended-realm,世界訊息,天璣-大宗師,
world.guide.spirit-ridge.resource.0,世界訊息,嶺獸爪,
world.guide.spirit-ridge.resource.1,世界訊息,霜華精粹,
world.guide.spirit-ridge.resource.2,世界訊息,靈嶺行令,
world.guide.spirit-ridge.route,世界訊息,先做嶺門試鋒，再接天穹殘宮。,
world.guide.spirit-ridge.threat.0,世界訊息,靈脊虎,
world.guide.spirit-ridge.threat.1,世界訊息,寒翎鶴,
world.guide.spirit-ridge.threat.2,世界訊息,守嶺殘魂,
world.guide.spirit-ridge.title,世界訊息,靈脊嶺,
world.guide.wildlands.desc,世界訊息,野獸、匪徒與沼澤妖物混雜，適合補材料與做支線。,
world.guide.wildlands.mood,世界訊息,側線練級區,
world.guide.wildlands.recommended-realm,世界訊息,凡胎-鍛骨,
world.guide.wildlands.resource.0,世界訊息,彘牙,
world.guide.wildlands.resource.1,世界訊息,澤鱗,
world.guide.wildlands.resource.2,世界訊息,陰沼絲,
world.guide.wildlands.resource.3,世界訊息,匪徒腰牌,
world.guide.wildlands.route,世界訊息,刷側線材料，補足裝備後回主線。,
world.guide.wildlands.threat.0,世界訊息,獠牙野彘,
world.guide.wildlands.threat.1,世界訊息,澤鱗蜥,
world.guide.wildlands.threat.2,世界訊息,荒野匪徒,
world.guide.wildlands.title,世界訊息,荒野,
world.guide.yunlai-town.desc,世界訊息,新的主城佈局更緊湊，主線、補給、煉藥與打鐵都圍著主路展開。,
world.guide.yunlai-town.mood,世界訊息,武道起點,
world.guide.yunlai-town.recommended-realm,世界訊息,凡胎-鍛骨,
world.guide.yunlai-town.resource.0,世界訊息,主線任務,
world.guide.yunlai-town.resource.1,世界訊息,基礎補給,
world.guide.yunlai-town.resource.2,世界訊息,鎮內試手怪,
world.guide.yunlai-town.resource.3,世界訊息,可搜索傢俱,
world.guide.yunlai-town.route,世界訊息,鎮中接主線，西北入青竹林，南門出荒野，北路可轉靈脊嶺。,
world.guide.yunlai-town.threat.0,世界訊息,零散鼠患,
world.guide.yunlai-town.threat.1,世界訊息,夜間匪徒,
world.guide.yunlai-town.title,世界訊息,雲來鎮,
world.map-fallback.ancient-ruins.recommended-realm,世界訊息,瑤光-天權,
world.map-fallback.bamboo-forest.recommended-realm,世界訊息,易筋-養氣,
world.map-fallback.beast-valley.recommended-realm,世界訊息,玉衡-天璇,
world.map-fallback.black-iron-mine.recommended-realm,世界訊息,養氣-玉衡,
world.map-fallback.qizhen-crossing.recommended-realm,世界訊息,練氣一層-半步築基,
world.map-fallback.sky-ruins.recommended-realm,世界訊息,宗師-叩仙門,
world.map-fallback.spirit-ridge.recommended-realm,世界訊息,天璣-大宗師,
world.map-fallback.wildlands.recommended-realm,世界訊息,凡胎-鍛骨,
world.map-fallback.yunlai-town.recommended-realm,世界訊息,凡胎-鍛骨,
world.tech-realm.entry,世界訊息,武學入門,
world.tech-realm.major,世界訊息,先天凝意,
world.tech-realm.minor,世界訊息,後天圓熟,
world.tech-realm.perfection,世界訊息,半步修真,
attr.craft.open,屬性總覽,打開,
attr.empty.no-data,屬性總覽,暫無屬性數據,
attr.numeric.actions-per-turn.desc,屬性總覽,決定每回合最多可以執行的戰鬥行動次數。,
attr.numeric.actions-per-turn.label,屬性總覽,每回合行動次數,
attr.numeric.anti-crit.desc,屬性總覽,壓低對手對你造成暴擊的概率。,
attr.numeric.anti-crit.label,屬性總覽,免爆,
attr.numeric.aura-cost-reduce.desc,屬性總覽,降低光環或陣法持續消耗。,
attr.numeric.aura-cost-reduce.label,屬性總覽,光環消耗縮減,
attr.numeric.aura-power-rate.desc,屬性總覽,提高光環或陣法提供的效果。,
attr.numeric.aura-power-rate.label,屬性總覽,光環效果增強,
attr.numeric.break-power.desc,屬性總覽,壓低目標化解概率；超出目標化解的部分會按概率觸發破招，使本次命中與暴擊判定翻倍。,
attr.numeric.break-power.label,屬性總覽,破招,
attr.numeric.cooldown-speed.desc,屬性總覽,提高技能與效果的冷卻流轉速度。,
attr.numeric.cooldown-speed.label,屬性總覽,冷卻速度,
attr.numeric.crit-damage.desc,屬性總覽,決定暴擊命中後的傷害倍率。,
attr.numeric.crit-damage.label,屬性總覽,暴擊傷害,
attr.numeric.crit.desc,屬性總覽,提高暴擊觸發概率。,
attr.numeric.crit.label,屬性總覽,暴擊,
attr.numeric.dodge.desc,屬性總覽,提高閃避攻擊的概率。,
attr.numeric.dodge.label,屬性總覽,閃避,
attr.numeric.hit.desc,屬性總覽,提高攻擊命中目標的能力。,
attr.numeric.hit.label,屬性總覽,命中,
attr.numeric.hp-regen-rate.desc,屬性總覽,決定每息自動回覆的生命值。,
attr.numeric.hp-regen-rate.label,屬性總覽,生命回覆,
attr.numeric.loot-rate.desc,屬性總覽,提高常規掉落收益。,
attr.numeric.loot-rate.label,屬性總覽,掉落增幅,
attr.numeric.max-hp.desc,屬性總覽,決定你在戰鬥中的生存上限。,
attr.numeric.max-hp.label,屬性總覽,最大生命值,
attr.numeric.max-qi-output-per-tick.desc,屬性總覽,限制每息可穩定輸出的靈力上限。,
attr.numeric.max-qi-output-per-tick.label,屬性總覽,靈力輸出速率,
attr.numeric.max-qi.desc,屬性總覽,決定你可承載的靈力總量。,
attr.numeric.max-qi.label,屬性總覽,最大靈力值,
attr.numeric.move-speed.desc,屬性總覽,決定每息獲得的移動預算。500 以內按原始收益計算，超過後進入軟衰減；大路、小路、草地、泥地與沼澤會按不同消耗結算。,
attr.numeric.move-speed.label,屬性總覽,移動速度,
attr.numeric.phys-atk.desc,屬性總覽,影響物理系技能；普通攻擊會取物理攻擊與法術攻擊中的較高值結算。,
attr.numeric.phys-atk.label,屬性總覽,物理攻擊,
attr.numeric.phys-def.desc,屬性總覽,降低受到的物理傷害，化解觸發時會按雙倍防禦重新計算減傷。,
attr.numeric.phys-def.label,屬性總覽,物理防禦,
attr.numeric.player-exp-rate.desc,屬性總覽,提高境界修為獲取效率。,
attr.numeric.player-exp-rate.label,屬性總覽,境界修為,
attr.numeric.qi-regen-rate.desc,屬性總覽,決定每息自動回覆的靈力值。,
attr.numeric.qi-regen-rate.label,屬性總覽,靈力回覆,
attr.numeric.rare-loot-rate.desc,屬性總覽,提高稀有掉落收益。,
attr.numeric.rare-loot-rate.label,屬性總覽,稀有掉落,
attr.numeric.realm-exp-per-tick.desc,屬性總覽,決定修煉狀態下每息獲得的境界修為。,
attr.numeric.realm-exp-per-tick.label,屬性總覽,每息境界修為,
attr.numeric.resolve-power.desc,屬性總覽,提高化解來招的概率；化解觸發時會按雙倍防禦重新結算本次減傷。,
attr.numeric.resolve-power.label,屬性總覽,化解,
attr.numeric.spell-atk.desc,屬性總覽,影響法術系技能與靈術傷害；普通攻擊會取物理攻擊與法術攻擊中的較高值結算。,
attr.numeric.spell-atk.label,屬性總覽,法術攻擊,
attr.numeric.spell-def.desc,屬性總覽,降低受到的法術傷害，化解觸發時會按雙倍防禦重新計算減傷。,
attr.numeric.spell-def.label,屬性總覽,法術防禦,
attr.numeric.technique-exp-per-tick.desc,屬性總覽,決定修煉狀態下每息獲得的功法經驗基礎值。,
attr.numeric.technique-exp-per-tick.label,屬性總覽,每息功法經驗,
attr.numeric.technique-exp-rate.desc,屬性總覽,提高功法經驗獲取效率。,
attr.numeric.technique-exp-rate.label,屬性總覽,功法經驗,
attr.numeric.title.qi-flow,屬性總覽,靈脈流轉,
attr.numeric.view-range.desc,屬性總覽,決定地圖上的可見範圍。,
attr.numeric.view-range.label,屬性總覽,視野範圍,
attr.qi-projection.source,屬性總覽,來源：{sources},
attr.radar.scale,屬性總覽,刻度 {label},
attr.special.combat-exp.desc,屬性總覽,通過戰鬥獲得的境界修為會一比一累計到戰鬥經驗，並按雙方差距影響攻擊時的命中、受擊時的閃避（兩者最高翻倍），以及普通攻擊 50% 到 200% 的獨立傷害乘區。,
attr.special.combat-exp.label,屬性總覽,戰鬥經驗,
attr.special.comprehension.desc,屬性總覽,提高境界修為與功法經驗獲取；不作為六維參與基礎屬性換算。,
attr.special.comprehension.label,屬性總覽,悟性,
attr.special.foundation.desc,屬性總覽,在能夠獲得境界修為時，優先把本次境界修為抬高到三倍上限；實際額外補上的部分會等量消耗底蘊。,
attr.special.foundation.label,屬性總覽,底蘊,
attr.special.luck.desc,屬性總覽,提高挖礦礦物額外概率，並提高煉丹、煉器、強化成功率；不提供戰鬥屬性。,
attr.special.luck.label,屬性總覽,幸運,
attr.special.root-foundation.desc,屬性總覽,每點根基提供 1% 六維境界乘區，可在境界圓滿時消耗當前境界整條修為和對應材料凝練。,
attr.special.root-foundation.label,屬性總覽,根基,
attr.tab.base,屬性總覽,六維,
attr.tab.combat,屬性總覽,鬥法,
attr.tab.craft,屬性總覽,技藝,
attr.tab.qi,屬性總覽,靈力,
attr.tab.root,屬性總覽,靈根,
attr.tab.special,屬性總覽,特殊,
attr.tab.vein,屬性總覽,靈脈,
attr.tooltip.actual-conversion,屬性總覽,實際轉化：,
attr.tooltip.base-value,屬性總覽,基礎值：,
attr.tooltip.base-zero-note,屬性總覽,基礎值為 0 時，系統仍會給予少量基礎加成,
attr.tooltip.body-training,屬性總覽,煉體：,
attr.tooltip.buff-status,屬性總覽,狀態：,
attr.tooltip.extra-value,屬性總覽,額外值：,
attr.tooltip.move-speed-detail,屬性總覽,每息獲得 {movePoints} 點移動預算，約等於 {roadTiles} 格大路 / {trailTiles} 格小路 / {grassTiles} 格草地 / {swampTiles} 格沼澤,
attr.tooltip.move-speed-note,屬性總覽,此為經過遞減折算後的實際移動速度，所有移動和技能判定均以此為準,
attr.tooltip.pill,屬性總覽,丹藥：,
attr.tooltip.realm,屬性總覽,境界：,
attr.tooltip.root-foundation,屬性總覽,根基：,
attr.tooltip.root-foundation-bonus,屬性總覽,六維境界加成：{percent}%,
attr.tooltip.scale,屬性總覽,刻度 {label},
attr.tooltip.six-dim,屬性總覽,六維：,
attr.tooltip.technique-max,屬性總覽,萬法歸元：,
attr.tooltip.total-fixed,屬性總覽,總固定值：{value},
attr.tooltip.total-percent,屬性總覽,總百分比：{value},
common.unknown-item,通用,未知物品,
common.value.unknown,通用,未知,缺失 key 自動補齊
ui.zoom.adjusted,通用,縮放已調整為 {zoom}x,
ui.zoom.reset,通用,縮放已重置為 {zoom}x,
notice.action.attack-intensity-updated,通知,出手力度已調整為 {intensity} 成,
notice.action.aura-sense-toggled,通知,感氣視角已{state},
notice.action.auto-root-foundation-cap,通知,根基已達當前境界上限，已關閉自動凝練根基。,
notice.action.auto-root-foundation-disabled,通知,已關閉自動凝練根基。,
notice.action.auto-root-foundation-enabled,通知,已開啟自動凝練根基，修為和材料滿足時會每息檢測並自動凝練。,
notice.action.body-training-convert,通知,消耗 {foundationSpent} 底蘊灌入肉身，獲得 {expGained} 煉體經驗,
notice.action.compass-required,通知,需要裝備銅羅盤才能望氣,
notice.action.cultivation-toggled,通知,修煉已{state},
notice.action.qi-sense-toggled,通知,望氣視角已{state},
notice.action.world-migration-peaceful-complete,通知,已切入虛境，後續跨圖會預設進入虛境線。,
notice.action.world-migration-peaceful-kept,通知,預設世界已保持為虛境，後續跨圖會繼續進入虛境線。,
notice.action.world-migration-real-complete,通知,已切入現世，後續跨圖會預設進入現世線。,
notice.action.world-migration-real-kept,通知,預設世界已保持為現世，後續跨圖會繼續進入現世線。,
notice.activity.eternal-activated,通知,已使用{itemName} x{count}，月卡總池增加 {merit} 功德，每日簽到固定池增加 {dailySignInFixedMerit} 功德，已獲得永恆權益,
notice.activity.month-card-activated,通知,已使用{itemName} x{count}，月卡總池增加 {merit} 功德，領取時間重置為 {days} 天,
notice.asset.reconciliation-pending,通知,資產操作結果正在確認，請稍後刷新背包。,
notice.channel.alchemy,通知,煉丹,煉丹頻道兜底名
notice.channel.building,通知,建造,建造頻道兜底名
notice.channel.combat,通知,戰鬥,戰鬥頻道兜底名
notice.channel.enhancement,通知,強化,強化頻道兜底名
notice.channel.forging,通知,煉器,煉器頻道兜底名
notice.channel.formation,通知,陣法,陣法頻道兜底名
notice.channel.gather,通知,採集,採集頻道兜底名
notice.channel.grudge,通知,情仇,情仇頻道兜底名
notice.channel.loot,通知,掉落,掉落頻道兜底名
notice.channel.mining,通知,挖礦,挖礦頻道兜底名
notice.channel.quest,通知,任務,任務頻道兜底名
notice.channel.success,通知,天機,成功頻道兜底名
notice.channel.system,通知,系統,系統頻道兜底名
notice.channel.transmission,通知,傳法,傳法頻道兜底名
notice.channel.travel,通知,江湖,旅行頻道兜底名
notice.channel.warn,通知,警示,警告頻道兜底名
notice.combat.auto-use-item,通知,自動使用 {itemName},
notice.combat.chant-cancelled-config,通知,{skillName} 吟唱取消：技能配置已更新,
notice.combat.chant-expired,通知,神通吟唱已過期,
notice.combat.chant-fail-qi,通知,{skillName} 吟唱結算失敗：元氣不足,
notice.combat.chant-interrupted,通知,{skillName} 吟唱被打斷：{reason},
notice.combat.herb-container-empty,通知,{title} 當前沒有可打落的草藥，{countdown},
notice.combat.herb-container-hit,通知,你攻擊 {title}，打落 1 朵，剩餘 {remaining} 朵{countdown},
notice.combat.kill-progress,通知,{action} {target}：{details},
notice.combat.killed,通知,斬殺 {monsterName},
notice.combat.killed-batch,通知,連續斬殺 {count} 個目標：{targetList},
notice.combat.low-priority,通知,低優先度,
notice.combat.offline-defeat,通知,你在離線掛機期間於{locationName}被{killerName}擊敗，離線掛機已結束。,
notice.combat.safe-zone-stop,通知,安全區內無法攻擊，自動戰鬥已停止,
notice.combat.sha-backlash-convert,通知,身死後煞氣入體，煞氣反噬累計 {total} 層（剩餘 {remaining}）,
notice.combat.sha-backlash-loss,通知,煞氣反噬，折損修為 {progress}、底蘊 {foundation},
notice.combat.sha-infusion,通知,殺念入體，煞氣加深至 {stacks} 層,
notice.combat.soul-injury,通知,神魂受損加深至 {stacks} 層,
notice.combat.temporary-tiles-created,通知,{skillName} 生成了 {count} 處臨時石頭,
notice.command.caster-dead,通知,你當前無法繼續行動。,
notice.command.casting-busy,通知,正在吟唱中，無法執行該動作。,
notice.command.casting-busy-alchemy,通知,吟唱中無法分心煉丹。,
notice.command.casting-busy-building,通知,吟唱中無法分心營造。,
notice.command.casting-busy-enhancement,通知,吟唱中無法分心強化。,
notice.command.casting-busy-formation-maintenance,通知,吟唱中無法分心維護陣法。,
notice.command.casting-busy-gather,通知,吟唱中無法分心採集。,
notice.command.casting-busy-mining,通知,吟唱中無法分心挖礦。,
notice.command.failed,通知,行動未能完成，請稍後重試。,
notice.command.no-target,通知,沒有可命中的目標,
notice.command.pvp-forbidden,通知,當前區域不允許玩家互攻。,
notice.command.qi-insufficient,通知,元氣不足。,
notice.command.skill-cooldown,通知,技能尚在冷卻。,
notice.command.target-blocked,通知,目標被遮擋。,
notice.command.target-dead,通知,目標已經死亡。,
notice.command.target-left-map,通知,目標已離開當前地圖。,
notice.command.target-out-of-range,通知,目標超出作用範圍。,
notice.command.technique-active,通知,學習者已有進行中的技藝任務。,
notice.command.technique-already-known,通知,學習者已經掌握該功法。,
notice.command.technique-cancel-none,通知,當前沒有可取消的技藝任務。,
notice.command.technique-none,通知,當前沒有進行中的技藝任務。,
notice.command.technique-queue-full,通知,技藝任務隊列已滿。,
notice.command.tile-damage-forbidden,通知,當前區域禁止攻擊地形。,
notice.craft.activity-condition-failed,通知,{activityLabel}中斷：{reason},
notice.craft.activity-interrupted,通知,{activityLabel}被{reasonLabel}打斷,
notice.craft.activity-interrupted-wait,通知,{itemName} 的{activityLabel}被打斷，暫歇 {ticks} 息,
notice.craft.activity-interrupted-wait-generic,通知,{activityLabel}被{reasonLabel}打斷，暫歇 {ticks} 息,
notice.craft.alchemy.batch-failed,通知,第 {batch} 批未能{successNoun},
notice.craft.alchemy.batch-resources-missing,通知,當前批次材料或靈石不足，技藝任務已停止,
notice.craft.alchemy.batch-success,通知,第 {batch} 批{successNoun} {count} 件,
notice.craft.alchemy.cancel-no-refund,通知,已取消技藝任務，未完成批次尚未扣除材料,
notice.craft.alchemy.cancel-refunded,通知,已取消技藝任務，未開始的後續批次材料已退回,
notice.craft.alchemy.completed,通知,{itemName} {activityLabel}完成，{successNoun} {count} 件,
notice.craft.alchemy.start,通知,開始{actionLabel} {itemName}，共 {quantity} 批，預計消耗靈石 x{spiritStoneCost}；預計 {totalTicks} 息。單批固定 {batchOutputCount} 件，每件{outputNoun}率 {successRate}%,
notice.craft.building.completed,通知,{buildingName}已完工,
notice.craft.building.deconstruct-completed,通知,{buildingName}已拆除,
notice.craft.building.deconstruct-failed,通知,拆除失敗，建築已恢復原狀。,
notice.craft.building.deconstruct-start,通知,開始拆除：{buildingName}，預計 {totalTicks} 息,
notice.craft.building.deconstruct-too-far,通知,離開建築後拆除已取消，建築恢復原狀。,
notice.craft.building.deconstruct-unavailable,通知,建築當前不可繼續拆除。,
notice.craft.building.interrupted,通知,{buildingName} 的營造被{reasonLabel}打斷。,
notice.craft.building.sleeping,通知,建築施工條件暫時不滿足，已轉入等待隊列。,
notice.craft.building.start,通知,開始建造：{buildingName}，預計 {totalTicks} 息,
notice.craft.building.target-missing,通知,建造目標已經不存在。,
notice.craft.building.unavailable,通知,建築當前不可繼續施工。,
notice.craft.building.virtual-world-forbidden,通知,虛境不能建造建築，當前施工已停止。,
notice.craft.checkpoint-divergence,通知,技藝進度與伺服器紀錄不同步，已暫停自動推進，請稍後重試。,
notice.craft.enhancement.advance-continue,通知,{itemName} 已強化成功 +{currentLevel}，繼續衝擊 +{nextTargetLevel},
notice.craft.enhancement.advance-missing-target,通知,{itemName} 當前強化目標數據缺失，隊列已停止,
notice.craft.enhancement.advance-resources-missing,通知,{itemName} 當前已到 +{currentLevel}，後續強化所需靈石、材料或保護物不足，隊列已停止,
notice.craft.enhancement.cancelled,通知,你停止了 {itemName} 的強化，已投入的本階材料不會退回；保護物僅在失敗且保護生效時扣除，靈石將在本階成功後結算,
notice.craft.enhancement.checkpoint-divergence,通知,強化狀態同步異常，已暫停自動強化，請稍後重新操作強化。,
notice.craft.enhancement.checkpoint-reset,通知,強化狀態已按伺服器紀錄重置，可重新開始強化。,
notice.craft.enhancement.checkpoint-resynced,通知,強化進度已與伺服器同步，將繼續自動強化。,
notice.craft.enhancement.failed-protected,通知,{itemName} 強化失敗，保護生效，降為 +{level},
notice.craft.enhancement.failed-reset,通知,{itemName} 強化失敗，已歸零為 +0,
notice.craft.enhancement.protection-missing,通知,{itemName} 強化失敗，保護物不足，本階已終止,
notice.craft.enhancement.start,通知,開始強化 {itemName}，目標 +{targetLevel}，預計耗時 {totalTicks} 息,
notice.craft.enhancement.start-chain,通知,開始強化 {itemName}，先衝擊 +{targetLevel}，最終目標 +{desiredTargetLevel},
notice.craft.enhancement.start-chain-protected,通知,開始強化 {itemName}，先衝擊 +{targetLevel}，最終目標 +{desiredTargetLevel}，保護從 +{protectionStartLevel} 開始生效,
notice.craft.enhancement.success,通知,{itemName} 已強化成功 +{level},
notice.craft.enhancement.sync-conflict,通知,強化狀態正在同步，請稍後重試。,
notice.craft.enhancement.target-missing,通知,{itemName} 當前強化目標數據缺失，本階已終止,
notice.craft.enhancement.wallet-insufficient,通知,{itemName} 強化中斷，結算時靈石不足，本階未能繼續,
notice.craft.forging.batch-resources-missing,通知,當前批次材料或靈石不足，煉器任務已停止,
notice.craft.forging.cancel-no-active,通知,當前沒有可取消的煉器任務,
notice.craft.forging.cancel-no-refund,通知,已取消煉器任務，未完成批次尚未扣除材料,
notice.craft.formation.already-maintaining,通知,正在維護 {formationName}。,
notice.craft.formation.qi-insufficient,通知,{formationName} 維護中止：自身靈力不足。,
notice.craft.formation.queued,通知,已將 {formationName} 的維護加入技藝行動隊列。,
notice.craft.formation.start,通知,開始維護 {formationName}。,
notice.craft.formation.stopped,通知,已停止維護 {formationName}。,
notice.craft.formation.sync-pending,通知,陣法維護任務狀態正在同步，請稍後重試。,
notice.craft.gather.busy-sleeping,通知,採集目標正在由其他玩家採集，已轉入等待隊列。,
notice.craft.gather.cancelled,通知,你停止了 {resourceNodeName} 的採集。,
notice.craft.gather.depleted,通知,{resourceNodeName} 已經採盡。,
notice.craft.gather.empty,通知,{resourceNodeName} 當前沒有可收取的草藥。,
notice.craft.gather.interrupted,通知,{resourceNodeName} 的採集被{reasonLabel}打斷。,
notice.craft.gather.left-range,通知,你已離開草藥採集範圍。,
notice.craft.gather.obtained,通知,獲得 {itemLabel},
notice.craft.gather.start,通知,你開始採集 {resourceNodeName}，預計 {totalTicks} 息。,
notice.craft.gather.target-missing,通知,採集目標已經不存在。,
notice.craft.overflow-ground,通知,背包放不下，{itemLabel} 落在腳邊,
notice.craft.overflow-inventory,通知,無法落地，{itemLabel} 放回背包,
notice.craft.queue.appended,通知,已加入製造隊列末尾：{label},
notice.craft.queue.preserved,通知,已加入當前任務之後：{label},
notice.craft.queue.replaced,通知,已重置等待隊列，下一項為：{label},
notice.craft.queue.skipped,通知,隊列任務無法開始，已跳過：{label}。{error},
notice.craft.queue.started,通知,開始隊列中的製造任務：{label},
notice.craft.scripture-contemplation.cancelled,通知,已取消參悟：{techniqueName},
notice.craft.scripture-contemplation.start,通知,開始參悟 {techniqueName},
notice.craft.scripture-recording.cancelled,通知,已取消錄入：{techniqueName},
notice.craft.scripture-recording.complete,通知,{techniqueName} 已錄入藏經臺,
notice.craft.scripture-recording.start,通知,開始錄入 {techniqueName},
notice.craft.transmission.cancelled,通知,已取消傳法：{techniqueName},
notice.craft.transmission.start,通知,開始傳授 {techniqueName},
notice.craft.transmission.teacher-start,通知,你開始向 {learnerName} 傳授 {techniqueName},
notice.cultivation.cleared,通知,已取消主修功法,
notice.cultivation.set-primary,通知,已將 {techniqueName} 設為主修功法,
notice.cultivation.technique-comprehension-discarded,通知,已放棄領悟 {techniqueName},
notice.cultivation.technique-forgotten,通知,已遺忘 {techniqueName},
notice.enum.off,通知,關閉,結構化通知枚舉值翻譯
notice.enum.on,通知,開啟,結構化通知枚舉值翻譯
notice.enum.resumed,通知,恢復,結構化通知枚舉值翻譯
notice.enum.stopped,通知,停止,結構化通知枚舉值翻譯
notice.equip.equipped,通知,裝備 {itemName},裝備穿戴通知
notice.equip.unequipped,通知,卸下 {itemName},裝備卸下通知
notice.formation.active-set,通知,{formationName}已{stateLabel}。,
notice.formation.deployed,通知,{formationName}已佈下：半徑 {radius}，實際效果 {effectValue}，靈力 {qiBudget}，靈石 {spiritStoneBudget}。,
notice.formation.eye-qi-depleted,通知,{formationName}陣眼靈力耗盡，陣勢關閉。,
notice.formation.injected,通知,{formationName}注入靈石 {spiritStoneCount}，靈力 {qiAmount}。,
notice.formation.qi-depleted,通知,{formationName}靈力不足，陣勢關閉。,
notice.formation.refilled,通知,{formationName}補充靈石 {spiritStoneCount}，靈力 {qiAmount}。,
notice.formation.spirit-stone-depleted,通知,{formationName}靈石耗盡，陣勢損毀。,
notice.formation.strength-set,通知,{formationName}強度已調整為 {strength}。,
notice.heaven-gate.already-entered-duplicate,通知,已入天門，無需重複確認,
notice.heaven-gate.already-entered-no-modify,通知,已入天門，無法改動靈根,
notice.heaven-gate.already-entered-no-reopen,通知,已入天門，無法重開,
notice.heaven-gate.already-entered-no-reroll,通知,已入天門，無法逆天改命,
notice.heaven-gate.already-severed,通知,{element} 靈根已被斬斷,
notice.heaven-gate.enter-success,通知,入天門成功，靈根已定,
notice.heaven-gate.invalid-element,通知,靈根目標無效,
notice.heaven-gate.max-severed,通知,最多隻能斬斷四條靈根,
notice.heaven-gate.not-opened-no-enter,通知,尚未開天門，無法入天門,
notice.heaven-gate.not-opened-no-reroll,通知,尚未開天門，無法逆天改命,
notice.heaven-gate.not-severed,通知,{element} 靈根尚未斬斷,
notice.heaven-gate.not-unlocked,通知,尚未叩開仙門,
notice.heaven-gate.open-success,通知,天門已開，靈根總值 {total},
notice.heaven-gate.progress-insufficient,通知,境界修為不足,
notice.heaven-gate.progress-insufficient-reroll,通知,修為不足，無法逆天改命,
notice.heaven-gate.realm-invalid,通知,當前境界不可開天門,
notice.heaven-gate.reroll-success,通知,逆天改命成功，消耗修為 {cost}，靈根均值 {averageBonus},
notice.heaven-gate.restore-success,通知,補回 {element} 靈根，消耗修為 {cost},
notice.heaven-gate.seed-foundation-insufficient,通知,底蘊不足，{tierName} 靈根幼苗需要 {cost} 底蘊,
notice.heaven-gate.seed-realm-invalid,通知,需在叩仙門境界且尚未入天門時方可使用靈根幼苗,
notice.heaven-gate.seed-success,通知,使用 {tierName} 靈根幼苗成功，{costSummary}，靈根：{rootSummary}，逆天改命次數 +{gainedRerollCount}（共 {totalRerollCount}）,
notice.heaven-gate.seed-tier-invalid,通知,靈根幼苗品階無效,
notice.heaven-gate.sever-success,通知,斬斷 {element} 靈根，消耗修為 {cost},
notice.heaven-gate.shatter-not-unlocked,通知,尚未叩開仙門，不能使用碎靈丹,
notice.heaven-gate.shatter-realm-invalid,通知,至少需叩仙門境界才能使用碎靈丹,
notice.heaven-gate.shatter-success,通知,碎靈丹使用成功，消耗修為 {cost}，逆天改命次數共 {totalRerollCount},
notice.heaven-gate.wangsheng-success,通知,往生丹使用成功，境界歸零重修,
notice.item.dropped,通知,放下 {itemName},
notice.item.formation-hint,通知,陣盤需通過佈陣頁面使用,
notice.item.map-unlocked,通知,已解鎖地圖：{mapName},
notice.item.spawn-bound,通知,復活點與遁返落點已綁定：{mapName},
notice.item.tile-aura-used,通知,使用 {itemName}，當前地塊靈氣提升至 {nextValue},
notice.item.tile-aura-used-batch,通知,使用 {itemName} x{count}，當前地塊靈氣提升至 {nextValue},
notice.item.tile-resource-protected-area,通知,當前位於受保護區域，無法使用地塊資源道具。,
notice.item.tile-resource-used,通知,使用 {itemName}，當前地塊資源提升至 {nextValue},
notice.item.tile-resource-used-batch,通知,使用 {itemName} x{count}，當前地塊資源提升至 {nextValue},
notice.item.tile-resources-used,通知,使用 {itemName}，當前地塊 {resourceCount} 類資源已提升,
notice.item.tile-resources-used-batch,通知,使用 {itemName} x{count}，當前地塊 {resourceCount} 類資源已提升,
notice.item.tile-sha-used,通知,使用 {itemName}，當前地塊煞氣提升至 {nextValue},
notice.item.tile-sha-used-batch,通知,使用 {itemName} x{count}，當前地塊煞氣提升至 {nextValue},
notice.item.used,通知,使用了 {itemName},
notice.item.open-panel,通知,已開啟功法領悟面板,
notice.inventory.destroyed,通知,物品已銷毀,
notice.inventory.sorted,通知,背包已整理,
notice.loot.bag-full,通知,背包空間不足,
notice.loot.bag-full-ground,通知,背包已滿，{itemLabel} 掉落在腳邊（{x}，{y}）,
notice.loot.obtained,通知,獲得 {itemName},
notice.loot.obtained-batch,通知,獲得 {count} 項物品：{itemList},
notice.loot.obtained-multi,通知,獲得 {itemList},
notice.loot.pvp-bag-full,通知,背包已滿，{victimName} 的 {itemName} x{count} 掉落在地面,
notice.loot.take-failed-container,通知,拿取失敗，物品已留在容器內。,
notice.loot.take-failed-ground,通知,拿取失敗，物品已留在原地。,
notice.loot.tile-drop-inventory,通知,獲得 {itemLabel},通用可拆地塊掉落通知
notice.market.auction.bid-placed,通知,你在拍賣行出價 {itemName}，當前總價 {totalPrice} {currencyName}{extensionText}。,
notice.market.auction.buyout-buyer,通知,你在拍賣行一口價競得了 {itemName} x{quantity}，一口價支付 {currencyName} x{totalPrice}。,
notice.market.auction.buyout-seller,通知,你的寄拍已被一口價拍下：{itemName} x{quantity}，入賬 {currencyName} x{totalPrice}。,
notice.market.auction.consigned,通知,已寄拍 {itemName} x{quantity}，整包總價 {totalPrice} {currencyName}，已收上架費 {listingFee} {currencyName}。,
notice.market.auction.expired-returned,通知,寄拍 {itemName} x{quantity} 已流拍，物品已自動返還背包或坊市託管倉。,
notice.market.auction.outbid-refunded-inventory,通知,你在拍賣行對 {itemName} 的出價已被超過，凍結的 {currencyName} x{refundAmount} 已自動退回背包。,
notice.market.auction.outbid-refunded-storage,通知,你在拍賣行對 {itemName} 的出價已被超過，凍結的 {currencyName} x{refundAmount} 已退回坊市託管倉。,
notice.market.auction.settled-buyer,通知,你競得了 {itemName} x{quantity}，整包成交價 {totalPrice} {currencyName}。,
notice.market.auction.settled-seller,通知,你的寄拍已成交：{itemName} x{quantity}，入賬 {currencyName} x{totalPrice}。,
notice.market.buy-order-duplicate,通知,同一種物品已有求購掛單，不能重複求購。,
notice.market.custom-technique-order-book-forbidden,通知,自創功法殘卷不能在普通坊市交易，請前往傳法臺或拍賣行。,
notice.market.item-not-tradable,通知,此物不入坊市流通。,
notice.market.transmission-empty-book,通知,這卷殘卷已殘缺不全，無法寄售。,
notice.market.transmission-invalid-price,通知,傳法臺售價必須是正整數。,
notice.market.transmission-lot-missing,通知,這卷功法殘卷已不在傳法臺。,
notice.market.transmission-only-custom-technique,通知,傳法臺只流通自創功法殘卷。,
notice.market.transmission-own-lot,通知,不能求取自己寄售的功法殘卷。,
notice.market.transmission.bought,通知,你在傳法臺求得 {itemName}，付出 {currencyName} x{totalPrice}。,
notice.market.transmission.consigned,通知,已在傳法臺寄售 {itemName}，售價 {totalPrice} {currencyName}。,
notice.market.transmission.sold,通知,你的傳法臺寄售已成交：{itemName}，入賬 {currencyName} x{totalPrice}。,
notice.navigation.failed,通知,導航暫時不可用，請稍後重試。,
notice.navigation.quest-unreachable,通知,任務目標當前不可達。,
notice.navigation.target-out-of-bounds,通知,目標超出地圖範圍。,
notice.navigation.unreachable,通知,無法到達該位置。,
notice.progression.body-training-level-up,通知,煉體突破至第 {level} 層,
notice.progression.breakthrough,通知,突破成功，進入 {realmName},
notice.progression.breakthrough-blocked,通知,當前無法突破,
notice.progression.breakthrough-not-ready,通知,境界火候未到,
notice.progression.breakthrough-requirements-unmet,通知,突破條件尚未滿足,
notice.progression.cultivation-cleared,通知,主修功法不存在，已自動清空,
notice.progression.realm-full,通知,修為圓滿，可嘗試突破 {realmName},
notice.progression.refine-blocked,通知,當前不能凝練根基,
notice.progression.refine-success,通知,凝練根基成功，根基 {percent}%,
notice.progression.technique-auto-switch,通知,{fromName} 已達當前修煉上限，自動切換主修為 {toName},
notice.progression.technique-comprehension-complete,通知,{techName} 已領悟完成,
notice.progression.technique-comprehension-template-missing,通知,{techName} 已無法找到，領悟進度保留,
notice.progression.technique-level-up,通知,{techName} 提升至第 {level} 層,
notice.progression.technique-perfected,通知,{techName} 修至圓滿,
notice.quest.auto-accept,通知,接取任務：{questTitle},
notice.quest.npc-dialogue,通知,{npcName}：{dialogue},
notice.quest.npc-relay,通知,{npcName}：{message},
notice.quest.npc-story,通知,{npcName}：{story},
notice.quest.progress,通知,{npcName}：{progressText},
notice.quest.reward,通知,{npcName} 贈予：{rewardText},
notice.redeem.execution-failed,通知,兌換執行失敗，請先查看行囊再重試。,
notice.redeem.success,通知,兌換成功：{groupName},
notice.respawn.revived,通知,你在 {mapName} 復生,
notice.rewrite.target-too-far,通知,目標過遠，神識難及,客戶端路徑提示改寫
notice.rewrite.unreachable,通知,此地無法抵達,客戶端路徑提示改寫
notice.sect.application-approved,通知,{sectName} 已準你入山，護宗大陣會放行同門,
notice.sect.application-approved-operator,通知,已準 {applicantName} 入宗,
notice.sect.application-received,通知,{applicantName} 遞交了加入 {sectName} 的拜帖，待審批,
notice.sect.application-rejected-operator,通知,已退回 {applicantName} 的拜帖,
notice.sect.application-submitted,通知,拜帖已遞交給 {sectName} 宗主審批,
notice.sect.boundary-expanded,通知,{sectName} 邊界被鑿開，地脈向外擴展了,
notice.sect.dissolved,通知,{sectName} 已解散,
notice.sect.entered-core,通知,穿過 {sectName} 山門，返回宗門核心,
notice.sect.entrance-relocated,通知,{itemName} 化作新山門，{sectName} 入口已遷至當前位置,
notice.sect.exited-core,通知,離開 {sectName} 宗門領地，返回山門入口,
notice.sect.formation-charged,通知,護宗大陣靈力注入完成,
notice.sect.formation-replenished,通知,護宗大陣靈力已補充,
notice.sect.formation-toggled,通知,護宗大陣狀態已切換,
notice.sect.founded,通知,開闢宗門：{sectName},
notice.sect.leadership-received,通知,你已接任 {sectName} 宗主,
notice.sect.leadership-transferred-operator,通知,已將宗主之位轉讓給 {memberName},
notice.sect.left,通知,你已離開 {sectName},
notice.sect.member-left,通知,{memberName} 已離開 {sectName},
notice.sect.member-removed-operator,通知,已移除宗門成員,
notice.sect.permission-updated,通知,{roleName} 權限已更新,
notice.sect.role-changed-operator,通知,已將 {memberName} 調整為 {roleName},
notice.sect.terrain-manifested,通知,宗門地脈已向四方顯化,
notice.shop.purchased,通知,購買 {itemLabel}，花費 {currency} x{cost},
notice.system.cooldown,通知,行動調息中，剩餘 {cooldownLeft} 息,
notice.test,通知,測試通知,
notice.technique-aggregation.overlap,通知,無法學習：與已有統合功法重疊的源功法為 {sourceTechniqueNames},
notice.technique.activity-complete,通知,技藝活動已完成,
notice.time-chamber.exit-missing,通知,密室出口暫時不可用。,
notice.time-chamber.full,通知,密室當前已有修士，請稍後再試。,
notice.time-chamber.not-inside,通知,當前不在密室中。,
notice.time-chamber.source-changed,通知,密室入口已經發生變化，請重新操作。,
notice.time-chamber.too-far,通知,需要靠近密室入口才能進入。,
notice.time-chamber.unavailable,通知,密室暫時無法通行，請稍後再試。,
notice.tower.entered,通知,進入通天塔第 {layer} 層。,
notice.tower.exited,通知,退出通天塔，返回 {mapName}。,
notice.tower.layer-cleared,通知,通天塔第 {layer} 層已通關，可前往第 {unlockedLayer} 層。,
notice.tower.layer-cleared-cooldown,通知,通天塔第 {layer} 層已清空，需等待 {cooldownSeconds} 秒後換層。,
notice.travel.arrived,通知,{travelMethod}抵達 {mapName},
breakthrough.aura.level,突破,靈氣等級 {level},
breakthrough.btn.confirm,突破,確認突破,
breakthrough.btn.refine,突破,凝練根基,
breakthrough.condition.active,突破,已生效,
breakthrough.condition.inactive,突破,未生效,
breakthrough.condition.met,突破,已達成,
breakthrough.condition.unmet,突破,未達成,
breakthrough.detail.default.completed,突破,當前已滿足。,
breakthrough.detail.default.unmet,突破,尚未達成。,
breakthrough.detail.hidden,突破,此關未開，循主線或支線探之。,
breakthrough.detail.increase.completed,突破,該條件當前已生效。,
breakthrough.detail.increase.unmet,突破,未達則全屬性門檻上提。,
breakthrough.detail.item.completed,突破,突破成功後會消耗該材料。,
breakthrough.hint.consumable,突破,綠色表示已滿足；已生效的材料會在突破後消耗。,
breakthrough.hint.hidden,突破,赤者為未達，隱關需循任務漸開。,
breakthrough.hint.increase,突破,赤者為未達，+%者將抬全屬門檻。,
breakthrough.hint.progress.not.full,突破,當前境界修為未滿，暫時不能確認突破。,
breakthrough.hint.sync.pending,突破,突破訊息同步後會顯示凝練根基與完整條件。,
breakthrough.modal.subtitle,突破,{realmName} · 核心要求 {completed}/{total},
breakthrough.modal.title.target,突破,突破至 {targetName},
breakthrough.no.extra.requirements,突破,當前無額外突破要求。,
breakthrough.requirement.progress.full,突破,境界修為圓滿,
breakthrough.root.auto.hint,突破,條件滿足時執行,
breakthrough.root.auto.refine,突破,自動凝練,
breakthrough.root.desc,突破,消耗當前境界 100% 修為與一倍突破材料，提升 1 點根基；每點根基提供 1% 六維境界加成。,
breakthrough.root.exp.progress,突破,修為：{current} / {cost},
breakthrough.root.no.material,突破,本級無需額外材料,
breakthrough.root.progress,突破,根基 {current} / {cap},
breakthrough.root.status.can.refine,突破,可凝練,
breakthrough.root.status.capped,突破,已達上限,
breakthrough.root.status.unmet,突破,未滿足,
breakthrough.section.requirements,突破,突破要求,
breakthrough.section.root.foundation,突破,凝練根基,
breakthrough.status.unmet.bracket,突破,[未達成],
breakthrough.title,突破,突破,
breakthrough.toast.not-ready,突破,當前境界尚未圓滿，暫時不能突破,
minimap.action.cancel,小地圖,取消,範圍D固定前端可見文本
minimap.action.confirm-delete,小地圖,確認刪除,範圍D固定前端可見文本
minimap.action.confirm-delete-all,小地圖,確認全部刪除,範圍D固定前端可見文本
minimap.action.confirm-move,小地圖,確認前往,範圍D固定前端可見文本
minimap.catalog.badge.memory,小地圖,憶,範圍D固定前端可見文本
minimap.catalog.badge.unlock,小地圖,圖,範圍D固定前端可見文本
minimap.catalog.desc.memory,小地圖,僅保留本地探索記憶，未獲得完整地圖。,範圍D固定前端可見文本
minimap.catalog.desc.unlock,小地圖,已解鎖完整輿圖，可查看整張地圖地勢。,範圍D固定前端可見文本
minimap.catalog.desc.unlock-memory,小地圖,已擁有完整輿圖，也保留了自身行走記憶。,範圍D固定前端可見文本
minimap.catalog.empty,小地圖,當前分類下沒有可瀏覽的地圖。,範圍D固定前端可見文本
minimap.catalog.toggle.collapse,小地圖,收起,範圍D固定前端可見文本
minimap.catalog.toggle.collapse-title,小地圖,收起地圖目錄,範圍D固定前端可見文本
minimap.catalog.toggle.open,小地圖,目錄,範圍D固定前端可見文本
minimap.catalog.toggle.open-title,小地圖,展開地圖目錄,範圍D固定前端可見文本
minimap.catalog.unknown-region,小地圖,無名地域,範圍D固定前端可見文本
minimap.coordinate.with-map,小地圖,"{mapName} · 座標 ({x}, {y})",範圍D固定前端可見文本
minimap.current-map,小地圖,當前地圖,範圍D固定前端可見文本
minimap.hover.coordinate,小地圖,"座標 ({x}, {y})",範圍D固定前端可見文本
minimap.hover.current-position,小地圖,位置：你當前在此,範圍D固定前端可見文本
minimap.hover.ground,小地圖,地面：{items}{suffix},範圍D固定前端可見文本
minimap.hover.ground.suffix,小地圖,等 {count} 件,範圍D固定前端可見文本
minimap.hover.marker,小地圖,{kind}：{label}{detail},範圍D固定前端可見文本
minimap.hover.surface,小地圖,地表：{surface},範圍D固定前端可見文本
minimap.hover.surface.unknown,小地圖,地表：此處尚未記下,範圍D固定前端可見文本
minimap.hud.guide.current,小地圖,滾輪縮放 · 右鍵拖拽 · 左鍵前往,範圍D固定前端可見文本
minimap.hud.guide.readonly,小地圖,滾輪縮放 · 右鍵拖拽,範圍D固定前端可見文本
minimap.marker.detail.visible-container,小地圖,當前可見容器,範圍D固定前端可見文本
minimap.marker.detail.visible-monster,小地圖,當前可見怪物,範圍D固定前端可見文本
minimap.marker.detail.visible-npc,小地圖,當前可見人物,範圍D固定前端可見文本
minimap.marker.detail.visible-portal,小地圖,當前視野內傳送地塊,範圍D固定前端可見文本
minimap.marker.detail.visible-stairs,小地圖,當前視野內樓梯,範圍D固定前端可見文本
minimap.memory.delete-all-disabled-title,小地圖,當前沒有可刪除的本地記憶,範圍D固定前端可見文本
minimap.memory.delete-all-title,小地圖,刪除所有地圖的本地記憶,範圍D固定前端可見文本
minimap.memory.delete-all.confirm-title,小地圖,刪除全部本地記憶,範圍D固定前端可見文本
minimap.memory.delete-all.message,小地圖,會刪除所有地圖的本地探索記憶，不會影響已解鎖整圖。當前視野內正在看到的部分會繼續保留在本次畫面中。,範圍D固定前端可見文本
minimap.memory.delete-all.subtitle,小地圖,共 {count} 張地圖,範圍D固定前端可見文本
minimap.memory.delete-selected-disabled-title,小地圖,當前地圖沒有可刪除的本地記憶,範圍D固定前端可見文本
minimap.memory.delete-selected-title,小地圖,刪除 {mapName} 的本地記憶,範圍D固定前端可見文本
minimap.memory.delete-selected.confirm-title,小地圖,刪除本地記憶,範圍D固定前端可見文本
minimap.memory.delete-selected.message,小地圖,只會刪除這張地圖的本地記憶，不會影響已解鎖整圖。若你當前正站在該地圖，視野內正在看到的部分會繼續保留在本次畫面中。,範圍D固定前端可見文本
minimap.modal.hint.cancel-outside,小地圖,點擊空白處取消,範圍D固定前端可見文本
minimap.modal.title.memory,小地圖,{mapName} · 本地記憶,範圍D固定前端可見文本
minimap.modal.title.unlock,小地圖,{mapName} · 已解鎖圖鑑,範圍D固定前端可見文本
minimap.modal.toggle.collapse-short,小地圖,收,範圍D固定前端可見文本
minimap.modal.toggle.collapse-title,小地圖,收起大地圖,範圍D固定前端可見文本
minimap.modal.toggle.open-short,小地圖,展,範圍D固定前端可見文本
minimap.modal.toggle.open-title,小地圖,展開大地圖,範圍D固定前端可見文本
minimap.move-confirm.message,小地圖,將角色移動至該座標。實際能否抵達視路途障礙而定。,範圍D固定前端可見文本
minimap.move-confirm.title,小地圖,確認前往,範圍D固定前端可見文本
minimap.overlay.title.memory,小地圖,{mapName} · 記憶,範圍D固定前端可見文本
minimap.overlay.title.unlock,小地圖,{mapName} · 全圖,範圍D固定前端可見文本
minimap.overlay.toggle.hide-short,小地圖,隱,範圍D固定前端可見文本
minimap.overlay.toggle.hide-title,小地圖,隱藏小地圖,範圍D固定前端可見文本
minimap.overlay.toggle.show-short,小地圖,顯,範圍D固定前端可見文本
minimap.overlay.toggle.show-title,小地圖,顯示小地圖,範圍D固定前端可見文本
minimap.source.memory-only-title,小地圖,當前地圖只有本地記憶，未獲得完整地圖,範圍D固定前端可見文本
minimap.source.memory-title,小地圖,顯示本地記憶地圖,範圍D固定前端可見文本
minimap.source.unlock-only-title,小地圖,當前地圖已解鎖完整輿圖,範圍D固定前端可見文本
minimap.source.unlock-title,小地圖,顯示已解鎖整圖,範圍D固定前端可見文本
guided-tour.action.finish,新手導覽,完成,
guided-tour.action.next,新手導覽,下一步,
guided-tour.action.prev,新手導覽,上一步,
guided-tour.action.skip,新手導覽,跳過,
guided-tour.action.wait-target,新手導覽,點擊高亮處,
guided-tour.flow.alchemy.title,新手導覽,煉丹引導,
guided-tour.flow.cultivation.title,新手導覽,修煉引導,
guided-tour.flow.force-attack.title,新手導覽,強制攻擊引導,
guided-tour.flow.mining.title,新手導覽,挖礦引導,
guided-tour.flow.observe.title,新手導覽,觀察功能引導,
guided-tour.flow.sense-qi.title,新手導覽,感氣功能引導,
guided-tour.flow.starter.title,新手導覽,基礎界面導覽,
guided-tour.list.close-hint,新手導覽,點擊空白處關閉,
guided-tour.list.empty,新手導覽,暫無可用引導,
guided-tour.list.start,新手導覽,重新引導,
guided-tour.list.step-count,新手導覽,{count} 步,
guided-tour.list.subtitle,新手導覽,選擇一組引導重新播放。,
guided-tour.list.title,新手導覽,引導,
guided-tour.progress.aria,新手導覽,第 {current} / {total} 步,
guided-tour.progress.label,新手導覽,{current}/{total},
guided-tour.step.action.body,新手導覽,常用互動、技能、開關和通用操作都在行動欄。需要點目標的操作會先進入選擇狀態，再到地圖上點目標。,
guided-tour.step.action.title,新手導覽,行動欄執行操作,
guided-tour.step.alchemy-attr-panel.body,新手導覽,煉丹入口在左側修行卷的技藝頁裡。桌面端展開左側，手機端先切到屬性頁。,
guided-tour.step.alchemy-attr-panel.title,新手導覽,先看左側修行卷,
guided-tour.step.alchemy-base-tab.body,新手導覽,點擊基礎丹方，回到標準配方視圖。新手優先用基礎丹方確認材料和消耗。,
guided-tour.step.alchemy-base-tab.title,新手導覽,回到基礎丹方,
guided-tour.step.alchemy-craft-row.body,新手導覽,這一行顯示煉丹等級、經驗進度和距離下一級還需經驗。右側打開按鈕會進入煉丹操作界面。,
guided-tour.step.alchemy-craft-row.title,新手導覽,找到煉丹,
guided-tour.step.alchemy-craft-tab.body,新手導覽,點擊技藝頁，進入煉丹、煉器、強化、挖礦等技藝等級與入口列表。,
guided-tour.step.alchemy-craft-tab.title,新手導覽,切換到技藝,
guided-tour.step.alchemy-custom-detail.body,新手導覽,主藥通常固定，輔藥可以加減。系統會按當前投料重新計算成功率、耗時和是否滿足完整丹方。,
guided-tour.step.alchemy-custom-detail.title,新手導覽,自定義丹方說明,
guided-tour.step.alchemy-custom-tab.body,新手導覽,自定義丹方允許調整輔藥，用不同材料嘗試滿足五行需求。點擊這裡查看自定義投料區。,
guided-tour.step.alchemy-custom-tab.title,新手導覽,切到自定義丹方,
guided-tour.step.alchemy-detail.body,新手導覽,詳情區會對比當前投料和標準需求。基礎丹方按固定材料煉製，適合穩定生產。,
guided-tour.step.alchemy-detail.title,新手導覽,查看丹方詳情,
guided-tour.step.alchemy-minor-heal.body,新手導覽,點擊凡胎回春散後，右側會顯示等級、品階、五行匹配、材料、耗時、成功率和單批產出。,
guided-tour.step.alchemy-minor-heal.title,新手導覽,選擇回春散,
guided-tour.step.alchemy-mortal-realm.body,新手導覽,先按丹藥適用階段篩選。回春散是凡胎階段的基礎恢復丹藥，點擊凡胎分組。,
guided-tour.step.alchemy-mortal-realm.title,新手導覽,選擇凡胎,
guided-tour.step.alchemy-open.body,新手導覽,點擊煉丹這一行的打開按鈕，進入對應的煉丹操作界面。,
guided-tour.step.alchemy-open.title,新手導覽,打開煉丹,
guided-tour.step.alchemy-recovery-category.body,新手導覽,再按用途篩選。回覆藥分組會收束到氣血、靈力等恢復類丹藥。,
guided-tour.step.alchemy-recovery-category.title,新手導覽,選擇回覆藥,
guided-tour.step.alchemy-start.body,新手導覽,材料足夠時，從這裡開始煉製或加入技藝隊列。按鈕不可點時，先補齊材料或靈石。,
guided-tour.step.alchemy-start.title,新手導覽,開始煉製,
guided-tour.step.alchemy-workbench.body,新手導覽,左側是技藝模式切換，右側是當前煉丹內容。基礎丹方和自定義丹方都在這裡完成。,
guided-tour.step.alchemy-workbench.title,新手導覽,煉丹操作界面,
guided-tour.step.cultivation-auto-card.body,新手導覽,自動修煉會在空閒時嘗試恢復修煉；修滿切換可輔助輪換功法。按當前策略選擇開啟即可。,
guided-tour.step.cultivation-auto-card.title,新手導覽,自動修煉選項,
guided-tour.step.cultivation-open-bag.body,新手導覽,功法面板在行囊側欄裡。桌面端展開右側，手機端先切到行囊頁。,
guided-tour.step.cultivation-open-bag.title,新手導覽,打開行囊側欄,
guided-tour.step.cultivation-technique-card.body,新手導覽,這裡可以把某門功法設為主修。若按鈕顯示取消主修，說明當前已經有功法在修煉中。,
guided-tour.step.cultivation-technique-card.title,新手導覽,選擇主修功法,
guided-tour.step.cultivation-technique-tab.body,新手導覽,修煉功法前，先進入功法頁查看已學功法、領悟進度和主修按鈕。,
guided-tour.step.cultivation-technique-tab.title,新手導覽,切到功法,
guided-tour.step.cultivation-toggle-card.body,新手導覽,這個開關控制是否進行閉關修煉。開啟後每息獲得境界修為和主修功法經驗，移動、攻擊等操作可能打斷當前修煉狀態。,
guided-tour.step.cultivation-toggle-card.title,新手導覽,當前修煉開關,
guided-tour.step.cultivation-toggle-tab.body,新手導覽,主修功法確定後，再回到行動欄開關頁控制當前是否閉關修煉。,
guided-tour.step.cultivation-toggle-tab.title,新手導覽,回到修煉開關,
guided-tour.step.force-attack-button.body,新手導覽,點擊後進入選目標狀態。它不會自動找怪，需要你在地圖上指定要攻擊的目標。,
guided-tour.step.force-attack-button.title,新手導覽,點擊強制攻擊,
guided-tour.step.force-attack-map.body,新手導覽,在地圖上點擊視野內目標即可發起攻擊。請注意玩家、怪物、建築或陣法目標的可攻擊規則不同。,
guided-tour.step.force-attack-map.title,新手導覽,選擇攻擊目標,
guided-tour.step.force-attack-utility-tab.body,新手導覽,強制攻擊屬於通用操作，用於主動選擇目標發起攻擊。,
guided-tour.step.force-attack-utility-tab.title,新手導覽,切到通用頁,
guided-tour.step.hud.body,新手導覽,這裡顯示角色、境界、氣血、靈力和突破入口。後續能突破時，按鈕會出現在境界區域。,
guided-tour.step.hud.title,新手導覽,先看自身狀態,
guided-tour.step.inventory.body,新手導覽,背包、裝備、功法和任務都在這一側。點擊高亮按鈕進入行囊頁籤。,
guided-tour.step.inventory.title,新手導覽,打開行囊,
guided-tour.step.map-icons.body,新手導覽,NPC 頭頂出現任務標記時，! 表示可接任務，? 表示可交付，... 表示任務正在進行。傳送點和樓梯用於跨地圖，寶箱、草藥、礦脈等資源點可以觀察或交互，紅色敵對目標通常會進入戰鬥。,
guided-tour.step.map-icons.title,新手導覽,先看懂地圖標記,
guided-tour.step.map.body,新手導覽,點擊可見地圖格子可以移動或選擇目標。戰鬥、採集、觀察等指向性操作也會落在這裡。,
guided-tour.step.map.title,新手導覽,地圖是主要行動區,
guided-tour.step.mining-basement-node.body,新手導覽,進入舊屋礦窖後，移動到玄鐵礦脈（10，9）附近。挖礦按鈕只會在附近存在可見礦脈時出現，找不到按鈕時先繼續靠近或觀察目標格。,
guided-tour.step.mining-basement-node.title,新手導覽,靠近玄鐵礦脈,
guided-tour.step.mining-button.body,新手導覽,看到挖礦行動時，點擊它進入礦脈選擇狀態。若當前沒有這個按鈕，說明附近沒有可採的可見礦脈。,
guided-tour.step.mining-button.title,新手導覽,點擊挖礦,
guided-tour.step.mining-clear-stone.body,新手導覽,石頭和礦脈都屬於可受損地塊。選中石頭後使用強制攻擊或可用的採掘操作，服務端會按地塊耐久結算；石頭被破壞後路線才會打開。,
guided-tour.step.mining-clear-stone.title,新手導覽,清掉門口石頭,
guided-tour.step.mining-map.body,新手導覽,移動到礦脈附近後，在地圖上選擇可見礦脈格即可開始採集。挖礦按鈕隨位置和可見目標動態出現。,
guided-tour.step.mining-map.title,新手導覽,選擇礦脈格,
guided-tour.step.mining-quest-tab.body,新手導覽,帶挖礦引導的任務詳情裡會出現“打開引導”和“前往目標”。任務導航負責找當前任務地點；本引導用雲來鎮舊屋礦窖演示入門挖礦路線。,
guided-tour.step.mining-quest-tab.title,新手導覽,先從任務定位入口,
guided-tour.step.mining-skill-tab.body,新手導覽,挖礦是需要附近有礦脈時出現的採集行動。先進入行動欄的技能頁。,
guided-tour.step.mining-skill-tab.title,新手導覽,切到技能頁,
guided-tour.step.mining-town-entrance.body,新手導覽,雲來鎮舊屋礦窖入口地標在（42，17）附近，實際樓梯傳送點在（38，14）。如果門口石頭擋住路線，先在地圖上選中石頭目標處理掉，再靠近樓梯。,
guided-tour.step.mining-town-entrance.title,新手導覽,到雲來鎮礦井前,
guided-tour.step.mining-use-portal.body,新手導覽,點擊樓梯傳送點會自動尋路；角色站到傳送點後會進入雲來鎮·舊屋礦窖。傳送和落點仍由服務端處理，導覽不會替你跨圖。,
guided-tour.step.mining-use-portal.title,新手導覽,踩上傳送樓梯,
guided-tour.step.observe-action-panel.body,新手導覽,觀察是指向地圖格子的通用操作，先打開行動欄。,
guided-tour.step.observe-action-panel.title,新手導覽,打開行動欄,
guided-tour.step.observe-button.body,新手導覽,點擊觀察後會進入選格狀態，不會立刻消耗資源。接著到地圖上選擇要查看的格子。,
guided-tour.step.observe-button.title,新手導覽,點擊觀察,
guided-tour.step.observe-map.body,新手導覽,觀察可以查看視野內格子的地形、資源、建築或實體訊息。選中目標後，詳情會在界面中彈出。,
guided-tour.step.observe-map.title,新手導覽,在地圖上選格,
guided-tour.step.observe-utility-tab.body,新手導覽,通用頁放置觀察、強制攻擊、返回復活點等不屬於普通技能的操作。,
guided-tour.step.observe-utility-tab.title,新手導覽,切到通用頁,
guided-tour.step.sense-qi-card.body,新手導覽,點擊感氣開關後，地圖會顯示可感知的靈氣、魔氣、煞氣等氣機線索。,
guided-tour.step.sense-qi-card.title,新手導覽,開啟感氣,
guided-tour.step.sense-qi-map.body,新手導覽,開啟後回到地圖查看氣機疊層。不同地點的靈氣、陣法、地塊狀態會影響後續判斷。,
guided-tour.step.sense-qi-map.title,新手導覽,觀察地圖氣機,
guided-tour.step.sense-qi-toggle-tab.body,新手導覽,感氣是顯示類開關，先進入行動欄的開關頁。,
guided-tour.step.sense-qi-toggle-tab.title,新手導覽,切到開關頁,
guided-tour.step.tutorial.body,新手導覽,不清楚系統規則時，可以從這裡打開百科。導覽完成後也能從設置或調試入口重新打開。,
guided-tour.step.tutorial.title,新手導覽,百科隨時可查,
action.attack-intensity.option,行動,{value} 成,
action.attack-intensity.title,行動,出手力度,
action.card.skill-type,行動,[技能],
action.combat-settings.auto-pills.condition.add-buff-missing,行動,添加效果未生效條件,
action.combat-settings.auto-pills.condition.add-hp,行動,添加生命條件,
action.combat-settings.auto-pills.condition.add-qi,行動,添加靈力條件,
action.combat-settings.auto-pills.condition.buff-missing,行動,當前藥品效果未生效時使用,
action.combat-settings.auto-pills.condition.copy,行動,滿足全部條件時才會嘗試服用。,
action.combat-settings.auto-pills.condition.dialog-copy,行動,{name} 的自動條件,
action.combat-settings.auto-pills.condition.dialog-title,行動,條件設置,
action.combat-settings.auto-pills.condition.empty,行動,還沒有設置任何觸發條件。,
action.combat-settings.auto-pills.condition.no-item,行動,當前槽位還沒有選擇藥品，無法設置條件。,
action.combat-settings.auto-pills.condition.none,行動,未設置條件，不會自動使用。,
action.combat-settings.auto-pills.condition.op.gt,行動,高於,
action.combat-settings.auto-pills.condition.op.lt,行動,低於,
action.combat-settings.auto-pills.condition.remove,行動,移除,
action.combat-settings.auto-pills.condition.resource-ratio,行動,當前{resource}{op} {thresholdPct}%,
action.combat-settings.auto-pills.condition.resource.hp,行動,血量,
action.combat-settings.auto-pills.condition.resource.qi,行動,靈力,
action.combat-settings.auto-pills.condition.title,行動,觸發條件,
action.combat-settings.auto-pills.effect.baseline-heal-amount,行動,恢復氣血 {value},
action.combat-settings.auto-pills.effect.baseline-heal-percent,行動,恢復標準生命 {value}%,
action.combat-settings.auto-pills.effect.baseline-qi-amount,行動,恢復靈力 {value},
action.combat-settings.auto-pills.effect.baseline-qi-percent,行動,恢復標準靈力 {value}%,
action.combat-settings.auto-pills.effect.buff-fallback,行動,增益,
action.combat-settings.auto-pills.effect.buffs,行動,附帶 {buffs},
action.combat-settings.auto-pills.effect.fallback,行動,效果以物品真源配置為準。,
action.combat-settings.auto-pills.effect.heal-amount,行動,恢復氣血 {value},
action.combat-settings.auto-pills.effect.heal-percent,行動,恢復生命 {value}%,
action.combat-settings.auto-pills.effect.qi-percent,行動,恢復靈力 {value}%,
action.combat-settings.auto-pills.picker.clear-slot,行動,清空槽位,
action.combat-settings.auto-pills.picker.copy,行動,懸停可查看和背包一致的物品詳情，點擊後直接放入當前槽位。,
action.combat-settings.auto-pills.picker.empty,行動,當前沒有可選的自動服用丹藥。,
action.combat-settings.auto-pills.picker.title,行動,選擇藥品,
action.combat-settings.auto-pills.slot.conditions,行動,條件,
action.combat-settings.auto-pills.slot.current,行動,當前槽位,
action.combat-settings.auto-pills.slot.empty,行動,空槽,
action.combat-settings.auto-pills.slot.unset,行動,未設置藥品,
action.combat-settings.confirm-discard,行動,戰鬥設置裡有未應用的改動，關閉後會丟失這些改動。確定關閉嗎？,
action.combat-settings.pill.missing-inventory-desc,行動,這是已選中的自動丹藥條目，背包裡暫時沒有同名物品，仍保留原配置用於預覽。,
action.combat-settings.pill.tooltip.condition,行動,自動條件：{summary},
action.combat-settings.subtitle,行動,備丹 {pillCount}種 · {tabLabel},
action.combat-settings.tab.auto-pills,行動,備丹,
action.combat-settings.tab.targeting,行動,目標選擇,
action.combat-settings.targeting.friendly.all-players.label,行動,所有修士,
action.combat-settings.targeting.friendly.all-players.summary,行動,把所有修士都納入友方目標。,
action.combat-settings.targeting.friendly.copy,行動,勾選後，這些單位會被你視為友方目標，可多選組合。,
action.combat-settings.targeting.friendly.non-hostile-players.label,行動,非敵修士,
action.combat-settings.targeting.friendly.non-hostile-players.summary,行動,把當前不屬於敵對範圍的修士視為友方目標。,
action.combat-settings.targeting.friendly.party.label,行動,隊伍,
action.combat-settings.targeting.friendly.party.summary,行動,把同隊成員納入治療與友方增益的可選目標。,
action.combat-settings.targeting.friendly.retaliators.label,行動,仇敵,
action.combat-settings.targeting.friendly.retaliators.summary,行動,把主動攻擊過你的玩家也納入友方目標。,
action.combat-settings.targeting.friendly.title,行動,友方判定,
action.combat-settings.targeting.hostile.all-players.label,行動,所有修士,
action.combat-settings.targeting.hostile.all-players.summary,行動,把所有修士都納入敵方目標。,
action.combat-settings.targeting.hostile.copy,行動,勾選後，這些單位會被你視為敵方目標，可多選組合。,
action.combat-settings.targeting.hostile.demonized-players.label,行動,入魔者,
action.combat-settings.targeting.hostile.demonized-players.summary,行動,把煞氣入體超過 20 層的入魔者納入敵方目標。,
action.combat-settings.targeting.hostile.monster.label,行動,妖獸,
action.combat-settings.targeting.hostile.monster.summary,行動,把妖獸視為敵方目標。,
action.combat-settings.targeting.hostile.party.label,行動,隊伍,
action.combat-settings.targeting.hostile.party.summary,行動,僅當隊長已開啟全隊友傷時，把同隊成員納入你的主動攻擊與自動戰鬥目標。,
action.combat-settings.targeting.hostile.retaliators.label,行動,仇敵,
action.combat-settings.targeting.hostile.retaliators.summary,行動,把主動攻擊過你的玩家納入敵方目標。,
action.combat-settings.targeting.hostile.terrain.label,行動,地形,
action.combat-settings.targeting.hostile.terrain.summary,行動,把牆體、山崖、容器等場景地形納入敵方目標。,
action.combat-settings.targeting.hostile.title,行動,敵對判定,
action.combat-settings.targeting.title,行動,目標判定,
action.combat-settings.title,行動,戰鬥設置,
action.combat-settings.toggle-aoe,行動,全體攻擊,
action.cooldown,行動,冷卻 {ticks} 息,
action.cooldown.left,行動,冷卻 {ticks} 息,
action.empty-hint,行動,暫無可用行動,
action.empty.current-group,行動,當前分組暫無內容,
action.empty.no-actions,行動,暫無可用行動,
action.range,行動,射程 {range},
action.sect.fallback.current-leader,行動,當前宗主,缺失 key 自動補齊
action.sect.fallback.unknown-applicant,行動,未知申請人,缺失 key 自動補齊
action.sect.fallback.unknown-member,行動,未知成員,缺失 key 自動補齊
action.sect.manage.action.dissolve,行動,解散宗門,
action.sect.manage.action.inject-aura,行動,灌注靈力,
action.sect.manage.action.leave,行動,離開宗門,
action.sect.manage.action.update-role,行動,修改職位,
action.sect.manage.aria,行動,宗門管理,
action.sect.manage.confirm.dissolve,行動,確認解散宗門？該操作會移除所有成員關係。,
action.sect.manage.confirm.leave,行動,確認離開宗門？離開後需要重新遞交拜帖並通過審批才能入宗。,
action.sect.manage.confirm.member-remove.body,行動,確定將 {memberName}（{roleName}）逐出宗門嗎？確認後對方會立即失去宗門身份與全部宗門權限。,
action.sect.manage.confirm.member-remove.button,行動,確認逐出,
action.sect.manage.confirm.member-remove.title,行動,確認逐出宗門,
action.sect.manage.confirm.member-role.body,行動,確定將 {memberName} 從 {currentRole} 調整為 {nextRole} 嗎？確認後宗門權限會立即按新職位生效。,
action.sect.manage.confirm.member-role.button,行動,確認修改,
action.sect.manage.confirm.member-role.title,行動,確認修改職位,
action.sect.manage.domain.copy,行動,宗門地圖初始為 3x3 空地，邊界石頭被挖穿後只沿對應方向繼續顯化；石頭耐久按距核心圈層翻倍，核心周圍自帶固脈。,
action.sect.manage.domain.region,行動,顯化地域 {region},
action.sect.manage.domain.title,行動,宗門地脈,
action.sect.manage.fallback.domain,行動,未知,
action.sect.manage.fallback.guardian-aura,行動,0,
action.sect.manage.fallback.guardian-status,行動,未知,
action.sect.manage.fallback.leader,行動,當前宗主,
action.sect.manage.fallback.mark,行動,宗,
action.sect.manage.fallback.name,行動,本宗,
action.sect.manage.fallback.realm,行動,未知境界,
action.sect.manage.guardian.apply-strength,行動,應用強度,
action.sect.manage.guardian.aura,行動,當前資源 {aura},
action.sect.manage.guardian.control-strength,行動,控制強度,
action.sect.manage.guardian.copy,行動,調整控制強度會改變護宗大陣減傷和每日靈石消耗；當前靈力與剩餘靈石不會因調整強度被重置。,
action.sect.manage.guardian.core,行動,陣眼位於宗門核心,
action.sect.manage.guardian.cost,行動,靈力消耗,
action.sect.manage.guardian.current-qi,行動,當前靈力 {qi},
action.sect.manage.guardian.current-reduction,行動,當前減傷 {reduction},
action.sect.manage.guardian.current-stones,行動,剩餘靈石 {stones},
action.sect.manage.guardian.daily-stone-cost,行動,每日靈石衰減,
action.sect.manage.guardian.guard,行動,護持山門,
action.sect.manage.guardian.inject-qi,行動,靈力注入,
action.sect.manage.guardian.inject-stones,行動,靈石注入,
action.sect.manage.guardian.inject-stones-short,行動,投入靈石,
action.sect.manage.guardian.no-permission,行動,無權,
action.sect.manage.guardian.remaining-days,行動,預計可維持 {days},
action.sect.manage.guardian.state-off,行動,關閉,
action.sect.manage.guardian.state-on,行動,開啟,
action.sect.manage.guardian.status,行動,狀態 {status},
action.sect.manage.guardian.title,行動,護宗大陣,
action.sect.manage.guardian.toggle,行動,啟閉大陣,
action.sect.manage.manage.application-type,行動,拜帖,
action.sect.manage.manage.applications-empty,行動,暫無待審批拜帖。,
action.sect.manage.manage.applications-load-failed,行動,拜帖加載失敗，請重試。,
action.sect.manage.manage.applications-loading,行動,正在加載拜帖…,
action.sect.manage.manage.applications-search-empty,行動,沒有符合搜索條件的待審批拜帖。,
action.sect.manage.manage.approve,行動,准入,
action.sect.manage.manage.column.actions,行動,操作,
action.sect.manage.manage.column.applicant,行動,申請人,
action.sect.manage.manage.column.time,行動,遞交時間,
action.sect.manage.manage.column.type,行動,類型,
action.sect.manage.manage.dissolve-title,行動,宗門解散,
action.sect.manage.manage.go-guardian,行動,前往大陣,
action.sect.manage.manage.guardian-title,行動,護宗大陣,
action.sect.manage.manage.leave-title,行動,離開宗門,
action.sect.manage.manage.page-meta,行動,共 {total} 條，第 {page} / {totalPages} 頁,
action.sect.manage.manage.page-next,行動,下一頁,
action.sect.manage.manage.page-prev,行動,上一頁,
action.sect.manage.manage.pending,行動,待審批,
action.sect.manage.manage.reject,行動,退回,
action.sect.manage.manage.retry,行動,重試,
action.sect.manage.manage.review-title,行動,入宗審批,
action.sect.manage.manage.search-aria,行動,搜索待審批申請人,
action.sect.manage.manage.search-placeholder,行動,搜索申請人姓名,
action.sect.manage.manage.title,行動,宗門事務,
action.sect.manage.manage.transfer-empty,行動,暫無可轉讓成員。,
action.sect.manage.manage.transfer-title,行動,宗門轉讓,
action.sect.manage.manage.transfer-to,行動,轉讓給 {name},
action.sect.manage.member.remove,行動,移除,
action.sect.manage.member.self-role,行動,當前角色,
action.sect.manage.members.column.contrib,行動,貢獻,
action.sect.manage.members.column.member,行動,成員,
action.sect.manage.members.column.realm,行動,境界,
action.sect.manage.members.column.role,行動,職位,
action.sect.manage.members.column.status,行動,狀態,
action.sect.manage.members.column.week-contrib,行動,周貢獻,
action.sect.manage.members.empty,行動,暫無更多成員。,
action.sect.manage.members.title,行動,宗門成員,
action.sect.manage.notice,行動,{name} 已開宗立派。,
action.sect.manage.overview.actions.domain,行動,宗門地脈,
action.sect.manage.overview.actions.guardian,行動,護宗大陣,
action.sect.manage.overview.actions.members,行動,成員名冊,
action.sect.manage.overview.actions.roles,行動,職位權限,
action.sect.manage.overview.leader,行動,宗主 {leaderName},
action.sect.manage.overview.level,行動,Lv.1,
action.sect.manage.overview.manage,行動,管理事務,
action.sect.manage.overview.mark,行動,印記 {mark},
action.sect.manage.overview.members,行動,成員 {memberCount},
action.sect.manage.role.assignable,行動,可任命,
action.sect.manage.role.unassignable,行動,不可任命,
action.sect.manage.roles.copy,行動,只有宗主可以編輯普通職位權限；太上長老由宗主任命並固定擁有全部六項職位權限。,
action.sect.manage.roles.title,行動,宗門職位,
action.sect.manage.sidebar.aria,行動,宗門管理頁籤,
action.sect.manage.sidebar.title,行動,管理,
action.sect.manage.stat.domain,行動,顯化地域,
action.sect.manage.stat.leader,行動,宗主,
action.sect.manage.stat.mark,行動,宗門印記,
action.sect.manage.stat.members,行動,宗門成員,
action.sect.manage.subtitle,行動,{name} · 印記 {mark},
action.sect.manage.summary.domain,行動,地域 {domain},
action.sect.manage.summary.guardian,行動,大陣 {status},
action.sect.manage.summary.mark,行動,印記 {mark},
action.sect.manage.tab.domain,行動,宗門地脈,
action.sect.manage.tab.guardian,行動,宗門大陣,
action.sect.manage.tab.manage,行動,宗門事務,
action.sect.manage.tab.members,行動,宗門成員,
action.sect.manage.tab.overview,行動,基礎訊息,
action.sect.manage.tab.roles,行動,宗門職位,
action.sect.manage.title,行動,宗門管理,
action.sect.permission.building-create,行動,建造,
action.sect.permission.building-remove,行動,拆除,
action.sect.permission.guardian,行動,護宗大陣,缺失 key 自動補齊
action.sect.permission.member-approve,行動,同意入宗,
action.sect.permission.member-remove,行動,逐出宗門,缺失 key 自動補齊
action.sect.permission.member-role,行動,修改職位,缺失 key 自動補齊
action.sect.role.deputy,行動,副宗主,缺失 key 自動補齊
action.sect.role.elder,行動,長老,缺失 key 自動補齊
action.sect.role.inner,行動,內門,缺失 key 自動補齊
action.sect.role.labor,行動,雜役,缺失 key 自動補齊
action.sect.role.leader,行動,宗主,缺失 key 自動補齊
action.sect.role.outer,行動,外門,缺失 key 自動補齊
action.sect.role.supreme-elder,行動,太上長老,缺失 key 自動補齊
action.sect.status.offline,行動,離線,缺失 key 自動補齊
action.sect.status.online,行動,線上,缺失 key 自動補齊
action.section.toggle,行動,開關,
action.section.utility,行動,行動,
action.shortcut.badge,行動,鍵 {key},
action.shortcut.bind,行動,綁定鍵,
action.shortcut.binding,行動,按鍵中,
action.shortcut.meta,行動,· 快捷鍵 {key},
action.shortcut.rebind,行動,改鍵 {key},
action.skill-affinity.utility.label,行動,輔助,
action.skill-affinity.utility.title,行動,輔助型技能,
action.skill-preset.action.apply-selected,行動,套用選中,缺失 key 自動補齊
action.skill-preset.action.clear-input,行動,清空輸入,缺失 key 自動補齊
action.skill-preset.action.copy-selected,行動,複製選中,缺失 key 自動補齊
action.skill-preset.action.delete-selected,行動,刪除選中,缺失 key 自動補齊
action.skill-preset.action.export-all,行動,導出全部,缺失 key 自動補齊
action.skill-preset.action.export-selected,行動,導出選中,缺失 key 自動補齊
action.skill-preset.action.import-local,行動,導入到本地,缺失 key 自動補齊
action.skill-preset.action.overwrite-selected,行動,覆蓋選中,缺失 key 自動補齊
action.skill-preset.action.read-file,行動,讀取文件,缺失 key 自動補齊
action.skill-preset.action.save-current,行動,保存當前,缺失 key 自動補齊
action.skill-preset.compatibility.none,行動,暫無兼容問題,缺失 key 自動補齊
action.skill-preset.confirm.delete,行動,確定刪除技能方案「{name}」嗎？,缺失 key 自動補齊
action.skill-preset.default-base-name,行動,技能方案,缺失 key 自動補齊
action.skill-preset.default-datetime-name,行動,技能方案 {month}-{day} {hour}:{minute},缺失 key 自動補齊
action.skill-preset.default-indexed-name,行動,技能方案 {index},缺失 key 自動補齊
action.skill-preset.enabled-summary,行動,已啟用 {slotSummary},缺失 key 自動補齊
action.skill-preset.export.list-copy,行動,可導出單個方案或整個本地列表,缺失 key 自動補齊
action.skill-preset.export.selected-copy,行動,導出內容只包含技能 id 順序和自動/手動標記,缺失 key 自動補齊
action.skill-preset.import.copy,行動,支持導入鍵值文本，也兼容之前的 JSON 分享數據。若名稱重複，會自動在本地追加編號。,缺失 key 自動補齊
action.skill-preset.import.placeholder,行動,"粘貼技能方案文本，例如：
v=3
p=日常刷圖
s=fireball,1
s=guard,0",缺失 key 自動補齊
action.skill-preset.import.rule,行動,支持鍵值文本和舊 JSON；名稱重複時會自動追加編號。,缺失 key 自動補齊
action.skill-preset.import.summary,行動,當前文本約 {lines} 行 / {bytes} 字節，導入後會保存在當前瀏覽器。,缺失 key 自動補齊
action.skill-preset.import.title,行動,導入數據,缺失 key 自動補齊
action.skill-preset.list.empty-hint,行動,先保存一份當前技能方案，再進行導出或分享。,缺失 key 自動補齊
action.skill-preset.list.empty-meta,行動,當前還沒有保存任何方案,缺失 key 自動補齊
action.skill-preset.list.sorted-copy,行動,列表從上到下按最近保存排序,缺失 key 自動補齊
action.skill-preset.list.title,行動,本地方案列表,缺失 key 自動補齊
action.skill-preset.name.duplicate-resolved,行動,名稱重複，將保存為：{name},缺失 key 自動補齊
action.skill-preset.name.empty-after-trim,行動,當前輸入在清理空白後為空，請換一個方案名。,缺失 key 自動補齊
action.skill-preset.name.placeholder,行動,輸入方案名,缺失 key 自動補齊
action.skill-preset.name.rule,行動,最多 {max} 個字符；只記錄當前已啟用技能的順序，以及它們是自動還是手動。,缺失 key 自動補齊
action.skill-preset.name.will-save,行動,將保存為：{name},缺失 key 自動補齊
action.skill-preset.save-layout.copy,行動,只記錄當前已啟用技能的順序，以及它們是自動還是手動。未寫進方案的技能會視為禁用，只保存在當前瀏覽器。導入時會自動忽略不存在的技能，並把你當前多出來的技能保留在禁用區。,缺失 key 自動補齊
action.skill-preset.save-layout.title,行動,保存當前技能佈局,缺失 key 自動補齊
action.skill-preset.selected.empty,行動,還沒有選中任何技能方案。,缺失 key 自動補齊
action.skill-preset.selected.none,行動,未選擇方案,缺失 key 自動補齊
action.skill-preset.selected.title,行動,選中方案,缺失 key 自動補齊
action.skill-preset.status.applied,行動,已套用技能方案「{name}」。缺失或多出的技能已按當前列表兼容處理。,缺失 key 自動補齊
action.skill-preset.status.clipboard-unsupported,行動,當前瀏覽器不支持直接複製，請改用導出文件。,缺失 key 自動補齊
action.skill-preset.status.copied,行動,已複製技能方案「{name}」。,缺失 key 自動補齊
action.skill-preset.status.copy-failed,行動,複製失敗，請改用導出文件。,缺失 key 自動補齊
action.skill-preset.status.deleted,行動,已刪除技能方案「{name}」。,缺失 key 自動補齊
action.skill-preset.status.exported,行動,已導出技能方案「{name}」。,缺失 key 自動補齊
action.skill-preset.status.exported-all,行動,已導出全部 {count} 個技能方案。,缺失 key 自動補齊
action.skill-preset.status.file-read,行動,已讀取技能方案文件「{fileName}」。,缺失 key 自動補齊
action.skill-preset.status.file-read-failed,行動,讀取技能方案文件失敗，請改用複製粘貼導入。,缺失 key 自動補齊
action.skill-preset.status.import-empty,行動,請先粘貼要導入的技能方案數據。,缺失 key 自動補齊
action.skill-preset.status.import-invalid,行動,技能方案數據格式無效，請檢查鍵值文本後重試。,缺失 key 自動補齊
action.skill-preset.status.import-no-valid,行動,導入數據裡沒有找到可用的技能方案。,缺失 key 自動補齊
action.skill-preset.status.imported,行動,已導入 {count} 個技能方案。,缺失 key 自動補齊
action.skill-preset.status.name-required,行動,請先輸入方案名。,缺失 key 自動補齊
action.skill-preset.status.no-savable-skills,行動,當前沒有可保存的技能。,缺失 key 自動補齊
action.skill-preset.status.overwritten,行動,已覆蓋技能方案「{name}」。,缺失 key 自動補齊
action.skill-preset.status.saved,行動,已保存技能方案「{name}」。,缺失 key 自動補齊
action.skill-preset.status.select-first,行動,請先選擇一個技能方案。,缺失 key 自動補齊
action.skill-preset.subtitle,行動,已保存 {presetCount} 個方案，當前可記錄 {skillCount} 個技能,缺失 key 自動補齊
action.skill-preset.summary.compatibility,行動,匹配 {matched}/{total} 個技能，當前另有 {currentOnly} 個技能不在方案內,缺失 key 自動補齊
action.skill-preset.summary.recorded,行動,記錄 {count} 個技能，自動 {auto} 個，手動 {manual} 個,缺失 key 自動補齊
action.skill-preset.title,行動,技能方案,
action.skill.auto-state.disabled,行動,自行已止,
action.skill.auto-state.enabled,行動,自行運轉中,
action.skill.auto-toggle.off,行動,自動 關,
action.skill.auto-toggle.on,行動,自動 開,
action.skill.empty.auto,行動,當前沒有啟用自動戰鬥的技能,
action.skill.empty.manual,行動,當前沒有僅手動觸發的技能,
action.skill.hint.auto,行動,自動戰鬥會按列表從上到下嘗試已啟用技能，可直接拖拽調整優先級。當前已啟用 {slotSummary}。,
action.skill.hint.manual,行動,這裡的技能不會參與自動戰鬥，但仍可手動點擊或使用綁定鍵觸發。當前已啟用 {slotSummary}。,
action.skill.manage,行動,技能管理,
action.skill.manage.bulk.auto,行動,當前過濾全部自動,
action.skill.manage.bulk.auto-label,行動,切到自動,
action.skill.manage.bulk.disabled,行動,當前過濾全部禁用,
action.skill.manage.bulk.disabled-label,行動,批量禁用,
action.skill.manage.bulk.done,行動,已對當前過濾命中的 {count} 項技能執行“{label}”。,
action.skill.manage.bulk.empty,行動,當前過濾結果裡沒有可批量調整的技能。,
action.skill.manage.bulk.enabled,行動,當前過濾全部啟用,
action.skill.manage.bulk.enabled-label,行動,批量啟用,
action.skill.manage.bulk.manual,行動,當前過濾全部手動,
action.skill.manage.bulk.manual-label,行動,切到手動,
action.skill.manage.confirm-discard,行動,技能管理有未應用的改動，關閉後會丟失這些改動。確定關閉嗎？,
action.skill.manage.empty.auto,行動,當前過濾下沒有自動技能。,
action.skill.manage.empty.disabled,行動,當前過濾下沒有禁用技能。,
action.skill.manage.empty.manual,行動,當前過濾下沒有手動技能。,
action.skill.manage.empty.with-filter,行動,{base} 可以先清空過濾標籤，再繼續批量調整。,
action.skill.manage.filter.all,行動,全部技能,
action.skill.manage.filter.aoe,行動,群攻,
action.skill.manage.filter.close,行動,收起過濾,
action.skill.manage.filter.copy,行動,同類標籤可同時選中；若某一類開了多個，則按該類任意命中處理。,
action.skill.manage.filter.melee,行動,近戰,
action.skill.manage.filter.open,行動,過濾,
action.skill.manage.filter.physical,行動,物理,
action.skill.manage.filter.ranged,行動,遠程,
action.skill.manage.filter.single,行動,單體,
action.skill.manage.filter.spell,行動,法術,
action.skill.manage.filter.tags,行動,過濾標籤,
action.skill.manage.filter.title,行動,過濾技能,
action.skill.manage.hint.auto,行動,這裡顯示會參與自動戰鬥的技能，可繼續用過濾條件縮小範圍後批量調整。當前已啟用 {slotSummary}。,
action.skill.manage.hint.disabled,行動,這裡是未啟用的技能，重新打開“啟用”後，技能會按當前自動狀態回到自動或手動列表。當前已啟用 {slotSummary}。,
action.skill.manage.hint.drag,行動,自動戰鬥會按列表從上到下嘗試技能，當前可直接拖拽，或用上移、下移調整優先級。當前已啟用 {slotSummary}，超過上限會自動禁用末位技能。,
action.skill.manage.hint.manual,行動,這裡顯示僅手動觸發的技能，可通過過濾快速圈定一組技能再批量切換。當前已啟用 {slotSummary}。,
action.skill.manage.hint.sorted,行動,當前列表已按選定規則顯示；切回“當前順位”或點頂部“應用”時，會把當前結果寫回真實順位。當前已啟用 {slotSummary}。,
action.skill.manage.metric.damage,行動,傷害 {value},
action.skill.manage.metric.damage-unknown,行動,傷害 未知,
action.skill.manage.metric.qi-cost,行動,藍耗 {value},
action.skill.manage.move-down,行動,下移,
action.skill.manage.move-up,行動,上移,
action.skill.manage.scope.all,行動,過濾 全部 {count} 項,
action.skill.manage.scope.filtered,行動,過濾 {filteredCount}/{totalCount} 項,
action.skill.manage.scope.sort,行動,排序 {sortField},
action.skill.manage.scope.sort-detailed,行動,排序 {sortField} · {sortDirection} · 展示 {visibleCount} 項,
action.skill.manage.skill-enabled.disabled,行動,技能已禁用,
action.skill.manage.skill-enabled.enabled,行動,技能已啟用,
action.skill.manage.sort.close,行動,收起排序,
action.skill.manage.sort.copy.custom,行動,當前順位模式下，自動頁籤可直接拖拽，或用上移、下移調整優先級。,
action.skill.manage.sort.copy.disabled,行動,禁用頁籤只提供查看與篩選；重新啟用後，技能會按原自動狀態回到自動或手動列表。,
action.skill.manage.sort.copy.sorted,行動,當前列表會按選定規則顯示；切回“當前順位”或點頂部“應用”時，會把當前結果寫回真實順位。,
action.skill.manage.sort.direction-title,行動,排序方向,
action.skill.manage.sort.direction.asc,行動,正序,
action.skill.manage.sort.direction.desc,行動,倒序,
action.skill.manage.sort.done,行動,已按“{sortLabel} · {sortDirection}”重寫當前順位。,
action.skill.manage.sort.error.not-enough,行動,當前可見技能不足 2 項，無法應用新的順位。,
action.skill.manage.sort.error.unsupported,行動,當前頁籤或排序模式不支持把排序結果寫回技能順位。,
action.skill.manage.sort.field-title,行動,排序字段,
action.skill.manage.sort.field.actual-damage,行動,傷害,缺失 key 自動補齊
action.skill.manage.sort.field.cooldown,行動,冷卻,
action.skill.manage.sort.field.custom,行動,當前順位,
action.skill.manage.sort.field.qi-cost,行動,藍耗,缺失 key 自動補齊
action.skill.manage.sort.field.range,行動,距離,
action.skill.manage.sort.field.target-count,行動,目標,缺失 key 自動補齊
action.skill.manage.sort.open,行動,排序,
action.skill.manage.sort.title,行動,排序方式,
action.skill.manage.subtitle,行動,已學技能 {skillCount} 項 · 已啟用 {slotSummary} · 當前過濾 {filteredCount} 項,
action.skill.manage.summary.auto,行動,自動 {count} 項,
action.skill.manage.summary.disabled,行動,禁用 {count} 項,
action.skill.manage.summary.enabled,行動,已啟用 {slotSummary},
action.skill.manage.summary.filtered,行動,當前過濾 {count} 項,
action.skill.manage.summary.manual,行動,手動 {count} 項,
action.skill.manage.tab.disabled,行動,禁用,
action.skill.manage.toggle.auto,行動,自動 {state},
action.skill.manage.toggle.enabled,行動,啟用 {state},
action.skill.order,行動,順位 {order},
action.skill.section-title,行動,技能 · {slotSummary},
action.skill.tab.auto,行動,自動,
action.skill.tab.manual,行動,手動,
action.static.alchemy-open.desc,行動,打開煉丹菜單；未裝備丹爐時可以煉製，但不會獲得丹爐加成。,
action.static.alchemy-open.name,行動,煉丹,
action.static.allow-aoe-player-hit.desc,行動,控制群體攻擊是否會誤傷其他玩家。,
action.static.allow-aoe-player-hit.name,行動,全體攻擊,
action.static.auto-battle.desc,行動,自動追擊附近妖獸並釋放技能，可隨時切換開關。,
action.static.auto-battle.name,行動,自動戰鬥,
action.static.auto-idle-cultivation.desc,行動,控制角色閒置一段時間後是否自動開始修煉。,
action.static.auto-idle-cultivation.name,行動,閒置自動修煉,
action.static.auto-retaliate.desc,行動,控制被攻擊時是否自動開戰。,
action.static.auto-retaliate.name,行動,自動反擊,
action.static.auto-switch-cultivation.desc,行動,控制主修功法圓滿後是否自動切到下一門未圓滿功法。,
action.static.auto-switch-cultivation.name,行動,修滿自動切換,
action.static.building-open.desc,行動,打開營造菜單；未裝備建造錘時可以建造，但不會獲得建造工具加成。,
action.static.building-open.name,行動,營造,
action.static.cultivation-toggle.desc,行動,切換角色修煉狀態；沒有主修時只推進境界修為。,
action.static.cultivation-toggle.name,行動,當前修煉,
action.static.enhancement-open.desc,行動,打開強化菜單；未裝備強化錘時可以強化，但不會獲得強化錘加成。,
action.static.enhancement-open.name,行動,強化,
action.static.force-attack.desc,行動,無視自動索敵限制，直接鎖定你選中的目標發起攻擊。,
action.static.force-attack.name,行動,強制攻擊,
action.static.forging-open.desc,行動,打開煉器菜單；未裝備煉器工具時可以煉製，但不會獲得工具加成。,
action.static.forging-open.name,行動,煉器,
action.static.return-spawn.desc,行動,催動歸引靈符，遁返回 雲來鎮，之後需調息 1800 息。,
action.static.return-spawn.name,行動,遁返,
action.static.sect-exit.desc,行動,返回宗門山門入口，不會退出宗門成員關係。,
action.static.sect-exit.name,行動,離開宗門領地,
action.static.sect-manage.desc,行動,打開當前宗門的管理界面。,
action.static.sect-manage.name,行動,管理宗門,
action.static.sense-qi.desc,行動,切換感氣視角，觀察地塊靈氣層次與變化。,
action.static.sense-qi.name,行動,感氣視角,
action.static.stationary-battle.desc,行動,控制自動戰鬥時是否原地輸出，還是按射程追擊目標。,
action.static.stationary-battle.name,行動,原地戰鬥,
action.static.transmission-open.desc,行動,打開傳法菜單，查看未領悟功法並向附近玩家傳授自創功法。,
action.static.transmission-open.name,行動,傳法,
action.static.wang-qi.desc,行動,借銅羅盤觀察房間風水，低於平衡偏紅，高於平衡偏綠。,
action.static.wang-qi.name,行動,望氣,
action.switch.aoe-player-hit,行動,全體攻擊,
action.switch.auto-battle,行動,自動戰鬥,
action.switch.auto-idle-cultivation,行動,閒置自動修煉,
action.switch.auto-retaliate,行動,自動反擊,
action.switch.auto-switch-cultivation,行動,修滿自動切換,
action.switch.cultivation-active,行動,當前修煉,
action.switch.sense-qi,行動,感氣視角,
action.switch.stationary,行動,原地戰鬥,
action.tab.dialogue,行動,交互,
action.tab.skill,行動,技能,
action.tab.toggle,行動,開關,
action.tab.utility,行動,行動,
action.targeting-plan.current.title,行動,當前方案,
action.targeting-plan.mode.auto.label,行動,自動,
action.targeting-plan.mode.auto.summary,行動,保持預設判定。,
action.targeting-plan.mode.boss.label,行動,首領,
action.targeting-plan.mode.boss.summary,行動,優先鎖定首領目標。,
action.targeting-plan.mode.full-hp.label,行動,滿血,
action.targeting-plan.mode.full-hp.summary,行動,優先鎖定生命較滿的目標。,
action.targeting-plan.mode.low-hp.label,行動,低血,
action.targeting-plan.mode.low-hp.summary,行動,優先鎖定生命較低的目標。,
action.targeting-plan.mode.nearest.label,行動,最近,
action.targeting-plan.mode.nearest.summary,行動,優先鎖定最近目標。,
action.targeting-plan.mode.player.label,行動,玩家,
action.targeting-plan.mode.player.summary,行動,優先鎖定玩家目標。,
action.targeting-plan.subtitle,行動,當前 {label},
action.targeting-plan.switch.copy,行動,點擊後立即切換。,
action.targeting-plan.switch.title,行動,方案切換,
action.targeting-plan.title,行動,索敵方案,
action.targeting-plan.title-with-mode,行動,索敵方案 · {mode},
action.utility.loot.desc,行動,選定 1 格內的目標，查看地面物品或搜索容器後拿取。,
action.utility.loot.name,行動,拿取,
action.utility.observe.desc,行動,選定視野範圍內任意一格，查看地面、實體與耐久等詳細訊息。,
action.utility.observe.name,行動,觀察,
common.action.cancel,行動,取消,
common.action.close,行動,關閉,
common.action.drag,行動,拖拽,
common.action.enable,行動,開啟,
common.action.execute,行動,執行,
common.action.open,行動,打開,
common.modal.click-blank-cancel,行動,點擊空白處取消,
common.modal.click-blank-close,行動,點擊空白處關閉,
common.state.off,行動,關,
common.state.off-short,行動,閉,
common.state.on,行動,開,
common.state.on-short,行動,啟,
common.unit.grid,行動,格,
common.unit.minute,行動,分鐘,
building.toast.not-buildable-world,營造,當前不在可建造世界,
building.toast.select-requirement,營造,請先選擇{label},
building.toast.submitted,營造,已提交建造意圖,
chat.combat.actual-damage,戰鬥日誌,造成傷害 {amount},原'實際傷害'
chat.combat.actual-heal,戰鬥日誌,實際治療 {amount},
chat.combat.dodge,戰鬥日誌,閃避,
chat.combat.raw-damage,戰鬥日誌,基礎傷害 {amount},原'原始傷害'
chat.combat.raw-heal,戰鬥日誌,基礎治療 {amount},原'原始治療'
craft.workbench.level.short,製造技藝,Lv.{level},
craft.workbench.modal.subtitle.alchemy,製造技藝,煉丹 Lv.{level},
craft.workbench.modal.subtitle.default,製造技藝,製造型技藝,
craft.workbench.modal.subtitle.enhancement,製造技藝,強化 Lv.{level},
craft.workbench.modal.subtitle.forging,製造技藝,煉器 Lv.{level},
craft.workbench.modal.title,製造技藝,製造技藝,
craft.workbench.mode.alchemy,製造技藝,煉丹,
craft.workbench.mode.craft,製造技藝,製造,
craft.workbench.mode.enhancement,製造技藝,強化,
craft.workbench.mode.forging,製造技藝,煉器,
craft.workbench.mode.technique,製造技藝,製造技藝,
craft.workbench.profession.description.alchemy,製造技藝,以丹方、主藥與輔藥煉成丹藥，可批量煉製。,
craft.workbench.profession.description.default,製造技藝,製造型技藝共用任務隊列。,
craft.workbench.profession.description.enhancement,製造技藝,使用強化錘與材料淬鍊裝備或法寶，逐級提升。強化失敗時若無保護，等級直接歸零；若有保護，則僅降一級。,
craft.workbench.profession.description.forging,製造技藝,以器方與玄鐵鍛造技藝工具，成功率與加速方式同煉丹。,
craft.workbench.queue.active,製造技藝,進行中,
craft.workbench.queue.empty,製造技藝,暫無製造任務。,
craft.workbench.queue.pending,製造技藝,排隊 {index},
craft.workbench.queue.target-level,製造技藝,目標 +{level},
craft.workbench.queue.title,製造技藝,當前任務隊列,
craft.workbench.time.ticks,製造技藝,{ticks} 息,
craft.workbench.time.zero,製造技藝,0 息,
craft.workbench.unit.item,製造技藝,件,
craft.workbench.unit.pill,製造技藝,枚,
equipment.action.unequip,裝備,卸下,
equipment.artifact.disabled,裝備,停用,
equipment.artifact.empty,裝備,未裝備,
equipment.artifact.enabled,裝備,啟用,
equipment.artifact.locked,裝備,半步金丹後開啟,
equipment.artifact.qi,裝備,靈力 {current} / {max} 點,
equipment.effect.current-resource-cost,裝備,{percent} 當前{resource},
equipment.effect.max-resource-cost,裝備,{percent} 最大{resource},
equipment.effect.no-value-change,裝備,無數值變化,
equipment.effect.periodic-cost,裝備,代價:{trigger}損失 {mode}{condition},
equipment.effect.stat-aura,裝備,特效:{effects}{condition},
equipment.effect.timed-buff,裝備,觸發:{trigger}獲得 {buffName} {duration}息{condition}{effects},
equipment.effect.timed-buff-effects,裝備,，效果:{effects},
equipment.empty.affixes,裝備,暫無詞條,
equipment.empty.all,裝備,尚未裝備任何物品,
equipment.empty.artifact,裝備,暫無法寶,
equipment.empty.combat,裝備,尚未裝備任何物品,
equipment.empty.slot-meta,裝備,尚未裝備,
equipment.empty.slot-short,裝備,未著,
equipment.empty.technique,裝備,尚未裝備技藝工具,
equipment.resource.hp,裝備,生命,
equipment.resource.qi,裝備,靈力,
equipment.tab.artifact,裝備,法寶,
equipment.tab.combat,裝備,裝備,
equipment.tab.technique,裝備,技藝,
equipment.title,裝備,裝備欄,
equipment.trigger.cultivation-tick,裝備,修煉時每息,
equipment.trigger.on-attack,裝備,攻擊後,
equipment.trigger.on-cultivation-tick,裝備,修煉時,
equipment.trigger.on-enter-map,裝備,入圖時,
equipment.trigger.on-equip,裝備,裝備時,
equipment.trigger.on-hit,裝備,受擊後,
equipment.trigger.on-kill,裝備,擊殺後,
equipment.trigger.on-move,裝備,移動後,
equipment.trigger.on-skill-cast,裝備,施法後,
equipment.trigger.on-tick,裝備,每息,
equipment.trigger.on-time-segment-changed,裝備,時段切換時,
equipment.trigger.on-unequip,裝備,卸下時,
equipment.trigger.tick,裝備,每息,
equipment-tooltip.buff.default-mark,裝備提示,氣,範圍D固定前端可見文本
equipment-tooltip.buff.stack-limit.comma,裝備提示,，最多 {stackLimit} 層,範圍D固定前端可見文本
equipment-tooltip.buff.stack-limit.suffix,裝備提示,· 最多 {stackLimit} 層,範圍D固定前端可見文本
equipment-tooltip.chance.line,裝備提示,觸發概率：{chance},範圍D固定前端可見文本
equipment-tooltip.condition.cultivating,裝備提示,僅修煉中生效,範圍D固定前端可見文本
equipment-tooltip.condition.has-buff,裝備提示,需帶有 {buffName}{stacks},範圍D固定前端可見文本
equipment-tooltip.condition.hp-ratio,裝備提示,生命 {op} {value},範圍D固定前端可見文本
equipment-tooltip.condition.line,裝備提示,條件：{conditions},範圍D固定前端可見文本
equipment-tooltip.condition.map,裝備提示,地圖：{value},範圍D固定前端可見文本
equipment-tooltip.condition.min-stacks,裝備提示,{stacks} 層,範圍D固定前端可見文本
equipment-tooltip.condition.not-cultivating,裝備提示,僅未修煉時生效,範圍D固定前端可見文本
equipment-tooltip.condition.qi-ratio,裝備提示,靈力 {op} {value},範圍D固定前端可見文本
equipment-tooltip.condition.target-kind,裝備提示,目標：{value},範圍D固定前端可見文本
equipment-tooltip.condition.time,裝備提示,時段：{value},範圍D固定前端可見文本
equipment-tooltip.consumable.active-cooldown,裝備提示,當前冷卻：{left} / {cooldown} 息,範圍D固定前端可見文本
equipment-tooltip.consumable.baseline-heal-amount,裝備提示,恢復 {amount} 點氣血,範圍D固定前端可見文本
equipment-tooltip.consumable.baseline-heal-percent,裝備提示,恢復標準生命 {percent},範圍D固定前端可見文本
equipment-tooltip.consumable.baseline-qi-amount,裝備提示,恢復 {amount} 點靈力,範圍D固定前端可見文本
equipment-tooltip.consumable.bind-respawn,裝備提示,使用效果：綁定復活點與遁返落點,範圍D固定前端可見文本
equipment-tooltip.consumable.buff,裝備提示,藥效：{name}{meta},範圍D固定前端可見文本
equipment-tooltip.consumable.buff-duration,裝備提示,持續 {duration} 息,範圍D固定前端可見文本
equipment-tooltip.consumable.buff-max-stacks,裝備提示,最多 {stacks} 層,範圍D固定前端可見文本
equipment-tooltip.consumable.cooldown,裝備提示,使用冷卻：{cooldown} 息,範圍D固定前端可見文本
equipment-tooltip.consumable.heal-amount,裝備提示,恢復 {amount} 點氣血,範圍D固定前端可見文本
equipment-tooltip.consumable.heal-percent,裝備提示,恢復 {percent} 氣血,範圍D固定前端可見文本
equipment-tooltip.consumable.instant,裝備提示,立即效果：{value},範圍D固定前端可見文本
equipment-tooltip.consumable.instant-resource,裝備提示,立即效果：{resource} +{amount},範圍D固定前端可見文本
equipment-tooltip.consumable.qi-percent,裝備提示,恢復 {percent} 真氣,範圍D固定前端可見文本
equipment-tooltip.consumable.unlock-map,裝備提示,使用效果：永久解鎖對應地圖,範圍D固定前端可見文本
equipment-tooltip.cooldown.line,裝備提示,冷卻：{cooldown} 息,範圍D固定前端可見文本
equipment-tooltip.cooldown.meta,裝備提示,冷卻 {cooldown} 息,範圍D固定前端可見文本
equipment-tooltip.craft.alchemy,裝備提示,煉丹,範圍D固定前端可見文本
equipment-tooltip.craft.building,裝備提示,營造,範圍D固定前端可見文本
equipment-tooltip.craft.enhancement,裝備提示,強化,範圍D固定前端可見文本
equipment-tooltip.craft.forging,裝備提示,煉器,範圍D固定前端可見文本
equipment-tooltip.craft.formation,裝備提示,陣法,範圍D固定前端可見文本
equipment-tooltip.craft.gather,裝備提示,採集,範圍D固定前端可見文本
equipment-tooltip.craft.mining,裝備提示,挖礦,範圍D固定前端可見文本
equipment-tooltip.craft.transmission,裝備提示,傳法,範圍D固定前端可見文本
equipment-tooltip.desc.line,裝備提示,說明：{desc},範圍D固定前端可見文本
equipment-tooltip.duration.with-stack,裝備提示,{duration} 息{stack},範圍D固定前端可見文本
equipment-tooltip.effect.line,裝備提示,效果：{effects},範圍D固定前端可見文本
equipment-tooltip.effect.no-change,裝備提示,無數值變化,範圍D固定前端可見文本
equipment-tooltip.effectiveness.detail,裝備提示,{effective}（強化 {enhancement} × 境界 {realm}）,範圍D固定前端可見文本
equipment-tooltip.effectiveness.factor.enhancement,裝備提示,強化{value},範圍D固定前端可見文本
equipment-tooltip.effectiveness.factor.realm-low,裝備提示,境界過低{value},範圍D固定前端可見文本
equipment-tooltip.effectiveness.summary,裝備提示,{value}{factors},範圍D固定前端可見文本
equipment-tooltip.element.earth,裝備提示,土,範圍D固定前端可見文本
equipment-tooltip.element.fire,裝備提示,火,範圍D固定前端可見文本
equipment-tooltip.element.metal,裝備提示,金,範圍D固定前端可見文本
equipment-tooltip.element.none,裝備提示,無屬性,範圍D固定前端可見文本
equipment-tooltip.element.water,裝備提示,水,範圍D固定前端可見文本
equipment-tooltip.element.wood,裝備提示,木,範圍D固定前端可見文本
equipment-tooltip.equipped.attrs,裝備提示,裝備屬性：{attrs},範圍D固定前端可見文本
equipment-tooltip.equipped.mark,裝備提示,裝,範圍D固定前端可見文本
equipment-tooltip.equipped.slot,裝備提示,部位：{slot},範圍D固定前端可見文本
equipment-tooltip.equipped.title,裝備提示,已裝備,範圍D固定前端可見文本
equipment-tooltip.label.category,裝備提示,分類,範圍D固定前端可見文本
equipment-tooltip.label.conditions,裝備提示,生效條件,範圍D固定前端可見文本
equipment-tooltip.label.element-values,裝備提示,五行數值,範圍D固定前端可見文本
equipment-tooltip.label.equipment-attrs,裝備提示,裝備屬性,範圍D固定前端可見文本
equipment-tooltip.label.periodic-cost,裝備提示,持續代價,範圍D固定前端可見文本
equipment-tooltip.label.progress-boost,裝備提示,推進特效,範圍D固定前端可見文本
equipment-tooltip.label.slot,裝備提示,部位,範圍D固定前端可見文本
equipment-tooltip.label.source,裝備提示,來源,範圍D固定前端可見文本
equipment-tooltip.label.stat-aura,裝備提示,常駐特效,範圍D固定前端可見文本
equipment-tooltip.label.status,裝備提示,狀態,範圍D固定前端可見文本
equipment-tooltip.label.tags,裝備提示,標籤,範圍D固定前端可見文本
equipment-tooltip.label.timed-buff,裝備提示,觸發增益,範圍D固定前端可見文本
equipment-tooltip.label.trigger-conditions,裝備提示,觸發條件,範圍D固定前端可見文本
equipment-tooltip.label.type,裝備提示,類型,範圍D固定前端可見文本
equipment-tooltip.material-values.elements,裝備提示,五行：{values},範圍D固定前端可見文本
equipment-tooltip.material.exotic,裝備提示,異材,範圍D固定前端可見文本
equipment-tooltip.material.herb,裝備提示,藥材,範圍D固定前端可見文本
equipment-tooltip.material.ore,裝備提示,礦石,範圍D固定前端可見文本
equipment-tooltip.medicine-category.buff,裝備提示,增益,範圍D固定前端可見文本
equipment-tooltip.medicine-category.hp,裝備提示,生命回覆,範圍D固定前端可見文本
equipment-tooltip.medicine-category.qi,裝備提示,靈力回覆,範圍D固定前端可見文本
equipment-tooltip.medicine-category.special,裝備提示,特殊,範圍D固定前端可見文本
equipment-tooltip.periodic-cost.current-ratio,裝備提示,{value} 當前{resource},範圍D固定前端可見文本
equipment-tooltip.periodic-cost.max-ratio,裝備提示,{value} 最大{resource},範圍D固定前端可見文本
equipment-tooltip.periodic-cost.value,裝備提示,{trigger}損失 {value},範圍D固定前端可見文本
equipment-tooltip.plain.conditions,裝備提示,生效條件：{value},範圍D固定前端可見文本
equipment-tooltip.plain.periodic-cost,裝備提示,持續代價：{trigger}損失 {value},範圍D固定前端可見文本
equipment-tooltip.plain.progress-boost,裝備提示,推進特效：{value},範圍D固定前端可見文本
equipment-tooltip.plain.stat-aura,裝備提示,常駐特效：{value},範圍D固定前端可見文本
equipment-tooltip.plain.timed-buff,裝備提示,觸發增益：{name} {meta},範圍D固定前端可見文本
equipment-tooltip.plain.trigger-conditions,裝備提示,觸發條件：{value},範圍D固定前端可見文本
equipment-tooltip.qi-family.aura,裝備提示,靈氣,範圍D固定前端可見文本
equipment-tooltip.qi-family.demonic,裝備提示,魔氣,範圍D固定前端可見文本
equipment-tooltip.qi-family.sha,裝備提示,煞氣,範圍D固定前端可見文本
equipment-tooltip.qi-form.dispersed,裝備提示,逸散,範圍D固定前端可見文本
equipment-tooltip.qi-form.refined,裝備提示,凝練,範圍D固定前端可見文本
equipment-tooltip.resource.hp,裝備提示,氣血,範圍D固定前端可見文本
equipment-tooltip.resource.life,裝備提示,生命,範圍D固定前端可見文本
equipment-tooltip.resource.qi,裝備提示,靈力,範圍D固定前端可見文本
equipment-tooltip.special.comprehension,裝備提示,悟性 {value},範圍D固定前端可見文本
equipment-tooltip.special.luck,裝備提示,幸運 {value},範圍D固定前端可見文本
equipment-tooltip.status.cooldown,裝備提示,冷卻 {cooldown} 息,範圍D固定前端可見文本
equipment-tooltip.status.learned,裝備提示,已學,範圍D固定前端可見文本
equipment-tooltip.status.read,裝備提示,已閱,範圍D固定前端可見文本
equipment-tooltip.tag.alchemy-furnace,裝備提示,煉丹工具,範圍D固定前端可見文本
equipment-tooltip.tag.building-hammer,裝備提示,營造錘,範圍D固定前端可見文本
equipment-tooltip.tag.enhancement-hammer,裝備提示,強化錘,範圍D固定前端可見文本
equipment-tooltip.tag.forging-tool,裝備提示,煉器工具,範圍D固定前端可見文本
equipment-tooltip.tag.mining-pickaxe,裝備提示,礦鎬,範圍D固定前端可見文本
equipment-tooltip.target-kind.tile,裝備提示,地塊,範圍D固定前端可見文本
equipment-tooltip.target.enemy,裝備提示,目標,範圍D固定前端可見文本
equipment-tooltip.target.self,裝備提示,自身,範圍D固定前端可見文本
equipment-tooltip.technique-book.desc,裝備提示,描述,範圍D固定前端可見文本
equipment-tooltip.technique-book.grade,裝備提示,品階,範圍D固定前端可見文本
equipment-tooltip.technique-book.max-attrs,裝備提示,滿層屬性,範圍D固定前端可見文本
equipment-tooltip.technique-book.no-desc,裝備提示,此物無言,範圍D固定前端可見文本
equipment-tooltip.technique-book.realm,裝備提示,境界,範圍D固定前端可見文本
equipment-tooltip.technique-book.skills-label,裝備提示,附帶技能{count},範圍D固定前端可見文本
equipment-tooltip.technique-book.technique,裝備提示,功法,範圍D固定前端可見文本
equipment-tooltip.tile-resource.aura,裝備提示,所處之地靈力,範圍D固定前端可見文本
equipment-tooltip.tile-resource.qi,裝備提示,當前地塊{element}{form}{family},範圍D固定前端可見文本
equipment-tooltip.tile-resource.unknown,裝備提示,當前地塊資源 {resourceKey},範圍D固定前端可見文本
equipment-tooltip.timed-buff.meta,裝備提示,{trigger} · {target} · {duration} 息{stack},範圍D固定前端可見文本
equipment-tooltip.trigger.each-cultivation-tick,裝備提示,修煉時每息,範圍D固定前端可見文本
equipment-tooltip.trigger.each-tick,裝備提示,每息,範圍D固定前端可見文本
equipment-tooltip.trigger.on-attack,裝備提示,攻擊後,範圍D固定前端可見文本
equipment-tooltip.trigger.on-cultivation-tick,裝備提示,修煉時,範圍D固定前端可見文本
equipment-tooltip.trigger.on-enter-map,裝備提示,入圖時,範圍D固定前端可見文本
equipment-tooltip.trigger.on-equip,裝備提示,裝備時,範圍D固定前端可見文本
equipment-tooltip.trigger.on-hit,裝備提示,受擊後,範圍D固定前端可見文本
equipment-tooltip.trigger.on-kill,裝備提示,擊殺後,範圍D固定前端可見文本
equipment-tooltip.trigger.on-move,裝備提示,移動後,範圍D固定前端可見文本
equipment-tooltip.trigger.on-skill-cast,裝備提示,施法後,範圍D固定前端可見文本
equipment-tooltip.trigger.on-tick,裝備提示,每息,範圍D固定前端可見文本
equipment-tooltip.trigger.on-time-segment-changed,裝備提示,時段切換時,範圍D固定前端可見文本
equipment-tooltip.trigger.on-unequip,裝備提示,卸下時,範圍D固定前端可見文本
equipment-tooltip.utility.building-speed,裝備提示,建造速度 {value},範圍D固定前端可見文本
equipment-tooltip.utility.enhancement-speed,裝備提示,強化速度 {value},範圍D固定前端可見文本
equipment-tooltip.utility.enhancement-success,裝備提示,強化成功修正 {value},範圍D固定前端可見文本
equipment-tooltip.utility.exp,裝備提示,{craft}經驗 {value},範圍D固定前端可見文本
equipment-tooltip.utility.mining-damage,裝備提示,挖礦速度 {value},範圍D固定前端可見文本
equipment-tooltip.utility.mining-drop,裝備提示,礦物額外概率 {value},範圍D固定前端可見文本
equipment-tooltip.utility.output,裝備提示,{craft}產出 {value},範圍D固定前端可見文本
equipment-tooltip.utility.speed,裝備提示,{craft}速度 {value},範圍D固定前端可見文本
equipment-tooltip.utility.success,裝備提示,{craft}成功 {value},範圍D固定前端可見文本
equipment-tooltip.value.none,裝備提示,無,範圍D固定前端可見文本
equipment-tooltip.value.unknown,裝備提示,未知,範圍D固定前端可見文本
gm.bot.not-selected,GM,當前選中目標不是機器人,
gm.bot.remove-all.done,GM,已提交移除全部機器人,
gm.bot.remove-all.started,GM,正在移除全部機器人...,
gm.bot.remove.failed,GM,移除機器人失敗,
gm.bot.removed,GM,已移除機器人 {name},
gm.bot.removing,GM,正在移除機器人 {name}...,缺失 key 自動補齊
gm.bot.spawn.anchor-required,GM,請先選擇一個角色作為生成錨點,
gm.bot.spawn.count-invalid,GM,機器人數量必須為正整數,
gm.bot.spawn.failed,GM,生成機器人失敗,
gm.bot.spawn.started,GM,已提交在 {name} 附近生成 {count} 個機器人,
gm.client.account-restriction.allowed,GM,可登入,缺失 key 自動補齊
gm.client.account-restriction.banned,GM,已封禁,缺失 key 自動補齊
gm.client.account-status.abnormal,GM,異常,缺失 key 自動補齊
gm.client.account-status.banned,GM,封禁,缺失 key 自動補齊
gm.client.account-status.normal,GM,正常,缺失 key 自動補齊
gm.client.activity.last-heartbeat,GM,最近心跳時間,缺失 key 自動補齊
gm.client.activity.latest-record,GM,最近活動記錄,缺失 key 自動補齊
gm.client.activity.legacy-heartbeat-note,GM,該時間來自舊心跳語義，不等同於可靠離線時間。,缺失 key 自動補齊
gm.client.activity.no-record,GM,暫無可靠記錄,缺失 key 自動補齊
gm.client.activity.online.no-heartbeat-note,GM,當前未返回可靠的本次上線時間。,缺失 key 自動補齊
gm.client.activity.online.no-record,GM,當前線上，暫無可靠記錄,缺失 key 自動補齊
gm.client.activity.updated-at,GM,最近存檔時間,缺失 key 自動補齊
gm.client.editor-catalog.action-paused,GM,{actionLabel}已暫停：GM 編輯目錄未從服務端加載成功，當前僅允許查看本地參考標籤，避免提交過期目錄數據,缺失 key 自動補齊
gm.client.editor-catalog.local-fallback-note,GM,服務端編輯目錄加載失敗，當前僅保留本地參考標籤；模板快捷寫入已停用，避免把本地目錄直接寫回服務端。,缺失 key 自動補齊
gm.client.editor-catalog.unavailable-note,GM,編輯目錄尚未加載完成，模板快捷寫入暫不可用。,缺失 key 自動補齊
gm.client.editor.meta.catalog-local-fallback,GM,目錄: 本地回退,缺失 key 自動補齊
gm.client.editor.meta.catalog-unavailable,GM,目錄: 未加載,缺失 key 自動補齊
gm.client.editor.meta.risk,GM,風險 {score} · {level},缺失 key 自動補齊
gm.client.editor.subtitle.account,GM,賬號: {accountName},缺失 key 自動補齊
gm.client.editor.subtitle.display-name,GM,顯示名: {displayName},缺失 key 自動補齊
gm.client.editor.subtitle.map,GM,"地圖: {mapName} ({x}, {y})",缺失 key 自動補齊
gm.client.editor.subtitle.persisted-at,GM,最近落盤: {time},缺失 key 自動補齊
gm.client.editor.subtitle.runtime-player,GM,最近落盤: 運行時角色,缺失 key 自動補齊
gm.client.player-list.identity-with-risk-tags,GM,{identity} · 命中: {tags},缺失 key 自動補齊
gm.client.player-list.meta,GM,賬號: {accountName} · 狀態: {status} · 風險: {riskScore} ({riskLevel}),缺失 key 自動補齊
gm.client.position.category.real,GM,現世,缺失 key 自動補齊
gm.client.position.category.secret,GM,秘境,缺失 key 自動補齊
gm.client.position.category.sect,GM,宗門,缺失 key 自動補齊
gm.client.position.category.void,GM,虛境,缺失 key 自動補齊
gm.client.risk-level.critical,GM,極高風險,缺失 key 自動補齊
gm.client.risk-level.high,GM,高風險,缺失 key 自動補齊
gm.client.risk-level.low,GM,低風險,缺失 key 自動補齊
gm.client.risk-level.medium,GM,中風險,缺失 key 自動補齊
gm.client.risk.account.admin-joined,GM,已加入,缺失 key 自動補齊
gm.client.risk.account.admin-list,GM,管理員名單：{state},缺失 key 自動補齊
gm.client.risk.account.admin-not-joined,GM,未加入,缺失 key 自動補齊
gm.client.risk.account.created-at,GM,註冊時間：{time},缺失 key 自動補齊
gm.client.risk.account.last-login,GM,最近登入：{time},缺失 key 自動補齊
gm.client.risk.account.status,GM,賬號狀態：{status},缺失 key 自動補齊
gm.client.risk.factor.no-evidence,GM,當前維度暫無額外證據。,缺失 key 自動補齊
gm.client.risk.factors.note,GM,每個維度都會給出分數、摘要和命中的證據。,缺失 key 自動補齊
gm.client.risk.factors.title,GM,維度明細,缺失 key 自動補齊
gm.client.risk.no-manageable-account,GM,當前目標沒有可管理賬號，風險檢測會按異常賬號綁定處理。,缺失 key 自動補齊
gm.client.risk.overview.note,GM,這裡展示賬號真源、命名模式、相似賬號簇、重複 IP/設備與坊市關係的低頻檢測結果，不會自動封號。,缺失 key 自動補齊
gm.client.risk.overview.title,GM,風險總覽,缺失 key 自動補齊
gm.client.risk.recommendation.index,GM,建議 {index},缺失 key 自動補齊
gm.client.risk.recommendations.note,GM,只提供複核順序，資產或賬號處置仍必須由 GM 人工確認。,缺失 key 自動補齊
gm.client.risk.recommendations.title,GM,處置建議,缺失 key 自動補齊
gm.client.risk.score,GM,總分 {score} / {maxScore},缺失 key 自動補齊
gm.client.version.reload,GM,檢測到前端新版本，正在刷新頁面,缺失 key 自動補齊
gm.common.close,GM,關閉,缺失 key 自動補齊
gm.database.detail-unavailable,GM,當前數據庫詳情暫不可用。,
gm.database.download.failed,GM,下載數據庫備份失敗,
gm.database.downloaded,GM,已下載數據庫備份 {fileName},
gm.database.export-started,GM,已開始導出當前數據庫：{backupId},
gm.database.export.failed,GM,導出數據庫失敗,
gm.database.import.choose-file,GM,請先選擇要導入的數據庫備份文件,
gm.database.import.confirm-upload,GM,"將上傳 {fileName}，隨後用它覆蓋當前主線數據庫。
服務端仍會先生成一份導入前備份，並斷開線上玩家連接。是否繼續？",
gm.database.import.file-selected-ready,GM,已選擇 {fileLabel}，可以上傳。,缺失 key 自動補齊
gm.database.import.file-selected-unsupported,GM,已選擇 {fileLabel}，但格式不支持。,缺失 key 自動補齊
gm.database.import.file-unsupported,GM,文件 {fileName} 格式不支持。,缺失 key 自動補齊
gm.database.import.no-file,GM,尚未選擇文件,缺失 key 自動補齊
gm.database.import.selected,GM,已選擇數據庫備份：{fileName},
gm.database.import.unsupported,GM,僅支持新版 PostgreSQL 自定義備份（.dump）,
gm.database.import.uploaded-with-size,GM,已上傳 {fileName}（{fileSize}）,缺失 key 自動補齊
gm.database.import.uploading,GM,正在上傳 {fileName}（{fileSize}）...,缺失 key 自動補齊
gm.database.restore.confirm,GM,"將使用備份 {fileName} 覆蓋當前主線數據庫。
服務端會先自動生成一份導入前備份，並斷開線上玩家連接。是否繼續？",
gm.database.restore.failed,GM,導入數據庫失敗,
gm.database.restore.started,GM,已開始恢復數據庫備份：{backupId},
gm.database.restore.unsupported-history,GM,硬切後只支持恢復新版 PostgreSQL 自定義備份，不再支持歷史 JSON 快照,
gm.database.state.refresh.failed,GM,刷新數據庫狀態失敗,
gm.database.synced-backups,GM,已同步 {count} 份數據庫備份,
gm.database.target-missing,GM,目標備份不存在,
gm.database.upload-and-restore.failed,GM,上傳並導入數據庫失敗,
gm.database.upload.failed,GM,上傳數據庫備份失敗,
gm.database.uploaded,GM,已上傳數據庫備份：{fileName},
gm.duration.days,GM,{days}天 {hours}時 {minutes}分,
gm.duration.hours,GM,{hours}時 {minutes}分 {seconds}秒,
gm.duration.minutes,GM,{minutes}分 {seconds}秒,
gm.duration.seconds,GM,{seconds}秒,
gm.editor.catalog.binding-unavailable,GM,編輯目錄未加載，無法綁定模板。,缺失 key 自動補齊
gm.editor.catalog.buff-unavailable,GM,服務端編輯目錄不可用，當前不能用模板方式新增增益。,
gm.editor.catalog.choose-equipment-template,GM,請先選擇一個裝備模板,
gm.editor.catalog.choose-item-template,GM,請先選擇一個物品模板,
gm.editor.catalog.choose-technique-template,GM,請先選擇一個功法模板,
gm.editor.catalog.equipment-unavailable,GM,服務端編輯目錄不可用，當前不能用模板方式建立裝備。,
gm.editor.catalog.item-unavailable,GM,服務端編輯目錄不可用，當前不能用模板方式加入物品。,
gm.editor.catalog.load-failed,GM,GM 編輯目錄加載失敗，當前僅保留本地參考標籤；目錄型編輯與帶附件郵件已暫停，避免提交過期模板數據。,
gm.editor.catalog.mail-attachment-unavailable,GM,服務端編輯目錄不可用，當前不能用模板方式新增郵件附件。,
gm.editor.catalog.no-send-target,GM,當前沒有可發送郵件的角色,
gm.editor.catalog.technique-unavailable,GM,服務端編輯目錄不可用，當前不能用模板方式加入功法。,
gm.loading-database-detail,GM,正在加載數據庫詳情…,
gm.loading-player-detail,GM,正在加載角色詳情…,
gm.login.enter-password,GM,請輸入 GM 密碼,缺失 key 自動補齊
gm.login.failed,GM,登入失敗,
gm.login.token-issued,GM,登入成功，有效期約 {hours} 小時,缺失 key 自動補齊
gm.mail.broadcast.sent,GM,群發郵件已發送：{batchId}，收件 {recipientCount} 人,缺失 key 自動補齊
gm.mail.compose.required,GM,標題、正文和附件至少填寫一項,
gm.mail.no-target,GM,當前沒有可發送郵件的角色,
gm.mail.send-all,GM,群發郵件,缺失 key 自動補齊
gm.mail.send-all.note,GM,發送給所有非機器人角色,缺失 key 自動補齊
gm.mail.send-to-player,GM,發給 {roleName},缺失 key 自動補齊
gm.mail.send-to-player.note,GM,發送給當前選中的角色,缺失 key 自動補齊
gm.mail.sender.default,GM,司命臺,
gm.mail.sent,GM,已向 {roleName} 發送郵件：{mailId},
gm.network.large-payload.empty,GM,這個流量項當前沒有可查看的大包樣本,
gm.network.large-payload.expired,GM,大包樣本已過期,缺失 key 自動補齊
gm.network.large-payload.limit-note,GM,記錄最近 {count} 個超過 1 KB 的完整實際包體,
gm.network.large-payload.modal-title,GM,網路包體內容,
gm.network.large-payload.sample-meta,GM,{event} · {recordedAt} · payload {payloadBytes} · packet {packetBytes},
gm.none,GM,無,
gm.offline,GM,離線,
gm.password.change.fill-both,GM,請填寫當前密碼和新密碼,缺失 key 自動補齊
gm.password.updated,GM,GM 密碼已更新,缺失 key 自動補齊
gm.perf.cpu.reset.done,GM,CPU 統計已重置,
gm.perf.cpu.reset.failed,GM,重置 CPU 統計失敗,
gm.perf.network.reset.done,GM,流量統計已重置,
gm.perf.network.reset.failed,GM,重置流量統計失敗,
gm.perf.pathfinding.reset.done,GM,尋路統計已重置,
gm.perf.pathfinding.reset.failed,GM,重置尋路統計失敗,
gm.player-list.empty,GM,沒有符合篩選條件的角色。,
gm.player-list.page-meta,GM,第 {page} / {totalPages} 頁 · 共 {total} 條,
gm.player.account.ban.failed,GM,封禁賬號失敗,
gm.player.account.ban.no-target,GM,當前目標沒有可封禁的賬號,
gm.player.account.ban.updating,GM,正在封禁賬號 {username}...,缺失 key 自動補齊
gm.player.account.banned,GM,賬號 {username} 已封禁,缺失 key 自動補齊
gm.player.account.fill,GM,請填寫賬號,
gm.player.account.no-target,GM,當前目標沒有可修改的賬號,
gm.player.account.unban.failed,GM,解封賬號失敗,
gm.player.account.unban.no-target,GM,當前目標沒有可解封的賬號,
gm.player.account.unban.updating,GM,正在解除賬號 {username} 的封禁...,缺失 key 自動補齊
gm.player.account.unbanned,GM,賬號 {username} 已解除封禁,缺失 key 自動補齊
gm.player.account.unchanged,GM,賬號未變化,
gm.player.account.updated,GM,已將賬號從 {oldUsername} 修改為 {newUsername},
gm.player.account.updating,GM,正在更新賬號 {username}...,缺失 key 自動補齊
gm.player.catalog.save-paused,GM,{tabLabel}保存已暫停：GM 編輯目錄未從服務端加載成功，避免提交過期目錄數據,
gm.player.choose,GM,請先選擇角色,
gm.player.combat-exp.invalid,GM,請輸入整數戰鬥經驗調整值,
gm.player.combat-exp.updated,GM,{name} 的戰鬥經驗已調整 {amount},缺失 key 自動補齊
gm.player.combat-exp.updating,GM,正在調整 {name} 的戰鬥經驗...,缺失 key 自動補齊
gm.player.detail-load-failed,GM,加載角色詳情失敗,
gm.player.detail-loaded,GM,已加載角色 {name},缺失 key 自動補齊
gm.player.detail-unavailable,GM,當前角色詳情暫不可用。,
gm.player.foundation.invalid,GM,請輸入整數底蘊調整值,
gm.player.foundation.updated,GM,{name} 的底蘊已調整 {amount},缺失 key 自動補齊
gm.player.foundation.updating,GM,正在調整 {name} 的底蘊...,缺失 key 自動補齊
gm.player.heaven-gate.reset.done,GM,已重置 {name} 的天門測試狀態,
gm.player.heaven-gate.reset.failed,GM,重置天門失敗,
gm.player.heaven-gate.reset.started,GM,正在重置 {name} 的天門測試狀態...,
gm.player.heaven-gate.reset.updating,GM,正在重置 {name} 的天門...,缺失 key 自動補齊
gm.player.inventory-full-consumables,GM,當前角色已擁有全部消耗品，且數量不低於 999,
gm.player.inventory-full-equipment,GM,當前角色背包已擁有全部裝備,
gm.player.inventory-updated,GM,{label}背包已更新：{detail},缺失 key 自動補齊
gm.player.learned-all-techniques,GM,當前角色已經學會目錄內全部功法,
gm.player.learned-all-techniques.sent,GM,已添加 {count} 門未學功法,缺失 key 自動補齊
gm.player.list.failed,GM,玩家列表加載失敗,缺失 key 自動補齊
gm.player.no-consumable-template,GM,當前目錄沒有消耗品模板,
gm.player.no-editable,GM,當前沒有可編輯角色,
gm.player.no-equipment-template,GM,當前目錄沒有裝備模板,
gm.player.no-learned-techniques,GM,當前角色還沒有已學習功法,
gm.player.no-removable-techniques,GM,當前角色沒有可移除的已學功法,
gm.player.no-save-content,GM,當前沒有可保存內容,
gm.player.no-shortcut-changes,GM,當前沒有需要提交的快捷改動,
gm.player.no-unlearned-technique-books,GM,當前沒有可補發的未學習功法書,
gm.player.no-unlearned-technique-books.sent,GM,已發放 {count} 本未學功法書,缺失 key 自動補齊
gm.player.password.failed,GM,密碼修改失敗：{message},缺失 key 自動補齊
gm.player.password.fill-new,GM,請填寫新密碼,
gm.player.password.no-target,GM,當前目標沒有可修改的賬號密碼,
gm.player.password.save-button,GM,修改賬號密碼,缺失 key 自動補齊
gm.player.password.saving-button,GM,正在保存…,缺失 key 自動補齊
gm.player.password.updated,GM,已修改賬號 {username} 的密碼，服務端已按哈希保存,
gm.player.password.updating,GM,正在更新賬號 {username} 的密碼...,缺失 key 自動補齊
gm.player.refreshed,GM,已刷新 {name} 的角色詳情,
gm.player.reset.done,GM,角色 {name} 已重置,缺失 key 自動補齊
gm.player.reset.failed,GM,重置失敗,
gm.player.reset.no-target,GM,請先選擇角色,
gm.player.reset.updating,GM,正在重置角色 {name}...,缺失 key 自動補齊
gm.player.save-done,GM,已提交 {name} 的{tabLabel}修改,
gm.player.save-started,GM,正在提交 {name} 的{tabLabel}修改...,
gm.player.section.mail-cannot-save,GM,郵件標籤不參與角色保存，請直接使用郵件表單發送,
gm.player.section.persisted-cannot-save,GM,持久化 JSON 標籤不直接保存，請先應用到可視化標籤,
gm.player.switch.confirm,GM,當前角色有未保存修改，切換後會丟失這些修改。繼續嗎？,缺失 key 自動補齊
gm.player.techniques-maxed,GM,當前全部功法已經處於滿級狀態,
gm.player.techniques-maxed.sent,GM,已將 {count} 門功法提升至滿級,缺失 key 自動補齊
gm.player.techniques-removed,GM,已移除 {count} 門功法,缺失 key 自動補齊
gm.player.training-level.invalid,GM,請輸入非負整數煉體等級,
gm.player.training-level.updated,GM,已將 {name} 的煉體等級更新為 {level},缺失 key 自動補齊
gm.player.training-level.updating,GM,正在更新 {name} 的煉體等級...,缺失 key 自動補齊
gm.presence.offline,GM,離線,
gm.presence.offline-hanging,GM,離線掛機,
gm.presence.online,GM,線上,
gm.redeem.active-empty,GM,當前分組沒有可複製的未使用兌換碼,
gm.redeem.append.failed,GM,追加兌換碼失敗,缺失 key 自動補齊
gm.redeem.appended,GM,已追加 {count} 個兌換碼,
gm.redeem.copied,GM,已複製 {count} 個未使用兌換碼,
gm.redeem.copied-with-group,GM,已複製 {count} 個未使用兌換碼 · {groupName},
gm.redeem.copy-failed,GM,複製未使用兌換碼失敗，請檢查瀏覽器剪貼板權限,
gm.redeem.copy.failed,GM,複製兌換碼失敗,缺失 key 自動補齊
gm.redeem.create.failed,GM,兌換碼建立失敗,缺失 key 自動補齊
gm.redeem.created,GM,已建立分組 {groupName}，並生成 {count} 個兌換碼,
gm.redeem.delete.confirm,GM,確認刪除兌換碼分組“{groupName}”？未使用兌換碼會一併刪除，已有使用記錄的分組會被拒絕。,
gm.redeem.delete.failed,GM,兌換碼分組刪除失敗,
gm.redeem.deleted,GM,已刪除兌換碼分組 {groupName},
gm.redeem.destroy.failed,GM,銷燬兌換碼失敗,缺失 key 自動補齊
gm.redeem.destroyed,GM,兌換碼已銷燬,
gm.redeem.group-name-empty,GM,分組名稱不能為空,
gm.redeem.load.failed,GM,兌換碼分組加載失敗,缺失 key 自動補齊
gm.redeem.loaded,GM,已加載分組 {groupName},
gm.redeem.refresh.failed,GM,兌換碼刷新失敗,缺失 key 自動補齊
gm.redeem.reward-empty,GM,請至少配置一個獎勵物品,
gm.redeem.save.failed,GM,兌換碼保存失敗,缺失 key 自動補齊
gm.redeem.saved,GM,兌換碼分組已保存,
gm.redeem.selected-group-required,GM,請先選擇一個分組,
gm.redeem.synced,GM,已同步 {count} 個兌換碼分組,
gm.refresh.confirm,GM,刷新會丟棄當前未保存的修改。繼續嗎？,
gm.refresh.failed,GM,刷新失敗,缺失 key 自動補齊
gm.request.expired,GM,GM 登入已失效,
gm.request.failed,GM,請求失敗,
gm.request.login-expired,GM,GM 登入已失效，請重新輸入密碼,
gm.request.timeout,GM,請求超時（{seconds} 秒未收到響應），請檢查服務端或稍後重試,缺失 key 自動補齊
gm.response.invalid-player-detail,GM,GM 玩家詳情響應結構異常,
gm.response.invalid-state,GM,GM 狀態響應結構異常,
gm.server.logs.load-older.failed,GM,加載更早服務端日誌失敗,
gm.server.logs.refresh.failed,GM,刷新服務端日誌失敗,
gm.shortcut.cleanup-abnormal-temp.confirm,GM,這會掃描當前運行時全部地圖實例，移除舊版本異常殘留的移崑崙臨時石頭，並對受影響實例刷盤。確認繼續嗎？,
gm.shortcut.cleanup-abnormal-temp.done,GM,異常臨時石頭清理完成：掃描實例 {scannedInstances} 個，影響實例 {affectedInstances} 個，移除 {removedTemporaryTiles} 處，刷盤 {flushedInstances} 個實例,
gm.shortcut.cleanup-invalid.confirm,GM,這會手動清理所有非機器人角色背包、坊市託管倉和裝備欄裡的無效物品。線上角色將在下一息處理並落盤，離線角色會直接改存檔。確認繼續嗎？,
gm.shortcut.cleanup-invalid.done,GM,已提交無效物品清理，共 {totalPlayers} 個角色，運行態 {queuedRuntimePlayers} 個，離線 {updatedOfflinePlayers} 個，移除背包堆疊 {removedInventoryStacks} 個、託管倉堆疊 {removedMarketStorageStacks} 個、裝備欄 {removedEquipment} 件,
gm.shortcut.combat-exp.confirm,GM,這會給所有非機器人角色補償戰鬥經驗。每個角色獲得的數值 = 當前境界升級所需經驗 + 當前煉體境界升級所需經驗。線上角色下一息生效，離線角色會直接改存檔。確認繼續嗎？,
gm.shortcut.combat-exp.done,GM,已提交戰鬥經驗補償，共 {totalPlayers} 個角色，線上 {queuedRuntimePlayers} 個，離線 {updatedOfflinePlayers} 個，累計補償 {combatExp} 點戰鬥經驗,
gm.shortcut.delete-empty-books.cancelled,GM,已取消空白功法殘卷清理。,
gm.shortcut.delete-empty-books.confirm,GM,將永久刪除完全沒有書名和描述、無法恢復功法身份的空白殘卷：命中 {matchedRows} 行，可刪除 {convertedRows} 行，保護或跳過 {skippedRows} 行（有恢復線索、持有凍結靈石或鎖定中）。請先執行修復入口；刪除不可撤銷，確認繼續嗎？,
gm.shortcut.delete-empty-books.done,GM,空白功法殘卷清理完成：命中 {matchedRows} 行，刪除 {convertedRows} 行，跳過 {skippedRows} 行，失敗 {failedRows} 行，回讀殘留 {verifiedRows} 行,
gm.shortcut.delete-empty-books.dry-run-started,GM,正在預覽空白功法殘卷清理影響範圍...,
gm.shortcut.delete-empty-books.noop,GM,沒有可安全刪除的空白功法殘卷。保護或跳過 {skippedRows} 行，請先執行修復入口。,
gm.shortcut.foundation.confirm,GM,這會給所有非機器人角色補償底蘊。每個角色獲得的數值 = 當前境界升級所需經驗的五倍。線上角色下一息生效，離線和離線掛機角色會直接改存檔。確認繼續嗎？,
gm.shortcut.foundation.done,GM,已提交底蘊補償，共 {totalPlayers} 個角色，線上 {queuedRuntimePlayers} 個，離線 {updatedOfflinePlayers} 個，累計補償 {foundation} 點底蘊,
gm.shortcut.migrate-ai-arts.cancelled,GM,已取消舊版 AI 術法草稿遷移。,
gm.shortcut.migrate-ai-arts.confirm,GM,將遷移舊版 AI 術法草稿並重算正式技能：命中 {matchedRows} 條，可轉換 {convertedRows} 條，跳過 {skippedRows} 條，失敗 {failedRows} 條。確認寫入嗎？,
gm.shortcut.migrate-ai-arts.done,GM,舊版 AI 術法草稿遷移完成：命中 {matchedRows} 條，轉換 {convertedRows} 條，跳過 {skippedRows} 條，失敗 {failedRows} 條，驗證 {verifiedRows} 條,
gm.shortcut.migrate-ai-arts.dry-run-started,GM,正在預覽舊版 AI 術法草稿遷移影響範圍...,
gm.shortcut.migrate-ai-arts.noop,GM,沒有需要遷移的舊版 AI 術法草稿。掃描跳過 {skippedRows} 條。,
gm.shortcut.migrate-recovery-pills.confirm,GM,這會把所有非機器人角色背包、坊市託管倉和裝備欄裡的舊恢復丹藥按 1:1 遷移到當前 8 個保留丹藥。線上角色會同步運行態，離線角色會直接改存檔。確認繼續嗎？,
gm.shortcut.migrate-recovery-pills.done,GM,恢復丹藥遷移完成，共 {totalPlayers} 個角色，運行態 {queuedRuntimePlayers} 個，離線 {updatedOfflinePlayers} 個，背包 {inventoryStacks} 堆/{inventoryItems} 枚，託管倉 {marketStorageStacks} 堆/{marketStorageItems} 枚，裝備欄 {equipment} 件,
gm.shortcut.recover-empty-books.cancelled,GM,已取消空白功法殘卷修復。,
gm.shortcut.recover-empty-books.confirm,GM,將按書名唯一匹配已發佈自創功法，校驗品階和境界後補回功法 ID；殘卷同時恢復可修煉層數，歷史普通賣單會轉為傳法臺寄售。命中 {matchedRows} 行，可修復 {convertedRows} 行，跳過 {skippedRows} 行。確認寫入嗎？,
gm.shortcut.recover-empty-books.done,GM,空白功法殘卷修復完成：命中 {matchedRows} 行，修復 {convertedRows} 行，跳過 {skippedRows} 行，失敗 {failedRows} 行，回讀驗證 {verifiedRows} 行,
gm.shortcut.recover-empty-books.dry-run-started,GM,正在預覽空白功法殘卷修復範圍...,
gm.shortcut.recover-empty-books.noop,GM,沒有可自動修復的空白功法殘卷。掃描 {matchedRows} 行，跳過 {skippedRows} 行。,
gm.shortcut.refresh-online-technique-templates.confirm,GM,這會按當前功法模板刷新所有線上玩家已學功法的技能、層數、屬性與自動戰鬥技能；離線玩家下次登入會自動按模板補全。確認繼續嗎？,
gm.shortcut.refresh-online-technique-templates.done,GM,線上玩家功法模板刷新完成：掃描線上 {totalPlayers} 人，更新 {refreshedOnlinePlayers} 人 / {refreshedTechniques} 門功法，缺失模板 {missingTechniqueTemplates} 門,
gm.shortcut.repair-market-storage.confirm,GM,這會一次性修復數據庫中坊市託管倉舊 storage_item_id。修復後運行時不再自動兼容舊ID，確認繼續嗎？,
gm.shortcut.repair-market-storage.done,GM,坊市託管倉舊ID修復完成：修復前異常 {before} 行，修復 {repairedRows} 行 / {repairedPlayers} 人，修復後異常 {after} 行，非法槽位 {invalidSlots} 行,
gm.shortcut.repair-quest-progress.cancelled,GM,已取消歷史任務進度 Payload 修復。,
gm.shortcut.repair-quest-progress.confirm,GM,將修復歷史任務進度 Payload：掃描 {scannedRows} 行，需要修復 {patchedRows} 行，未知舊任務 {unknownRows} 行（{unknownLabel}）。確認寫入嗎？,
gm.shortcut.repair-quest-progress.done,GM,歷史任務進度 Payload 修復完成：掃描 {scannedRows} 行，修復 {patchedRows} 行，未知舊任務 {unknownRows} 行,
gm.shortcut.repair-quest-progress.dry-run-started,GM,正在預覽歷史任務進度 Payload 修復範圍...,
gm.shortcut.repair-quest-progress.noop,GM,沒有需要修復的歷史任務進度 Payload。掃描 {scannedRows} 行，未知舊任務 {unknownRows} 行。,
gm.shortcut.return-all.confirm,GM,這會把所有非機器人角色統一送回新手村出生點。線上角色下一息生效，離線角色會直接改存檔。確認繼續嗎？,
gm.shortcut.return-all.done,GM,已提交全部角色回新手村出生點，共 {totalPlayers} 個角色，線上 {queuedRuntimePlayers} 個，離線 {updatedOfflinePlayers} 個,
gm.text.all-player-recipients,GM,發送給全服玩家,
gm.text.current-target,GM,當前目標 · {targetId},
gm.text.no-account,GM,無賬號,
gm.text.sample,GM,樣本 {index},
gm.text.selected,GM,已選中,
gm.text.unknown-time,GM,未知時間,
gm-map-editor.confirm.reload-dirty,GM地圖編輯器,當前有未保存修改，重新載入會丟失這些修改。繼續嗎？,
gm-map-editor.confirm.reset-dirty,GM地圖編輯器,確定放棄當前地圖的未保存修改嗎？,
gm-map-editor.confirm.switch-dirty,GM地圖編輯器,當前地圖有未保存修改，切換後會丟失這些修改。繼續嗎？,
gm-map-editor.default-quest.desc,GM地圖編輯器,請填寫任務描述,
gm-map-editor.default-quest.reward-none,GM地圖編輯器,無,
gm-map-editor.default-quest.title,GM地圖編輯器,新任務,
hud.action.breakthrough,HUD,突破,突破按鈕預設文案
hud.action.breakthrough-target,HUD,突破 · {target},突破按鈕目標文案
hud.age.years,HUD,{years}載,骨齡整年文本
hud.age.years-days,HUD,{years}載{days}日,骨齡年月日文本
hud.cultivate.complete,HUD,境界圓滿,修為圓滿文本
hud.cultivate.progress,HUD,境界修為 ({current}/{next}),修為進度文本
hud.lifespan.unknown,HUD,???,壽元未知文本
hud.lifespan.years,HUD,{years}載,壽元整年文本
hud.map-name.unknown,HUD,未知地域,地圖名fallback
hud.realm.cultivating,HUD,修行中,功法境界查找失敗fallback
hud.realm.mortal,HUD,凡俗武者,無功法時的境界標籤
hud.title.default,HUD,無號散修,預設稱號
hud.title.entry,HUD,見習弟子,
hud.title.immortal-gate,HUD,初登仙門,
hud.title.immortal-path,HUD,雲遊真修,
hud.title.major,HUD,先天氣成,
hud.title.minor,HUD,遊歷武者,
hud.title.no-technique,HUD,無名後學,
hud.title.perfection,HUD,名動一方,
npc-quest.action.accept,NPC任務,接取任務,
npc-quest.action.submit,NPC任務,提交任務,
npc-quest.empty.no-detail,NPC任務,暫無法查閱詳情。,
npc-quest.empty.no-new,NPC任務,{npcName} 目前沒有新的委託。,
npc-quest.empty.talking,NPC任務,正在交談...,
npc-quest.empty.unavailable,NPC任務,暫無法查閱委託。,
npc-quest.modal.empty-subtitle,NPC任務,暫無新委託,
npc-quest.modal.loading,NPC任務,委託查探中...,
npc-quest.modal.subtitle-count,NPC任務,當前可見 {count} 條任務線索,
npc-quest.modal.title,NPC任務,任務委託,
npc-shop.action.buy,NPC商店,購買,
npc-shop.action.max,NPC商店,最大,
npc-shop.affordable-count,NPC商店,最多買得起 {count},
npc-shop.confirm.item,NPC商店,物品,
npc-shop.confirm.quantity,NPC商店,數量,
npc-shop.confirm.title,NPC商店,確認購買,
npc-shop.confirm.total,NPC商店,總額,
npc-shop.confirm.unit-price,NPC商店,單價,
npc-shop.detail.buy-direct,NPC商店,直接購買,
npc-shop.detail.effects,NPC商店,完整效果,
npc-shop.empty.loading,NPC商店,貨品查探中...,
npc-shop.empty.no-stock,NPC商店,此間今日無貨。,
npc-shop.empty.unavailable,NPC商店,暫無法觀閱貨品。,
npc-shop.error.currency-short,NPC商店,{currencyName}不足，當前需要 {total}。,
npc-shop.error.sold-out,NPC商店,此物已售罄{refreshHint}。,
npc-shop.error.stock-short,NPC商店,庫存不足，當前僅剩 {remaining}。,
npc-shop.field.quantity,NPC商店,數量,
npc-shop.field.total-price,NPC商店,總價,
npc-shop.field.unit-price,NPC商店,單價,
npc-shop.modal.title,NPC商店,{npcName}的商店,
npc-shop.modal.title-default,NPC商店,商店,
npc-shop.owned-count,NPC商店,已有 {count},
npc-shop.price.sale,NPC商店,售價 {price},
npc-shop.refresh.hours,NPC商店,約 {hours} 小時後補貨,
npc-shop.refresh.minutes,NPC商店,約 {minutes} 分後補貨,
npc-shop.refresh.within-minute,NPC商店,約 1 分鐘內補貨,
npc-shop.status.learned,NPC商店,已學,
npc-shop.status.unlocked,NPC商店,已閱,
npc-shop.stock.remaining,NPC商店,餘 {remaining}{limit},
npc-shop.stock.simple,NPC商店,庫存 {remaining},
npc-shop.stock.sold-out,NPC商店,已售罄,
npc-shop.stock.with-limit,NPC商店,庫存 {remaining}/{limit},
npc-shop.toolbar.meta,NPC商店,共 {count} 件，持有 {currencyName} {owned},
react.equipment.empty,React原型,未裝備,
react.mail.from,React原型,來自：{from},
react.market.order.quantity,React原型,數量：{quantity},
react.price.label,React原型,價格,
react.prototype.action.close,React原型,關閉,
react.prototype.action.close-scaffold,React原型,關閉 React 腳手架,
react.prototype.action.test-modal,React原型,測試彈層,
react.prototype.action.test-toast,React原型,測試提示,
react.prototype.count.items,React原型,{count} 項,
react.prototype.detail.body,React原型,這是 React 彈層宿主的測試內容。,
react.prototype.detail.subtitle,React原型,彈層宿主,
react.prototype.detail.title,React原型,React 彈層測試,
react.prototype.empty.next-step,React原型,React 面板遷移腳手架已就緒。,
react.prototype.field.action,React原型,行動,
react.prototype.field.character,React原型,角色,
react.prototype.field.inventory,React原型,背包,
react.prototype.field.map,React原型,地圖,
react.prototype.field.quest,React原型,任務,
react.prototype.field.technique,React原型,功法,
react.prototype.scaffold.subtitle,React原型,用於驗證 React 根、提示、彈層和提示宿主。,
react.prototype.scaffold.title,React原型,React UI 腳手架,
react.prototype.status.offline,React原型,離線,
react.prototype.status.online,React原型,線上,
react.prototype.toast.host-ready,React原型,React 提示宿主正常,
react.prototype.tooltip.line.future,React原型,後續面板可複用此提示層。,
react.prototype.tooltip.line.host,React原型,當前由 React 根統一承載。,
react.prototype.tooltip.probe,React原型,懸停測試 React 提示,
react.prototype.tooltip.title,React原型,React 提示測試,
react.prototype.value.not-login,React原型,未登入,
react.prototype.value.unknown,React原型,未知,
react.stepper.max,React原型,最大,
react.stepper.min,React原型,最小,
react.stepper.quantity,React原型,數量,
