recipeId,parentA,parentAName,parentB,parentBName,child,childName,parentGrade,childGrade,requiredParentStar,outputStar,successBasisPoints,rule
spirit_fusion.v2:spirit_beast.fan.metal.01:spirit_beast.fan.metal.01,spirit_beast.fan.metal.01,雲鋒靈鹿,spirit_beast.fan.metal.01,雲鋒靈鹿,spirit_beast.human.metal.01,玄鋒獬豸,凡品,人品,3,1,10000,same_species
spirit_fusion.v2:spirit_beast.fan.metal.01:spirit_beast.fan.metal.02,spirit_beast.fan.metal.01,雲鋒靈鹿,spirit_beast.fan.metal.02,銀羽靈鷹,spirit_beast.human.metal.01,玄鋒獬豸,凡品,人品,3,1,10000,named
spirit_fusion.v2:spirit_beast.fan.metal.01:spirit_beast.fan.metal.03,spirit_beast.fan.metal.01,雲鋒靈鹿,spirit_beast.fan.metal.03,玄鐵背猊,spirit_beast.human.metal.03,星鎧猙獸,凡品,人品,3,1,10000,fivephase_fallback
spirit_fusion.v2:spirit_beast.fan.metal.01:spirit_beast.fan.metal.04,spirit_beast.fan.metal.01,雲鋒靈鹿,spirit_beast.fan.metal.04,星鋒九尾,spirit_beast.human.metal.04,鎏電靈貂,凡品,人品,3,1,10000,fivephase_fallback
spirit_fusion.v2:spirit_beast.fan.metal.01:spirit_beast.fan.metal.05,spirit_beast.fan.metal.01,雲鋒靈鹿,spirit_beast.fan.metal.05,鎏金靈羚,spirit_beast.human.metal.05,斷嶽金羚,凡品,人品,3,1,10000,fivephase_fallback
spirit_fusion.v2:spirit_beast.fan.metal.01:spirit_beast.fan.metal.06,spirit_beast.fan.metal.01,雲鋒靈鹿,spirit_beast.fan.metal.06,磁尾幼螭,spirit_beast.human.metal.06,白玉貔靈,凡品,人品,3,1,10000,named
spirit_fusion.v2:spirit_beast.fan.metal.01:spirit_beast.fan.wood.01,spirit_beast.fan.metal.01,雲鋒靈鹿,spirit_beast.fan.wood.01,琅葉麋,spirit_beast.human.metal.01,玄鋒獬豸,凡品,人品,3,1,10000,fivephase_fallback
spirit_fusion.v2:spirit_beast.fan.metal.01:spirit_beast.fan.wood.02,spirit_beast.fan.metal.01,雲鋒靈鹿,spirit_beast.fan.wood.02,青藤翼狐,spirit_beast.human.metal.02,鳴金靈隼,凡品,人品,3,1,10000,fivephase_fallback
spirit_fusion.v2:spirit_beast.fan.metal.01:spirit_beast.fan.wood.03,spirit_beast.fan.metal.01,雲鋒靈鹿,spirit_beast.fan.wood.03,芳華翼猊,spirit_beast.human.metal.03,星鎧猙獸,凡品,人品,3,1,10000,fivephase_fallback
spirit_fusion.v2:spirit_beast.fan.metal.01:spirit_beast.fan.wood.04,spirit_beast.fan.metal.01,雲鋒靈鹿,spirit_beast.fan.wood.04,翠冠靈鶴,spirit_beast.human.metal.04,鎏電靈貂,凡品,人品,3,1,10000,fivephase_fallback
spirit_fusion.v2:spirit_beast.fan.metal.01:spirit_beast.fan.wood.05,spirit_beast.fan.metal.01,雲鋒靈鹿,spirit_beast.fan.wood.05,木靈青鹿,spirit_beast.human.metal.05,斷嶽金羚,凡品,人品,3,1,10000,fivephase_fallback
spirit_fusion.v2:spirit_beast.fan.metal.01:spirit_beast.fan.wood.06,spirit_beast.fan.metal.01,雲鋒靈鹿,spirit_beast.fan.wood.06,芝雲神貘,spirit_beast.human.metal.06,白玉貔靈,凡品,人品,3,1,10000,fivephase_fallback
spirit_fusion.v2:spirit_beast.fan.metal.01:spirit_beast.fan.water.01,spirit_beast.fan.metal.01,雲鋒靈鹿,spirit_beast.fan.water.01,瀲光靈鯢,spirit_beast.human.water.01,寒潭靈黿,凡品,人品,3,1,10000,fivephase_fallback
spirit_fusion.v2:spirit_beast.fan.metal.01:spirit_beast.fan.water.02,spirit_beast.fan.metal.01,雲鋒靈鹿,spirit_beast.fan.water.02,月潮飛玄龜,spirit_beast.human.water.02,滄浪青螭,凡品,人品,3,1,10000,fivephase_fallback
spirit_fusion.v2:spirit_beast.fan.metal.01:spirit_beast.fan.water.03,spirit_beast.fan.metal.01,雲鋒靈鹿,spirit_beast.fan.water.03,雲鰭青螭,spirit_beast.human.water.03,月汐長鰭鯉,凡品,人品,3,1,10000,fivephase_fallback
spirit_fusion.v2:spirit_beast.fan.metal.01:spirit_beast.fan.water.04,spirit_beast.fan.metal.01,雲鋒靈鹿,spirit_beast.fan.water.04,碧渦海馬,spirit_beast.human.water.04,琉璃海馬麟,凡品,人品,3,1,10000,fivephase_fallback
spirit_fusion.v2:spirit_beast.fan.metal.01:spirit_beast.fan.water.05,spirit_beast.fan.metal.01,雲鋒靈鹿,spirit_beast.fan.water.05,珠霧蝶翼麟,spirit_beast.human.water.05,珠泉獨角靈鯉,凡品,人品,3,1,10000,fivephase_fallback
spirit_fusion.v2:spirit_beast.fan.metal.01:spirit_beast.fan.water.06,spirit_beast.fan.metal.01,雲鋒靈鹿,spirit_beast.fan.water.06,玄波幼螭,spirit_beast.human.water.06,霧海靈鯤,凡品,人品,3,1,10000,fivephase_fallback
spirit_fusion.v2:spirit_beast.fan.fire.01:spirit_beast.fan.metal.01,spirit_beast.fan.fire.01,焰翎靈鶴,spirit_beast.fan.metal.01,雲鋒靈鹿,spirit_beast.human.fire.01,赤曜朱鶴,凡品,人品,3,1,10000,fivephase_fallback
spirit_fusion.v2:spirit_beast.fan.fire.02:spirit_beast.fan.metal.01,spirit_beast.fan.fire.02,赤燼翼狐,spirit_beast.fan.metal.01,雲鋒靈鹿,spirit_beast.human.fire.02,離焰九尾,凡品,人品,3,1,10000,fivephase_fallback
spirit_fusion.v2:spirit_beast.fan.fire.03:spirit_beast.fan.metal.01,spirit_beast.fan.fire.03,火羽鸞雛,spirit_beast.fan.metal.01,雲鋒靈鹿,spirit_beast.human.fire.03,丹霞火鸞,凡品,人品,3,1,10000,fivephase_fallback
spirit_fusion.v2:spirit_beast.fan.fire.04:spirit_beast.fan.metal.01,spirit_beast.fan.fire.04,熾角狴犴,spirit_beast.fan.metal.01,雲鋒靈鹿,spirit_beast.human.fire.04,熔星狻猊,凡品,人品,3,1,10000,fivephase_fallback
spirit_fusion.v2:spirit_beast.fan.fire.05:spirit_beast.fan.metal.01,spirit_beast.fan.fire.05,丹霞靈獬,spirit_beast.fan.metal.01,雲鋒靈鹿,spirit_beast.human.fire.05,南明靈獬,凡品,人品,3,1,10000,fivephase_fallback
spirit_fusion.v2:spirit_beast.fan.fire.06:spirit_beast.fan.metal.01,spirit_beast.fan.fire.06,燈魄鳳靈,spirit_beast.fan.metal.01,雲鋒靈鹿,spirit_beast.human.fire.06,燼羽鳳靈,凡品,人品,3,1,10000,fivephase_fallback
spirit_fusion.v2:spirit_beast.fan.earth.01:spirit_beast.fan.metal.01,spirit_beast.fan.earth.01,靈岩幼獬,spirit_beast.fan.metal.01,雲鋒靈鹿,spirit_beast.human.metal.01,玄鋒獬豸,凡品,人品,3,1,10000,fivephase_fallback
spirit_fusion.v2:spirit_beast.fan.earth.02:spirit_beast.fan.metal.01,spirit_beast.fan.earth.02,山紋翼羆,spirit_beast.fan.metal.01,雲鋒靈鹿,spirit_beast.human.metal.02,鳴金靈隼,凡品,人品,3,1,10000,fivephase_fallback
spirit_fusion.v2:spirit_beast.fan.earth.03:spirit_beast.fan.metal.01,spirit_beast.fan.earth.03,坤砂靈羚,spirit_beast.fan.metal.01,雲鋒靈鹿,spirit_beast.human.metal.03,星鎧猙獸,凡品,人品,3,1,10000,fivephase_fallback
spirit_fusion.v2:spirit_beast.fan.earth.04:spirit_beast.fan.metal.01,spirit_beast.fan.earth.04,玉壤靈犀,spirit_beast.fan.metal.01,雲鋒靈鹿,spirit_beast.human.metal.04,鎏電靈貂,凡品,人品,3,1,10000,fivephase_fallback
spirit_fusion.v2:spirit_beast.fan.earth.05:spirit_beast.fan.metal.01,spirit_beast.fan.earth.05,石髓龍龜,spirit_beast.fan.metal.01,雲鋒靈鹿,spirit_beast.human.metal.05,斷嶽金羚,凡品,人品,3,1,10000,fivephase_fallback
spirit_fusion.v2:spirit_beast.fan.earth.06:spirit_beast.fan.metal.01,spirit_beast.fan.earth.06,雲嶽角猊,spirit_beast.fan.metal.01,雲鋒靈鹿,spirit_beast.human.metal.06,白玉貔靈,凡品,人品,3,1,10000,fivephase_fallback
spirit_fusion.v2:spirit_beast.fan.metal.02:spirit_beast.fan.metal.02,spirit_beast.fan.metal.02,銀羽靈鷹,spirit_beast.fan.metal.02,銀羽靈鷹,spirit_beast.human.metal.02,鳴金靈隼,凡品,人品,3,1,10000,same_species
spirit_fusion.v2:spirit_beast.fan.metal.02:spirit_beast.fan.metal.03,spirit_beast.fan.metal.02,銀羽靈鷹,spirit_beast.fan.metal.03,玄鐵背猊,spirit_beast.human.metal.02,鳴金靈隼,凡品,人品,3,1,10000,named
spirit_fusion.v2:spirit_beast.fan.metal.02:spirit_beast.fan.metal.04,spirit_beast.fan.metal.02,銀羽靈鷹,spirit_beast.fan.metal.04,星鋒九尾,spirit_beast.human.metal.05,斷嶽金羚,凡品,人品,3,1,10000,fivephase_fallback
spirit_fusion.v2:spirit_beast.fan.metal.02:spirit_beast.fan.metal.05,spirit_beast.fan.metal.02,銀羽靈鷹,spirit_beast.fan.metal.05,鎏金靈羚,spirit_beast.human.metal.06,白玉貔靈,凡品,人品,3,1,10000,fivephase_fallback
spirit_fusion.v2:spirit_beast.fan.metal.02:spirit_beast.fan.metal.06,spirit_beast.fan.metal.02,銀羽靈鷹,spirit_beast.fan.metal.06,磁尾幼螭,spirit_beast.human.metal.01,玄鋒獬豸,凡品,人品,3,1,10000,fivephase_fallback
spirit_fusion.v2:spirit_beast.fan.metal.02:spirit_beast.fan.wood.01,spirit_beast.fan.metal.02,銀羽靈鷹,spirit_beast.fan.wood.01,琅葉麋,spirit_beast.human.metal.02,鳴金靈隼,凡品,人品,3,1,10000,fivephase_fallback
spirit_fusion.v2:spirit_beast.fan.metal.02:spirit_beast.fan.wood.02,spirit_beast.fan.metal.02,銀羽靈鷹,spirit_beast.fan.wood.02,青藤翼狐,spirit_beast.human.metal.03,星鎧猙獸,凡品,人品,3,1,10000,fivephase_fallback
spirit_fusion.v2:spirit_beast.fan.metal.02:spirit_beast.fan.wood.03,spirit_beast.fan.metal.02,銀羽靈鷹,spirit_beast.fan.wood.03,芳華翼猊,spirit_beast.human.metal.04,鎏電靈貂,凡品,人品,3,1,10000,fivephase_fallback
spirit_fusion.v2:spirit_beast.fan.metal.02:spirit_beast.fan.wood.04,spirit_beast.fan.metal.02,銀羽靈鷹,spirit_beast.fan.wood.04,翠冠靈鶴,spirit_beast.human.metal.05,斷嶽金羚,凡品,人品,3,1,10000,fivephase_fallback
spirit_fusion.v2:spirit_beast.fan.metal.02:spirit_beast.fan.wood.05,spirit_beast.fan.metal.02,銀羽靈鷹,spirit_beast.fan.wood.05,木靈青鹿,spirit_beast.human.metal.06,白玉貔靈,凡品,人品,3,1,10000,fivephase_fallback
spirit_fusion.v2:spirit_beast.fan.metal.02:spirit_beast.fan.wood.06,spirit_beast.fan.metal.02,銀羽靈鷹,spirit_beast.fan.wood.06,芝雲神貘,spirit_beast.human.metal.01,玄鋒獬豸,凡品,人品,3,1,10000,fivephase_fallback
spirit_fusion.v2:spirit_beast.fan.metal.02:spirit_beast.fan.water.01,spirit_beast.fan.metal.02,銀羽靈鷹,spirit_beast.fan.water.01,瀲光靈鯢,spirit_beast.human.water.02,滄浪青螭,凡品,人品,3,1,10000,fivephase_fallback
spirit_fusion.v2:spirit_beast.fan.metal.02:spirit_beast.fan.water.02,spirit_beast.fan.metal.02,銀羽靈鷹,spirit_beast.fan.water.02,月潮飛玄龜,spirit_beast.human.water.03,月汐長鰭鯉,凡品,人品,3,1,10000,fivephase_fallback
spirit_fusion.v2:spirit_beast.fan.metal.02:spirit_beast.fan.water.03,spirit_beast.fan.metal.02,銀羽靈鷹,spirit_beast.fan.water.03,雲鰭青螭,spirit_beast.human.water.04,琉璃海馬麟,凡品,人品,3,1,10000,fivephase_fallback
spirit_fusion.v2:spirit_beast.fan.metal.02:spirit_beast.fan.water.04,spirit_beast.fan.metal.02,銀羽靈鷹,spirit_beast.fan.water.04,碧渦海馬,spirit_beast.human.water.05,珠泉獨角靈鯉,凡品,人品,3,1,10000,fivephase_fallback
spirit_fusion.v2:spirit_beast.fan.metal.02:spirit_beast.fan.water.05,spirit_beast.fan.metal.02,銀羽靈鷹,spirit_beast.fan.water.05,珠霧蝶翼麟,spirit_beast.human.water.06,霧海靈鯤,凡品,人品,3,1,10000,fivephase_fallback
spirit_fusion.v2:spirit_beast.fan.metal.02:spirit_beast.fan.water.06,spirit_beast.fan.metal.02,銀羽靈鷹,spirit_beast.fan.water.06,玄波幼螭,spirit_beast.human.water.01,寒潭靈黿,凡品,人品,3,1,10000,fivephase_fallback
spirit_fusion.v2:spirit_beast.fan.fire.01:spirit_beast.fan.metal.02,spirit_beast.fan.fire.01,焰翎靈鶴,spirit_beast.fan.metal.02,銀羽靈鷹,spirit_beast.human.fire.02,離焰九尾,凡品,人品,3,1,10000,fivephase_fallback
spirit_fusion.v2:spirit_beast.fan.fire.02:spirit_beast.fan.metal.02,spirit_beast.fan.fire.02,赤燼翼狐,spirit_beast.fan.metal.02,銀羽靈鷹,spirit_beast.human.fire.03,丹霞火鸞,凡品,人品,3,1,10000,fivephase_fallback
spirit_fusion.v2:spirit_beast.fan.fire.03:spirit_beast.fan.metal.02,spirit_beast.fan.fire.03,火羽鸞雛,spirit_beast.fan.metal.02,銀羽靈鷹,spirit_beast.human.fire.04,熔星狻猊,凡品,人品,3,1,10000,fivephase_fallback
spirit_fusion.v2:spirit_beast.fan.fire.04:spirit_beast.fan.metal.02,spirit_beast.fan.fire.04,熾角狴犴,spirit_beast.fan.metal.02,銀羽靈鷹,spirit_beast.human.fire.05,南明靈獬,凡品,人品,3,1,10000,fivephase_fallback
spirit_fusion.v2:spirit_beast.fan.fire.05:spirit_beast.fan.metal.02,spirit_beast.fan.fire.05,丹霞靈獬,spirit_beast.fan.metal.02,銀羽靈鷹,spirit_beast.human.fire.06,燼羽鳳靈,凡品,人品,3,1,10000,fivephase_fallback
spirit_fusion.v2:spirit_beast.fan.fire.06:spirit_beast.fan.metal.02,spirit_beast.fan.fire.06,燈魄鳳靈,spirit_beast.fan.metal.02,銀羽靈鷹,spirit_beast.human.fire.01,赤曜朱鶴,凡品,人品,3,1,10000,fivephase_fallback
spirit_fusion.v2:spirit_beast.fan.earth.01:spirit_beast.fan.metal.02,spirit_beast.fan.earth.01,靈岩幼獬,spirit_beast.fan.metal.02,銀羽靈鷹,spirit_beast.human.metal.02,鳴金靈隼,凡品,人品,3,1,10000,fivephase_fallback
spirit_fusion.v2:spirit_beast.fan.earth.02:spirit_beast.fan.metal.02,spirit_beast.fan.earth.02,山紋翼羆,spirit_beast.fan.metal.02,銀羽靈鷹,spirit_beast.human.metal.03,星鎧猙獸,凡品,人品,3,1,10000,fivephase_fallback
spirit_fusion.v2:spirit_beast.fan.earth.03:spirit_beast.fan.metal.02,spirit_beast.fan.earth.03,坤砂靈羚,spirit_beast.fan.metal.02,銀羽靈鷹,spirit_beast.human.metal.04,鎏電靈貂,凡品,人品,3,1,10000,fivephase_fallback
spirit_fusion.v2:spirit_beast.fan.earth.04:spirit_beast.fan.metal.02,spirit_beast.fan.earth.04,玉壤靈犀,spirit_beast.fan.metal.02,銀羽靈鷹,spirit_beast.human.metal.05,斷嶽金羚,凡品,人品,3,1,10000,fivephase_fallback
spirit_fusion.v2:spirit_beast.fan.earth.05:spirit_beast.fan.metal.02,spirit_beast.fan.earth.05,石髓龍龜,spirit_beast.fan.metal.02,銀羽靈鷹,spirit_beast.human.metal.06,白玉貔靈,凡品,人品,3,1,10000,fivephase_fallback
spirit_fusion.v2:spirit_beast.fan.earth.06:spirit_beast.fan.metal.02,spirit_beast.fan.earth.06,雲嶽角猊,spirit_beast.fan.metal.02,銀羽靈鷹,spirit_beast.human.metal.01,玄鋒獬豸,凡品,人品,3,1,10000,fivephase_fallback
spirit_fusion.v2:spirit_beast.fan.metal.03:spirit_beast.fan.metal.03,spirit_beast.fan.metal.03,玄鐵背猊,spirit_beast.fan.metal.03,玄鐵背猊,spirit_beast.human.metal.03,星鎧猙獸,凡品,人品,3,1,10000,same_species
spirit_fusion.v2:spirit_beast.fan.metal.03:spirit_beast.fan.metal.04,spirit_beast.fan.metal.03,玄鐵背猊,spirit_beast.fan.metal.04,星鋒九尾,spirit_beast.human.metal.03,星鎧猙獸,凡品,人品,3,1,10000,named
spirit_fusion.v2:spirit_beast.fan.metal.03:spirit_beast.fan.metal.05,spirit_beast.fan.metal.03,玄鐵背猊,spirit_beast.fan.metal.05,鎏金靈羚,spirit_beast.human.metal.01,玄鋒獬豸,凡品,人品,3,1,10000,fivephase_fallback
spirit_fusion.v2:spirit_beast.fan.metal.03:spirit_beast.fan.metal.06,spirit_beast.fan.metal.03,玄鐵背猊,spirit_beast.fan.metal.06,磁尾幼螭,spirit_beast.human.metal.02,鳴金靈隼,凡品,人品,3,1,10000,fivephase_fallback
spirit_fusion.v2:spirit_beast.fan.metal.03:spirit_beast.fan.wood.01,spirit_beast.fan.metal.03,玄鐵背猊,spirit_beast.fan.wood.01,琅葉麋,spirit_beast.human.metal.03,星鎧猙獸,凡品,人品,3,1,10000,fivephase_fallback
spirit_fusion.v2:spirit_beast.fan.metal.03:spirit_beast.fan.wood.02,spirit_beast.fan.metal.03,玄鐵背猊,spirit_beast.fan.wood.02,青藤翼狐,spirit_beast.human.metal.04,鎏電靈貂,凡品,人品,3,1,10000,fivephase_fallback
spirit_fusion.v2:spirit_beast.fan.metal.03:spirit_beast.fan.wood.03,spirit_beast.fan.metal.03,玄鐵背猊,spirit_beast.fan.wood.03,芳華翼猊,spirit_beast.human.metal.05,斷嶽金羚,凡品,人品,3,1,10000,fivephase_fallback
spirit_fusion.v2:spirit_beast.fan.metal.03:spirit_beast.fan.wood.04,spirit_beast.fan.metal.03,玄鐵背猊,spirit_beast.fan.wood.04,翠冠靈鶴,spirit_beast.human.metal.06,白玉貔靈,凡品,人品,3,1,10000,fivephase_fallback
spirit_fusion.v2:spirit_beast.fan.metal.03:spirit_beast.fan.wood.05,spirit_beast.fan.metal.03,玄鐵背猊,spirit_beast.fan.wood.05,木靈青鹿,spirit_beast.human.metal.01,玄鋒獬豸,凡品,人品,3,1,10000,fivephase_fallback
spirit_fusion.v2:spirit_beast.fan.metal.03:spirit_beast.fan.wood.06,spirit_beast.fan.metal.03,玄鐵背猊,spirit_beast.fan.wood.06,芝雲神貘,spirit_beast.human.metal.02,鳴金靈隼,凡品,人品,3,1,10000,fivephase_fallback
spirit_fusion.v2:spirit_beast.fan.metal.03:spirit_beast.fan.water.01,spirit_beast.fan.metal.03,玄鐵背猊,spirit_beast.fan.water.01,瀲光靈鯢,spirit_beast.human.water.03,月汐長鰭鯉,凡品,人品,3,1,10000,fivephase_fallback
spirit_fusion.v2:spirit_beast.fan.metal.03:spirit_beast.fan.water.02,spirit_beast.fan.metal.03,玄鐵背猊,spirit_beast.fan.water.02,月潮飛玄龜,spirit_beast.human.water.04,琉璃海馬麟,凡品,人品,3,1,10000,fivephase_fallback
spirit_fusion.v2:spirit_beast.fan.metal.03:spirit_beast.fan.water.03,spirit_beast.fan.metal.03,玄鐵背猊,spirit_beast.fan.water.03,雲鰭青螭,spirit_beast.human.water.05,珠泉獨角靈鯉,凡品,人品,3,1,10000,fivephase_fallback
spirit_fusion.v2:spirit_beast.fan.metal.03:spirit_beast.fan.water.04,spirit_beast.fan.metal.03,玄鐵背猊,spirit_beast.fan.water.04,碧渦海馬,spirit_beast.human.water.06,霧海靈鯤,凡品,人品,3,1,10000,fivephase_fallback
spirit_fusion.v2:spirit_beast.fan.metal.03:spirit_beast.fan.water.05,spirit_beast.fan.metal.03,玄鐵背猊,spirit_beast.fan.water.05,珠霧蝶翼麟,spirit_beast.human.water.01,寒潭靈黿,凡品,人品,3,1,10000,fivephase_fallback
spirit_fusion.v2:spirit_beast.fan.metal.03:spirit_beast.fan.water.06,spirit_beast.fan.metal.03,玄鐵背猊,spirit_beast.fan.water.06,玄波幼螭,spirit_beast.human.water.02,滄浪青螭,凡品,人品,3,1,10000,fivephase_fallback
spirit_fusion.v2:spirit_beast.fan.fire.01:spirit_beast.fan.metal.03,spirit_beast.fan.fire.01,焰翎靈鶴,spirit_beast.fan.metal.03,玄鐵背猊,spirit_beast.human.fire.03,丹霞火鸞,凡品,人品,3,1,10000,fivephase_fallback
spirit_fusion.v2:spirit_beast.fan.fire.02:spirit_beast.fan.metal.03,spirit_beast.fan.fire.02,赤燼翼狐,spirit_beast.fan.metal.03,玄鐵背猊,spirit_beast.human.fire.04,熔星狻猊,凡品,人品,3,1,10000,fivephase_fallback
spirit_fusion.v2:spirit_beast.fan.fire.03:spirit_beast.fan.metal.03,spirit_beast.fan.fire.03,火羽鸞雛,spirit_beast.fan.metal.03,玄鐵背猊,spirit_beast.human.fire.05,南明靈獬,凡品,人品,3,1,10000,fivephase_fallback
spirit_fusion.v2:spirit_beast.fan.fire.04:spirit_beast.fan.metal.03,spirit_beast.fan.fire.04,熾角狴犴,spirit_beast.fan.metal.03,玄鐵背猊,spirit_beast.human.fire.06,燼羽鳳靈,凡品,人品,3,1,10000,fivephase_fallback
spirit_fusion.v2:spirit_beast.fan.fire.05:spirit_beast.fan.metal.03,spirit_beast.fan.fire.05,丹霞靈獬,spirit_beast.fan.metal.03,玄鐵背猊,spirit_beast.human.fire.01,赤曜朱鶴,凡品,人品,3,1,10000,fivephase_fallback
spirit_fusion.v2:spirit_beast.fan.fire.06:spirit_beast.fan.metal.03,spirit_beast.fan.fire.06,燈魄鳳靈,spirit_beast.fan.metal.03,玄鐵背猊,spirit_beast.human.fire.02,離焰九尾,凡品,人品,3,1,10000,fivephase_fallback
spirit_fusion.v2:spirit_beast.fan.earth.01:spirit_beast.fan.metal.03,spirit_beast.fan.earth.01,靈岩幼獬,spirit_beast.fan.metal.03,玄鐵背猊,spirit_beast.human.metal.03,星鎧猙獸,凡品,人品,3,1,10000,fivephase_fallback
spirit_fusion.v2:spirit_beast.fan.earth.02:spirit_beast.fan.metal.03,spirit_beast.fan.earth.02,山紋翼羆,spirit_beast.fan.metal.03,玄鐵背猊,spirit_beast.human.metal.04,鎏電靈貂,凡品,人品,3,1,10000,fivephase_fallback
spirit_fusion.v2:spirit_beast.fan.earth.03:spirit_beast.fan.metal.03,spirit_beast.fan.earth.03,坤砂靈羚,spirit_beast.fan.metal.03,玄鐵背猊,spirit_beast.human.metal.05,斷嶽金羚,凡品,人品,3,1,10000,fivephase_fallback
spirit_fusion.v2:spirit_beast.fan.earth.04:spirit_beast.fan.metal.03,spirit_beast.fan.earth.04,玉壤靈犀,spirit_beast.fan.metal.03,玄鐵背猊,spirit_beast.human.metal.06,白玉貔靈,凡品,人品,3,1,10000,fivephase_fallback
spirit_fusion.v2:spirit_beast.fan.earth.05:spirit_beast.fan.metal.03,spirit_beast.fan.earth.05,石髓龍龜,spirit_beast.fan.metal.03,玄鐵背猊,spirit_beast.human.metal.01,玄鋒獬豸,凡品,人品,3,1,10000,fivephase_fallback
spirit_fusion.v2:spirit_beast.fan.earth.06:spirit_beast.fan.metal.03,spirit_beast.fan.earth.06,雲嶽角猊,spirit_beast.fan.metal.03,玄鐵背猊,spirit_beast.human.metal.02,鳴金靈隼,凡品,人品,3,1,10000,fivephase_fallback
spirit_fusion.v2:spirit_beast.fan.metal.04:spirit_beast.fan.metal.04,spirit_beast.fan.metal.04,星鋒九尾,spirit_beast.fan.metal.04,星鋒九尾,spirit_beast.human.metal.04,鎏電靈貂,凡品,人品,3,1,10000,same_species
spirit_fusion.v2:spirit_beast.fan.metal.04:spirit_beast.fan.metal.05,spirit_beast.fan.metal.04,星鋒九尾,spirit_beast.fan.metal.05,鎏金靈羚,spirit_beast.human.metal.04,鎏電靈貂,凡品,人品,3,1,10000,named
spirit_fusion.v2:spirit_beast.fan.metal.04:spirit_beast.fan.metal.06,spirit_beast.fan.metal.04,星鋒九尾,spirit_beast.fan.metal.06,磁尾幼螭,spirit_beast.human.metal.03,星鎧猙獸,凡品,人品,3,1,10000,fivephase_fallback
spirit_fusion.v2:spirit_beast.fan.metal.04:spirit_beast.fan.wood.01,spirit_beast.fan.metal.04,星鋒九尾,spirit_beast.fan.wood.01,琅葉麋,spirit_beast.human.metal.04,鎏電靈貂,凡品,人品,3,1,10000,fivephase_fallback
spirit_fusion.v2:spirit_beast.fan.metal.04:spirit_beast.fan.wood.02,spirit_beast.fan.metal.04,星鋒九尾,spirit_beast.fan.wood.02,青藤翼狐,spirit_beast.human.metal.05,斷嶽金羚,凡品,人品,3,1,10000,fivephase_fallback
spirit_fusion.v2:spirit_beast.fan.metal.04:spirit_beast.fan.wood.03,spirit_beast.fan.metal.04,星鋒九尾,spirit_beast.fan.wood.03,芳華翼猊,spirit_beast.human.metal.06,白玉貔靈,凡品,人品,3,1,10000,fivephase_fallback
spirit_fusion.v2:spirit_beast.fan.metal.04:spirit_beast.fan.wood.04,spirit_beast.fan.metal.04,星鋒九尾,spirit_beast.fan.wood.04,翠冠靈鶴,spirit_beast.human.metal.01,玄鋒獬豸,凡品,人品,3,1,10000,fivephase_fallback
spirit_fusion.v2:spirit_beast.fan.metal.04:spirit_beast.fan.wood.05,spirit_beast.fan.metal.04,星鋒九尾,spirit_beast.fan.wood.05,木靈青鹿,spirit_beast.human.metal.02,鳴金靈隼,凡品,人品,3,1,10000,fivephase_fallback
spirit_fusion.v2:spirit_beast.fan.metal.04:spirit_beast.fan.wood.06,spirit_beast.fan.metal.04,星鋒九尾,spirit_beast.fan.wood.06,芝雲神貘,spirit_beast.human.metal.03,星鎧猙獸,凡品,人品,3,1,10000,fivephase_fallback
spirit_fusion.v2:spirit_beast.fan.metal.04:spirit_beast.fan.water.01,spirit_beast.fan.metal.04,星鋒九尾,spirit_beast.fan.water.01,瀲光靈鯢,spirit_beast.human.water.04,琉璃海馬麟,凡品,人品,3,1,10000,fivephase_fallback
spirit_fusion.v2:spirit_beast.fan.metal.04:spirit_beast.fan.water.02,spirit_beast.fan.metal.04,星鋒九尾,spirit_beast.fan.water.02,月潮飛玄龜,spirit_beast.human.water.05,珠泉獨角靈鯉,凡品,人品,3,1,10000,fivephase_fallback
spirit_fusion.v2:spirit_beast.fan.metal.04:spirit_beast.fan.water.03,spirit_beast.fan.metal.04,星鋒九尾,spirit_beast.fan.water.03,雲鰭青螭,spirit_beast.human.water.06,霧海靈鯤,凡品,人品,3,1,10000,fivephase_fallback
spirit_fusion.v2:spirit_beast.fan.metal.04:spirit_beast.fan.water.04,spirit_beast.fan.metal.04,星鋒九尾,spirit_beast.fan.water.04,碧渦海馬,spirit_beast.human.water.01,寒潭靈黿,凡品,人品,3,1,10000,fivephase_fallback
spirit_fusion.v2:spirit_beast.fan.metal.04:spirit_beast.fan.water.05,spirit_beast.fan.metal.04,星鋒九尾,spirit_beast.fan.water.05,珠霧蝶翼麟,spirit_beast.human.water.02,滄浪青螭,凡品,人品,3,1,10000,fivephase_fallback
spirit_fusion.v2:spirit_beast.fan.metal.04:spirit_beast.fan.water.06,spirit_beast.fan.metal.04,星鋒九尾,spirit_beast.fan.water.06,玄波幼螭,spirit_beast.human.water.03,月汐長鰭鯉,凡品,人品,3,1,10000,fivephase_fallback
spirit_fusion.v2:spirit_beast.fan.fire.01:spirit_beast.fan.metal.04,spirit_beast.fan.fire.01,焰翎靈鶴,spirit_beast.fan.metal.04,星鋒九尾,spirit_beast.human.fire.04,熔星狻猊,凡品,人品,3,1,10000,fivephase_fallback
spirit_fusion.v2:spirit_beast.fan.fire.02:spirit_beast.fan.metal.04,spirit_beast.fan.fire.02,赤燼翼狐,spirit_beast.fan.metal.04,星鋒九尾,spirit_beast.human.fire.05,南明靈獬,凡品,人品,3,1,10000,fivephase_fallback
spirit_fusion.v2:spirit_beast.fan.fire.03:spirit_beast.fan.metal.04,spirit_beast.fan.fire.03,火羽鸞雛,spirit_beast.fan.metal.04,星鋒九尾,spirit_beast.human.fire.06,燼羽鳳靈,凡品,人品,3,1,10000,fivephase_fallback
spirit_fusion.v2:spirit_beast.fan.fire.04:spirit_beast.fan.metal.04,spirit_beast.fan.fire.04,熾角狴犴,spirit_beast.fan.metal.04,星鋒九尾,spirit_beast.human.fire.01,赤曜朱鶴,凡品,人品,3,1,10000,fivephase_fallback
spirit_fusion.v2:spirit_beast.fan.fire.05:spirit_beast.fan.metal.04,spirit_beast.fan.fire.05,丹霞靈獬,spirit_beast.fan.metal.04,星鋒九尾,spirit_beast.human.fire.02,離焰九尾,凡品,人品,3,1,10000,fivephase_fallback
spirit_fusion.v2:spirit_beast.fan.fire.06:spirit_beast.fan.metal.04,spirit_beast.fan.fire.06,燈魄鳳靈,spirit_beast.fan.metal.04,星鋒九尾,spirit_beast.human.fire.03,丹霞火鸞,凡品,人品,3,1,10000,fivephase_fallback
spirit_fusion.v2:spirit_beast.fan.earth.01:spirit_beast.fan.metal.04,spirit_beast.fan.earth.01,靈岩幼獬,spirit_beast.fan.metal.04,星鋒九尾,spirit_beast.human.metal.04,鎏電靈貂,凡品,人品,3,1,10000,fivephase_fallback
spirit_fusion.v2:spirit_beast.fan.earth.02:spirit_beast.fan.metal.04,spirit_beast.fan.earth.02,山紋翼羆,spirit_beast.fan.metal.04,星鋒九尾,spirit_beast.human.metal.05,斷嶽金羚,凡品,人品,3,1,10000,fivephase_fallback
spirit_fusion.v2:spirit_beast.fan.earth.03:spirit_beast.fan.metal.04,spirit_beast.fan.earth.03,坤砂靈羚,spirit_beast.fan.metal.04,星鋒九尾,spirit_beast.human.metal.06,白玉貔靈,凡品,人品,3,1,10000,fivephase_fallback
spirit_fusion.v2:spirit_beast.fan.earth.04:spirit_beast.fan.metal.04,spirit_beast.fan.earth.04,玉壤靈犀,spirit_beast.fan.metal.04,星鋒九尾,spirit_beast.human.metal.01,玄鋒獬豸,凡品,人品,3,1,10000,fivephase_fallback
spirit_fusion.v2:spirit_beast.fan.earth.05:spirit_beast.fan.metal.04,spirit_beast.fan.earth.05,石髓龍龜,spirit_beast.fan.metal.04,星鋒九尾,spirit_beast.human.metal.02,鳴金靈隼,凡品,人品,3,1,10000,fivephase_fallback
spirit_fusion.v2:spirit_beast.fan.earth.06:spirit_beast.fan.metal.04,spirit_beast.fan.earth.06,雲嶽角猊,spirit_beast.fan.metal.04,星鋒九尾,spirit_beast.human.metal.03,星鎧猙獸,凡品,人品,3,1,10000,fivephase_fallback
spirit_fusion.v2:spirit_beast.fan.metal.05:spirit_beast.fan.metal.05,spirit_beast.fan.metal.05,鎏金靈羚,spirit_beast.fan.metal.05,鎏金靈羚,spirit_beast.human.metal.05,斷嶽金羚,凡品,人品,3,1,10000,same_species
spirit_fusion.v2:spirit_beast.fan.metal.05:spirit_beast.fan.metal.06,spirit_beast.fan.metal.05,鎏金靈羚,spirit_beast.fan.metal.06,磁尾幼螭,spirit_beast.human.metal.05,斷嶽金羚,凡品,人品,3,1,10000,named
spirit_fusion.v2:spirit_beast.fan.metal.05:spirit_beast.fan.wood.01,spirit_beast.fan.metal.05,鎏金靈羚,spirit_beast.fan.wood.01,琅葉麋,spirit_beast.human.metal.05,斷嶽金羚,凡品,人品,3,1,10000,fivephase_fallback
spirit_fusion.v2:spirit_beast.fan.metal.05:spirit_beast.fan.wood.02,spirit_beast.fan.metal.05,鎏金靈羚,spirit_beast.fan.wood.02,青藤翼狐,spirit_beast.human.metal.06,白玉貔靈,凡品,人品,3,1,10000,fivephase_fallback
spirit_fusion.v2:spirit_beast.fan.metal.05:spirit_beast.fan.wood.03,spirit_beast.fan.metal.05,鎏金靈羚,spirit_beast.fan.wood.03,芳華翼猊,spirit_beast.human.metal.01,玄鋒獬豸,凡品,人品,3,1,10000,fivephase_fallback
spirit_fusion.v2:spirit_beast.fan.metal.05:spirit_beast.fan.wood.04,spirit_beast.fan.metal.05,鎏金靈羚,spirit_beast.fan.wood.04,翠冠靈鶴,spirit_beast.human.metal.02,鳴金靈隼,凡品,人品,3,1,10000,fivephase_fallback
spirit_fusion.v2:spirit_beast.fan.metal.05:spirit_beast.fan.wood.05,spirit_beast.fan.metal.05,鎏金靈羚,spirit_beast.fan.wood.05,木靈青鹿,spirit_beast.human.metal.03,星鎧猙獸,凡品,人品,3,1,10000,fivephase_fallback
spirit_fusion.v2:spirit_beast.fan.metal.05:spirit_beast.fan.wood.06,spirit_beast.fan.metal.05,鎏金靈羚,spirit_beast.fan.wood.06,芝雲神貘,spirit_beast.human.metal.04,鎏電靈貂,凡品,人品,3,1,10000,fivephase_fallback
spirit_fusion.v2:spirit_beast.fan.metal.05:spirit_beast.fan.water.01,spirit_beast.fan.metal.05,鎏金靈羚,spirit_beast.fan.water.01,瀲光靈鯢,spirit_beast.human.water.05,珠泉獨角靈鯉,凡品,人品,3,1,10000,fivephase_fallback
spirit_fusion.v2:spirit_beast.fan.metal.05:spirit_beast.fan.water.02,spirit_beast.fan.metal.05,鎏金靈羚,spirit_beast.fan.water.02,月潮飛玄龜,spirit_beast.human.water.06,霧海靈鯤,凡品,人品,3,1,10000,fivephase_fallback
spirit_fusion.v2:spirit_beast.fan.metal.05:spirit_beast.fan.water.03,spirit_beast.fan.metal.05,鎏金靈羚,spirit_beast.fan.water.03,雲鰭青螭,spirit_beast.human.water.01,寒潭靈黿,凡品,人品,3,1,10000,fivephase_fallback
spirit_fusion.v2:spirit_beast.fan.metal.05:spirit_beast.fan.water.04,spirit_beast.fan.metal.05,鎏金靈羚,spirit_beast.fan.water.04,碧渦海馬,spirit_beast.human.water.02,滄浪青螭,凡品,人品,3,1,10000,fivephase_fallback
spirit_fusion.v2:spirit_beast.fan.metal.05:spirit_beast.fan.water.05,spirit_beast.fan.metal.05,鎏金靈羚,spirit_beast.fan.water.05,珠霧蝶翼麟,spirit_beast.human.water.03,月汐長鰭鯉,凡品,人品,3,1,10000,fivephase_fallback
spirit_fusion.v2:spirit_beast.fan.metal.05:spirit_beast.fan.water.06,spirit_beast.fan.metal.05,鎏金靈羚,spirit_beast.fan.water.06,玄波幼螭,spirit_beast.human.water.04,琉璃海馬麟,凡品,人品,3,1,10000,fivephase_fallback
spirit_fusion.v2:spirit_beast.fan.fire.01:spirit_beast.fan.metal.05,spirit_beast.fan.fire.01,焰翎靈鶴,spirit_beast.fan.metal.05,鎏金靈羚,spirit_beast.human.fire.05,南明靈獬,凡品,人品,3,1,10000,fivephase_fallback
spirit_fusion.v2:spirit_beast.fan.fire.02:spirit_beast.fan.metal.05,spirit_beast.fan.fire.02,赤燼翼狐,spirit_beast.fan.metal.05,鎏金靈羚,spirit_beast.human.fire.06,燼羽鳳靈,凡品,人品,3,1,10000,fivephase_fallback
spirit_fusion.v2:spirit_beast.fan.fire.03:spirit_beast.fan.metal.05,spirit_beast.fan.fire.03,火羽鸞雛,spirit_beast.fan.metal.05,鎏金靈羚,spirit_beast.human.fire.01,赤曜朱鶴,凡品,人品,3,1,10000,fivephase_fallback
spirit_fusion.v2:spirit_beast.fan.fire.04:spirit_beast.fan.metal.05,spirit_beast.fan.fire.04,熾角狴犴,spirit_beast.fan.metal.05,鎏金靈羚,spirit_beast.human.fire.02,離焰九尾,凡品,人品,3,1,10000,fivephase_fallback
spirit_fusion.v2:spirit_beast.fan.fire.05:spirit_beast.fan.metal.05,spirit_beast.fan.fire.05,丹霞靈獬,spirit_beast.fan.metal.05,鎏金靈羚,spirit_beast.human.fire.03,丹霞火鸞,凡品,人品,3,1,10000,fivephase_fallback
spirit_fusion.v2:spirit_beast.fan.fire.06:spirit_beast.fan.metal.05,spirit_beast.fan.fire.06,燈魄鳳靈,spirit_beast.fan.metal.05,鎏金靈羚,spirit_beast.human.fire.04,熔星狻猊,凡品,人品,3,1,10000,fivephase_fallback
spirit_fusion.v2:spirit_beast.fan.earth.01:spirit_beast.fan.metal.05,spirit_beast.fan.earth.01,靈岩幼獬,spirit_beast.fan.metal.05,鎏金靈羚,spirit_beast.human.metal.05,斷嶽金羚,凡品,人品,3,1,10000,fivephase_fallback
spirit_fusion.v2:spirit_beast.fan.earth.02:spirit_beast.fan.metal.05,spirit_beast.fan.earth.02,山紋翼羆,spirit_beast.fan.metal.05,鎏金靈羚,spirit_beast.human.metal.06,白玉貔靈,凡品,人品,3,1,10000,fivephase_fallback
spirit_fusion.v2:spirit_beast.fan.earth.03:spirit_beast.fan.metal.05,spirit_beast.fan.earth.03,坤砂靈羚,spirit_beast.fan.metal.05,鎏金靈羚,spirit_beast.human.metal.01,玄鋒獬豸,凡品,人品,3,1,10000,fivephase_fallback
spirit_fusion.v2:spirit_beast.fan.earth.04:spirit_beast.fan.metal.05,spirit_beast.fan.earth.04,玉壤靈犀,spirit_beast.fan.metal.05,鎏金靈羚,spirit_beast.human.metal.02,鳴金靈隼,凡品,人品,3,1,10000,fivephase_fallback
spirit_fusion.v2:spirit_beast.fan.earth.05:spirit_beast.fan.metal.05,spirit_beast.fan.earth.05,石髓龍龜,spirit_beast.fan.metal.05,鎏金靈羚,spirit_beast.human.metal.03,星鎧猙獸,凡品,人品,3,1,10000,fivephase_fallback
spirit_fusion.v2:spirit_beast.fan.earth.06:spirit_beast.fan.metal.05,spirit_beast.fan.earth.06,雲嶽角猊,spirit_beast.fan.metal.05,鎏金靈羚,spirit_beast.human.metal.04,鎏電靈貂,凡品,人品,3,1,10000,fivephase_fallback
spirit_fusion.v2:spirit_beast.fan.metal.06:spirit_beast.fan.metal.06,spirit_beast.fan.metal.06,磁尾幼螭,spirit_beast.fan.metal.06,磁尾幼螭,spirit_beast.human.metal.06,白玉貔靈,凡品,人品,3,1,10000,same_species
spirit_fusion.v2:spirit_beast.fan.metal.06:spirit_beast.fan.wood.01,spirit_beast.fan.metal.06,磁尾幼螭,spirit_beast.fan.wood.01,琅葉麋,spirit_beast.human.metal.06,白玉貔靈,凡品,人品,3,1,10000,fivephase_fallback
spirit_fusion.v2:spirit_beast.fan.metal.06:spirit_beast.fan.wood.02,spirit_beast.fan.metal.06,磁尾幼螭,spirit_beast.fan.wood.02,青藤翼狐,spirit_beast.human.metal.01,玄鋒獬豸,凡品,人品,3,1,10000,fivephase_fallback
spirit_fusion.v2:spirit_beast.fan.metal.06:spirit_beast.fan.wood.03,spirit_beast.fan.metal.06,磁尾幼螭,spirit_beast.fan.wood.03,芳華翼猊,spirit_beast.human.metal.02,鳴金靈隼,凡品,人品,3,1,10000,fivephase_fallback
spirit_fusion.v2:spirit_beast.fan.metal.06:spirit_beast.fan.wood.04,spirit_beast.fan.metal.06,磁尾幼螭,spirit_beast.fan.wood.04,翠冠靈鶴,spirit_beast.human.metal.03,星鎧猙獸,凡品,人品,3,1,10000,fivephase_fallback
spirit_fusion.v2:spirit_beast.fan.metal.06:spirit_beast.fan.wood.05,spirit_beast.fan.metal.06,磁尾幼螭,spirit_beast.fan.wood.05,木靈青鹿,spirit_beast.human.metal.04,鎏電靈貂,凡品,人品,3,1,10000,fivephase_fallback
spirit_fusion.v2:spirit_beast.fan.metal.06:spirit_beast.fan.wood.06,spirit_beast.fan.metal.06,磁尾幼螭,spirit_beast.fan.wood.06,芝雲神貘,spirit_beast.human.metal.05,斷嶽金羚,凡品,人品,3,1,10000,fivephase_fallback
spirit_fusion.v2:spirit_beast.fan.metal.06:spirit_beast.fan.water.01,spirit_beast.fan.metal.06,磁尾幼螭,spirit_beast.fan.water.01,瀲光靈鯢,spirit_beast.human.water.06,霧海靈鯤,凡品,人品,3,1,10000,fivephase_fallback
spirit_fusion.v2:spirit_beast.fan.metal.06:spirit_beast.fan.water.02,spirit_beast.fan.metal.06,磁尾幼螭,spirit_beast.fan.water.02,月潮飛玄龜,spirit_beast.human.water.01,寒潭靈黿,凡品,人品,3,1,10000,fivephase_fallback
spirit_fusion.v2:spirit_beast.fan.metal.06:spirit_beast.fan.water.03,spirit_beast.fan.metal.06,磁尾幼螭,spirit_beast.fan.water.03,雲鰭青螭,spirit_beast.human.water.02,滄浪青螭,凡品,人品,3,1,10000,fivephase_fallback
spirit_fusion.v2:spirit_beast.fan.metal.06:spirit_beast.fan.water.04,spirit_beast.fan.metal.06,磁尾幼螭,spirit_beast.fan.water.04,碧渦海馬,spirit_beast.human.water.03,月汐長鰭鯉,凡品,人品,3,1,10000,fivephase_fallback
spirit_fusion.v2:spirit_beast.fan.metal.06:spirit_beast.fan.water.05,spirit_beast.fan.metal.06,磁尾幼螭,spirit_beast.fan.water.05,珠霧蝶翼麟,spirit_beast.human.water.04,琉璃海馬麟,凡品,人品,3,1,10000,fivephase_fallback
spirit_fusion.v2:spirit_beast.fan.metal.06:spirit_beast.fan.water.06,spirit_beast.fan.metal.06,磁尾幼螭,spirit_beast.fan.water.06,玄波幼螭,spirit_beast.human.water.05,珠泉獨角靈鯉,凡品,人品,3,1,10000,fivephase_fallback
spirit_fusion.v2:spirit_beast.fan.fire.01:spirit_beast.fan.metal.06,spirit_beast.fan.fire.01,焰翎靈鶴,spirit_beast.fan.metal.06,磁尾幼螭,spirit_beast.human.fire.06,燼羽鳳靈,凡品,人品,3,1,10000,fivephase_fallback
spirit_fusion.v2:spirit_beast.fan.fire.02:spirit_beast.fan.metal.06,spirit_beast.fan.fire.02,赤燼翼狐,spirit_beast.fan.metal.06,磁尾幼螭,spirit_beast.human.fire.01,赤曜朱鶴,凡品,人品,3,1,10000,fivephase_fallback
spirit_fusion.v2:spirit_beast.fan.fire.03:spirit_beast.fan.metal.06,spirit_beast.fan.fire.03,火羽鸞雛,spirit_beast.fan.metal.06,磁尾幼螭,spirit_beast.human.fire.02,離焰九尾,凡品,人品,3,1,10000,fivephase_fallback
spirit_fusion.v2:spirit_beast.fan.fire.04:spirit_beast.fan.metal.06,spirit_beast.fan.fire.04,熾角狴犴,spirit_beast.fan.metal.06,磁尾幼螭,spirit_beast.human.fire.03,丹霞火鸞,凡品,人品,3,1,10000,fivephase_fallback
spirit_fusion.v2:spirit_beast.fan.fire.05:spirit_beast.fan.metal.06,spirit_beast.fan.fire.05,丹霞靈獬,spirit_beast.fan.metal.06,磁尾幼螭,spirit_beast.human.fire.04,熔星狻猊,凡品,人品,3,1,10000,fivephase_fallback
spirit_fusion.v2:spirit_beast.fan.fire.06:spirit_beast.fan.metal.06,spirit_beast.fan.fire.06,燈魄鳳靈,spirit_beast.fan.metal.06,磁尾幼螭,spirit_beast.human.fire.05,南明靈獬,凡品,人品,3,1,10000,fivephase_fallback
spirit_fusion.v2:spirit_beast.fan.earth.01:spirit_beast.fan.metal.06,spirit_beast.fan.earth.01,靈岩幼獬,spirit_beast.fan.metal.06,磁尾幼螭,spirit_beast.human.metal.06,白玉貔靈,凡品,人品,3,1,10000,fivephase_fallback
spirit_fusion.v2:spirit_beast.fan.earth.02:spirit_beast.fan.metal.06,spirit_beast.fan.earth.02,山紋翼羆,spirit_beast.fan.metal.06,磁尾幼螭,spirit_beast.human.metal.01,玄鋒獬豸,凡品,人品,3,1,10000,fivephase_fallback
spirit_fusion.v2:spirit_beast.fan.earth.03:spirit_beast.fan.metal.06,spirit_beast.fan.earth.03,坤砂靈羚,spirit_beast.fan.metal.06,磁尾幼螭,spirit_beast.human.metal.02,鳴金靈隼,凡品,人品,3,1,10000,fivephase_fallback
spirit_fusion.v2:spirit_beast.fan.earth.04:spirit_beast.fan.metal.06,spirit_beast.fan.earth.04,玉壤靈犀,spirit_beast.fan.metal.06,磁尾幼螭,spirit_beast.human.metal.03,星鎧猙獸,凡品,人品,3,1,10000,fivephase_fallback
spirit_fusion.v2:spirit_beast.fan.earth.05:spirit_beast.fan.metal.06,spirit_beast.fan.earth.05,石髓龍龜,spirit_beast.fan.metal.06,磁尾幼螭,spirit_beast.human.metal.04,鎏電靈貂,凡品,人品,3,1,10000,fivephase_fallback
spirit_fusion.v2:spirit_beast.fan.earth.06:spirit_beast.fan.metal.06,spirit_beast.fan.earth.06,雲嶽角猊,spirit_beast.fan.metal.06,磁尾幼螭,spirit_beast.human.metal.05,斷嶽金羚,凡品,人品,3,1,10000,fivephase_fallback
spirit_fusion.v2:spirit_beast.fan.wood.01:spirit_beast.fan.wood.01,spirit_beast.fan.wood.01,琅葉麋,spirit_beast.fan.wood.01,琅葉麋,spirit_beast.human.wood.01,青蘿靈鹿,凡品,人品,3,1,10000,same_species
spirit_fusion.v2:spirit_beast.fan.wood.01:spirit_beast.fan.wood.02,spirit_beast.fan.wood.01,琅葉麋,spirit_beast.fan.wood.02,青藤翼狐,spirit_beast.human.wood.01,青蘿靈鹿,凡品,人品,3,1,10000,named
spirit_fusion.v2:spirit_beast.fan.wood.01:spirit_beast.fan.wood.03,spirit_beast.fan.wood.01,琅葉麋,spirit_beast.fan.wood.03,芳華翼猊,spirit_beast.human.wood.03,建木靈猿,凡品,人品,3,1,10000,fivephase_fallback
spirit_fusion.v2:spirit_beast.fan.wood.01:spirit_beast.fan.wood.04,spirit_beast.fan.wood.01,琅葉麋,spirit_beast.fan.wood.04,翠冠靈鶴,spirit_beast.human.wood.04,翠雲青鸞,凡品,人品,3,1,10000,fivephase_fallback
spirit_fusion.v2:spirit_beast.fan.wood.01:spirit_beast.fan.wood.05,spirit_beast.fan.wood.01,琅葉麋,spirit_beast.fan.wood.05,木靈青鹿,spirit_beast.human.wood.05,森羅麒獸,凡品,人品,3,1,10000,fivephase_fallback
spirit_fusion.v2:spirit_beast.fan.wood.01:spirit_beast.fan.wood.06,spirit_beast.fan.wood.01,琅葉麋,spirit_beast.fan.wood.06,芝雲神貘,spirit_beast.human.wood.06,藥霞靈貘,凡品,人品,3,1,10000,named
spirit_fusion.v2:spirit_beast.fan.water.01:spirit_beast.fan.wood.01,spirit_beast.fan.water.01,瀲光靈鯢,spirit_beast.fan.wood.01,琅葉麋,spirit_beast.human.wood.01,青蘿靈鹿,凡品,人品,3,1,10000,fivephase_fallback
spirit_fusion.v2:spirit_beast.fan.water.02:spirit_beast.fan.wood.01,spirit_beast.fan.water.02,月潮飛玄龜,spirit_beast.fan.wood.01,琅葉麋,spirit_beast.human.wood.02,百花九尾,凡品,人品,3,1,10000,fivephase_fallback
spirit_fusion.v2:spirit_beast.fan.water.03:spirit_beast.fan.wood.01,spirit_beast.fan.water.03,雲鰭青螭,spirit_beast.fan.wood.01,琅葉麋,spirit_beast.human.wood.03,建木靈猿,凡品,人品,3,1,10000,fivephase_fallback
spirit_fusion.v2:spirit_beast.fan.water.04:spirit_beast.fan.wood.01,spirit_beast.fan.water.04,碧渦海馬,spirit_beast.fan.wood.01,琅葉麋,spirit_beast.human.wood.04,翠雲青鸞,凡品,人品,3,1,10000,fivephase_fallback
spirit_fusion.v2:spirit_beast.fan.water.05:spirit_beast.fan.wood.01,spirit_beast.fan.water.05,珠霧蝶翼麟,spirit_beast.fan.wood.01,琅葉麋,spirit_beast.human.wood.05,森羅麒獸,凡品,人品,3,1,10000,fivephase_fallback
spirit_fusion.v2:spirit_beast.fan.water.06:spirit_beast.fan.wood.01,spirit_beast.fan.water.06,玄波幼螭,spirit_beast.fan.wood.01,琅葉麋,spirit_beast.human.wood.06,藥霞靈貘,凡品,人品,3,1,10000,fivephase_fallback
spirit_fusion.v2:spirit_beast.fan.fire.01:spirit_beast.fan.wood.01,spirit_beast.fan.fire.01,焰翎靈鶴,spirit_beast.fan.wood.01,琅葉麋,spirit_beast.human.fire.01,赤曜朱鶴,凡品,人品,3,1,10000,fivephase_fallback
spirit_fusion.v2:spirit_beast.fan.fire.02:spirit_beast.fan.wood.01,spirit_beast.fan.fire.02,赤燼翼狐,spirit_beast.fan.wood.01,琅葉麋,spirit_beast.human.fire.02,離焰九尾,凡品,人品,3,1,10000,fivephase_fallback
spirit_fusion.v2:spirit_beast.fan.fire.03:spirit_beast.fan.wood.01,spirit_beast.fan.fire.03,火羽鸞雛,spirit_beast.fan.wood.01,琅葉麋,spirit_beast.human.fire.03,丹霞火鸞,凡品,人品,3,1,10000,fivephase_fallback
spirit_fusion.v2:spirit_beast.fan.fire.04:spirit_beast.fan.wood.01,spirit_beast.fan.fire.04,熾角狴犴,spirit_beast.fan.wood.01,琅葉麋,spirit_beast.human.fire.04,熔星狻猊,凡品,人品,3,1,10000,fivephase_fallback
spirit_fusion.v2:spirit_beast.fan.fire.05:spirit_beast.fan.wood.01,spirit_beast.fan.fire.05,丹霞靈獬,spirit_beast.fan.wood.01,琅葉麋,spirit_beast.human.fire.05,南明靈獬,凡品,人品,3,1,10000,fivephase_fallback
spirit_fusion.v2:spirit_beast.fan.fire.06:spirit_beast.fan.wood.01,spirit_beast.fan.fire.06,燈魄鳳靈,spirit_beast.fan.wood.01,琅葉麋,spirit_beast.human.fire.06,燼羽鳳靈,凡品,人品,3,1,10000,fivephase_fallback
spirit_fusion.v2:spirit_beast.fan.earth.01:spirit_beast.fan.wood.01,spirit_beast.fan.earth.01,靈岩幼獬,spirit_beast.fan.wood.01,琅葉麋,spirit_beast.human.wood.01,青蘿靈鹿,凡品,人品,3,1,10000,fivephase_fallback
spirit_fusion.v2:spirit_beast.fan.earth.02:spirit_beast.fan.wood.01,spirit_beast.fan.earth.02,山紋翼羆,spirit_beast.fan.wood.01,琅葉麋,spirit_beast.human.wood.02,百花九尾,凡品,人品,3,1,10000,fivephase_fallback
spirit_fusion.v2:spirit_beast.fan.earth.03:spirit_beast.fan.wood.01,spirit_beast.fan.earth.03,坤砂靈羚,spirit_beast.fan.wood.01,琅葉麋,spirit_beast.human.wood.03,建木靈猿,凡品,人品,3,1,10000,fivephase_fallback
spirit_fusion.v2:spirit_beast.fan.earth.04:spirit_beast.fan.wood.01,spirit_beast.fan.earth.04,玉壤靈犀,spirit_beast.fan.wood.01,琅葉麋,spirit_beast.human.wood.04,翠雲青鸞,凡品,人品,3,1,10000,fivephase_fallback
spirit_fusion.v2:spirit_beast.fan.earth.05:spirit_beast.fan.wood.01,spirit_beast.fan.earth.05,石髓龍龜,spirit_beast.fan.wood.01,琅葉麋,spirit_beast.human.wood.05,森羅麒獸,凡品,人品,3,1,10000,fivephase_fallback
spirit_fusion.v2:spirit_beast.fan.earth.06:spirit_beast.fan.wood.01,spirit_beast.fan.earth.06,雲嶽角猊,spirit_beast.fan.wood.01,琅葉麋,spirit_beast.human.wood.06,藥霞靈貘,凡品,人品,3,1,10000,fivephase_fallback
spirit_fusion.v2:spirit_beast.fan.wood.02:spirit_beast.fan.wood.02,spirit_beast.fan.wood.02,青藤翼狐,spirit_beast.fan.wood.02,青藤翼狐,spirit_beast.human.wood.02,百花九尾,凡品,人品,3,1,10000,same_species
spirit_fusion.v2:spirit_beast.fan.wood.02:spirit_beast.fan.wood.03,spirit_beast.fan.wood.02,青藤翼狐,spirit_beast.fan.wood.03,芳華翼猊,spirit_beast.human.wood.02,百花九尾,凡品,人品,3,1,10000,named
spirit_fusion.v2:spirit_beast.fan.wood.02:spirit_beast.fan.wood.04,spirit_beast.fan.wood.02,青藤翼狐,spirit_beast.fan.wood.04,翠冠靈鶴,spirit_beast.human.wood.05,森羅麒獸,凡品,人品,3,1,10000,fivephase_fallback
spirit_fusion.v2:spirit_beast.fan.wood.02:spirit_beast.fan.wood.05,spirit_beast.fan.wood.02,青藤翼狐,spirit_beast.fan.wood.05,木靈青鹿,spirit_beast.human.wood.06,藥霞靈貘,凡品,人品,3,1,10000,fivephase_fallback
spirit_fusion.v2:spirit_beast.fan.wood.02:spirit_beast.fan.wood.06,spirit_beast.fan.wood.02,青藤翼狐,spirit_beast.fan.wood.06,芝雲神貘,spirit_beast.human.wood.01,青蘿靈鹿,凡品,人品,3,1,10000,fivephase_fallback
spirit_fusion.v2:spirit_beast.fan.water.01:spirit_beast.fan.wood.02,spirit_beast.fan.water.01,瀲光靈鯢,spirit_beast.fan.wood.02,青藤翼狐,spirit_beast.human.wood.02,百花九尾,凡品,人品,3,1,10000,fivephase_fallback
spirit_fusion.v2:spirit_beast.fan.water.02:spirit_beast.fan.wood.02,spirit_beast.fan.water.02,月潮飛玄龜,spirit_beast.fan.wood.02,青藤翼狐,spirit_beast.human.wood.03,建木靈猿,凡品,人品,3,1,10000,fivephase_fallback
spirit_fusion.v2:spirit_beast.fan.water.03:spirit_beast.fan.wood.02,spirit_beast.fan.water.03,雲鰭青螭,spirit_beast.fan.wood.02,青藤翼狐,spirit_beast.human.wood.04,翠雲青鸞,凡品,人品,3,1,10000,fivephase_fallback
spirit_fusion.v2:spirit_beast.fan.water.04:spirit_beast.fan.wood.02,spirit_beast.fan.water.04,碧渦海馬,spirit_beast.fan.wood.02,青藤翼狐,spirit_beast.human.wood.05,森羅麒獸,凡品,人品,3,1,10000,fivephase_fallback
spirit_fusion.v2:spirit_beast.fan.water.05:spirit_beast.fan.wood.02,spirit_beast.fan.water.05,珠霧蝶翼麟,spirit_beast.fan.wood.02,青藤翼狐,spirit_beast.human.wood.06,藥霞靈貘,凡品,人品,3,1,10000,fivephase_fallback
spirit_fusion.v2:spirit_beast.fan.water.06:spirit_beast.fan.wood.02,spirit_beast.fan.water.06,玄波幼螭,spirit_beast.fan.wood.02,青藤翼狐,spirit_beast.human.wood.01,青蘿靈鹿,凡品,人品,3,1,10000,fivephase_fallback
spirit_fusion.v2:spirit_beast.fan.fire.01:spirit_beast.fan.wood.02,spirit_beast.fan.fire.01,焰翎靈鶴,spirit_beast.fan.wood.02,青藤翼狐,spirit_beast.human.fire.02,離焰九尾,凡品,人品,3,1,10000,fivephase_fallback
spirit_fusion.v2:spirit_beast.fan.fire.02:spirit_beast.fan.wood.02,spirit_beast.fan.fire.02,赤燼翼狐,spirit_beast.fan.wood.02,青藤翼狐,spirit_beast.human.fire.03,丹霞火鸞,凡品,人品,3,1,10000,fivephase_fallback
spirit_fusion.v2:spirit_beast.fan.fire.03:spirit_beast.fan.wood.02,spirit_beast.fan.fire.03,火羽鸞雛,spirit_beast.fan.wood.02,青藤翼狐,spirit_beast.human.fire.04,熔星狻猊,凡品,人品,3,1,10000,fivephase_fallback
spirit_fusion.v2:spirit_beast.fan.fire.04:spirit_beast.fan.wood.02,spirit_beast.fan.fire.04,熾角狴犴,spirit_beast.fan.wood.02,青藤翼狐,spirit_beast.human.fire.05,南明靈獬,凡品,人品,3,1,10000,fivephase_fallback
spirit_fusion.v2:spirit_beast.fan.fire.05:spirit_beast.fan.wood.02,spirit_beast.fan.fire.05,丹霞靈獬,spirit_beast.fan.wood.02,青藤翼狐,spirit_beast.human.fire.06,燼羽鳳靈,凡品,人品,3,1,10000,fivephase_fallback
spirit_fusion.v2:spirit_beast.fan.fire.06:spirit_beast.fan.wood.02,spirit_beast.fan.fire.06,燈魄鳳靈,spirit_beast.fan.wood.02,青藤翼狐,spirit_beast.human.fire.01,赤曜朱鶴,凡品,人品,3,1,10000,fivephase_fallback
spirit_fusion.v2:spirit_beast.fan.earth.01:spirit_beast.fan.wood.02,spirit_beast.fan.earth.01,靈岩幼獬,spirit_beast.fan.wood.02,青藤翼狐,spirit_beast.human.wood.02,百花九尾,凡品,人品,3,1,10000,fivephase_fallback
spirit_fusion.v2:spirit_beast.fan.earth.02:spirit_beast.fan.wood.02,spirit_beast.fan.earth.02,山紋翼羆,spirit_beast.fan.wood.02,青藤翼狐,spirit_beast.human.wood.03,建木靈猿,凡品,人品,3,1,10000,fivephase_fallback
spirit_fusion.v2:spirit_beast.fan.earth.03:spirit_beast.fan.wood.02,spirit_beast.fan.earth.03,坤砂靈羚,spirit_beast.fan.wood.02,青藤翼狐,spirit_beast.human.wood.04,翠雲青鸞,凡品,人品,3,1,10000,fivephase_fallback
spirit_fusion.v2:spirit_beast.fan.earth.04:spirit_beast.fan.wood.02,spirit_beast.fan.earth.04,玉壤靈犀,spirit_beast.fan.wood.02,青藤翼狐,spirit_beast.human.wood.05,森羅麒獸,凡品,人品,3,1,10000,fivephase_fallback
spirit_fusion.v2:spirit_beast.fan.earth.05:spirit_beast.fan.wood.02,spirit_beast.fan.earth.05,石髓龍龜,spirit_beast.fan.wood.02,青藤翼狐,spirit_beast.human.wood.06,藥霞靈貘,凡品,人品,3,1,10000,fivephase_fallback
spirit_fusion.v2:spirit_beast.fan.earth.06:spirit_beast.fan.wood.02,spirit_beast.fan.earth.06,雲嶽角猊,spirit_beast.fan.wood.02,青藤翼狐,spirit_beast.human.wood.01,青蘿靈鹿,凡品,人品,3,1,10000,fivephase_fallback
spirit_fusion.v2:spirit_beast.fan.wood.03:spirit_beast.fan.wood.03,spirit_beast.fan.wood.03,芳華翼猊,spirit_beast.fan.wood.03,芳華翼猊,spirit_beast.human.wood.03,建木靈猿,凡品,人品,3,1,10000,same_species
spirit_fusion.v2:spirit_beast.fan.wood.03:spirit_beast.fan.wood.04,spirit_beast.fan.wood.03,芳華翼猊,spirit_beast.fan.wood.04,翠冠靈鶴,spirit_beast.human.wood.03,建木靈猿,凡品,人品,3,1,10000,named
spirit_fusion.v2:spirit_beast.fan.wood.03:spirit_beast.fan.wood.05,spirit_beast.fan.wood.03,芳華翼猊,spirit_beast.fan.wood.05,木靈青鹿,spirit_beast.human.wood.01,青蘿靈鹿,凡品,人品,3,1,10000,fivephase_fallback
spirit_fusion.v2:spirit_beast.fan.wood.03:spirit_beast.fan.wood.06,spirit_beast.fan.wood.03,芳華翼猊,spirit_beast.fan.wood.06,芝雲神貘,spirit_beast.human.wood.02,百花九尾,凡品,人品,3,1,10000,fivephase_fallback
spirit_fusion.v2:spirit_beast.fan.water.01:spirit_beast.fan.wood.03,spirit_beast.fan.water.01,瀲光靈鯢,spirit_beast.fan.wood.03,芳華翼猊,spirit_beast.human.wood.03,建木靈猿,凡品,人品,3,1,10000,fivephase_fallback
spirit_fusion.v2:spirit_beast.fan.water.02:spirit_beast.fan.wood.03,spirit_beast.fan.water.02,月潮飛玄龜,spirit_beast.fan.wood.03,芳華翼猊,spirit_beast.human.wood.04,翠雲青鸞,凡品,人品,3,1,10000,fivephase_fallback
spirit_fusion.v2:spirit_beast.fan.water.03:spirit_beast.fan.wood.03,spirit_beast.fan.water.03,雲鰭青螭,spirit_beast.fan.wood.03,芳華翼猊,spirit_beast.human.wood.05,森羅麒獸,凡品,人品,3,1,10000,fivephase_fallback
spirit_fusion.v2:spirit_beast.fan.water.04:spirit_beast.fan.wood.03,spirit_beast.fan.water.04,碧渦海馬,spirit_beast.fan.wood.03,芳華翼猊,spirit_beast.human.wood.06,藥霞靈貘,凡品,人品,3,1,10000,fivephase_fallback
spirit_fusion.v2:spirit_beast.fan.water.05:spirit_beast.fan.wood.03,spirit_beast.fan.water.05,珠霧蝶翼麟,spirit_beast.fan.wood.03,芳華翼猊,spirit_beast.human.wood.01,青蘿靈鹿,凡品,人品,3,1,10000,fivephase_fallback
spirit_fusion.v2:spirit_beast.fan.water.06:spirit_beast.fan.wood.03,spirit_beast.fan.water.06,玄波幼螭,spirit_beast.fan.wood.03,芳華翼猊,spirit_beast.human.wood.02,百花九尾,凡品,人品,3,1,10000,fivephase_fallback
spirit_fusion.v2:spirit_beast.fan.fire.01:spirit_beast.fan.wood.03,spirit_beast.fan.fire.01,焰翎靈鶴,spirit_beast.fan.wood.03,芳華翼猊,spirit_beast.human.fire.03,丹霞火鸞,凡品,人品,3,1,10000,fivephase_fallback
spirit_fusion.v2:spirit_beast.fan.fire.02:spirit_beast.fan.wood.03,spirit_beast.fan.fire.02,赤燼翼狐,spirit_beast.fan.wood.03,芳華翼猊,spirit_beast.human.fire.04,熔星狻猊,凡品,人品,3,1,10000,fivephase_fallback
spirit_fusion.v2:spirit_beast.fan.fire.03:spirit_beast.fan.wood.03,spirit_beast.fan.fire.03,火羽鸞雛,spirit_beast.fan.wood.03,芳華翼猊,spirit_beast.human.fire.05,南明靈獬,凡品,人品,3,1,10000,fivephase_fallback
spirit_fusion.v2:spirit_beast.fan.fire.04:spirit_beast.fan.wood.03,spirit_beast.fan.fire.04,熾角狴犴,spirit_beast.fan.wood.03,芳華翼猊,spirit_beast.human.fire.06,燼羽鳳靈,凡品,人品,3,1,10000,fivephase_fallback
spirit_fusion.v2:spirit_beast.fan.fire.05:spirit_beast.fan.wood.03,spirit_beast.fan.fire.05,丹霞靈獬,spirit_beast.fan.wood.03,芳華翼猊,spirit_beast.human.fire.01,赤曜朱鶴,凡品,人品,3,1,10000,fivephase_fallback
spirit_fusion.v2:spirit_beast.fan.fire.06:spirit_beast.fan.wood.03,spirit_beast.fan.fire.06,燈魄鳳靈,spirit_beast.fan.wood.03,芳華翼猊,spirit_beast.human.fire.02,離焰九尾,凡品,人品,3,1,10000,fivephase_fallback
spirit_fusion.v2:spirit_beast.fan.earth.01:spirit_beast.fan.wood.03,spirit_beast.fan.earth.01,靈岩幼獬,spirit_beast.fan.wood.03,芳華翼猊,spirit_beast.human.wood.03,建木靈猿,凡品,人品,3,1,10000,fivephase_fallback
spirit_fusion.v2:spirit_beast.fan.earth.02:spirit_beast.fan.wood.03,spirit_beast.fan.earth.02,山紋翼羆,spirit_beast.fan.wood.03,芳華翼猊,spirit_beast.human.wood.04,翠雲青鸞,凡品,人品,3,1,10000,fivephase_fallback
spirit_fusion.v2:spirit_beast.fan.earth.03:spirit_beast.fan.wood.03,spirit_beast.fan.earth.03,坤砂靈羚,spirit_beast.fan.wood.03,芳華翼猊,spirit_beast.human.wood.05,森羅麒獸,凡品,人品,3,1,10000,fivephase_fallback
spirit_fusion.v2:spirit_beast.fan.earth.04:spirit_beast.fan.wood.03,spirit_beast.fan.earth.04,玉壤靈犀,spirit_beast.fan.wood.03,芳華翼猊,spirit_beast.human.wood.06,藥霞靈貘,凡品,人品,3,1,10000,fivephase_fallback
spirit_fusion.v2:spirit_beast.fan.earth.05:spirit_beast.fan.wood.03,spirit_beast.fan.earth.05,石髓龍龜,spirit_beast.fan.wood.03,芳華翼猊,spirit_beast.human.wood.01,青蘿靈鹿,凡品,人品,3,1,10000,fivephase_fallback
spirit_fusion.v2:spirit_beast.fan.earth.06:spirit_beast.fan.wood.03,spirit_beast.fan.earth.06,雲嶽角猊,spirit_beast.fan.wood.03,芳華翼猊,spirit_beast.human.wood.02,百花九尾,凡品,人品,3,1,10000,fivephase_fallback
spirit_fusion.v2:spirit_beast.fan.wood.04:spirit_beast.fan.wood.04,spirit_beast.fan.wood.04,翠冠靈鶴,spirit_beast.fan.wood.04,翠冠靈鶴,spirit_beast.human.wood.04,翠雲青鸞,凡品,人品,3,1,10000,same_species
spirit_fusion.v2:spirit_beast.fan.wood.04:spirit_beast.fan.wood.05,spirit_beast.fan.wood.04,翠冠靈鶴,spirit_beast.fan.wood.05,木靈青鹿,spirit_beast.human.wood.04,翠雲青鸞,凡品,人品,3,1,10000,named
spirit_fusion.v2:spirit_beast.fan.wood.04:spirit_beast.fan.wood.06,spirit_beast.fan.wood.04,翠冠靈鶴,spirit_beast.fan.wood.06,芝雲神貘,spirit_beast.human.wood.03,建木靈猿,凡品,人品,3,1,10000,fivephase_fallback
spirit_fusion.v2:spirit_beast.fan.water.01:spirit_beast.fan.wood.04,spirit_beast.fan.water.01,瀲光靈鯢,spirit_beast.fan.wood.04,翠冠靈鶴,spirit_beast.human.wood.04,翠雲青鸞,凡品,人品,3,1,10000,fivephase_fallback
spirit_fusion.v2:spirit_beast.fan.water.02:spirit_beast.fan.wood.04,spirit_beast.fan.water.02,月潮飛玄龜,spirit_beast.fan.wood.04,翠冠靈鶴,spirit_beast.human.wood.05,森羅麒獸,凡品,人品,3,1,10000,fivephase_fallback
spirit_fusion.v2:spirit_beast.fan.water.03:spirit_beast.fan.wood.04,spirit_beast.fan.water.03,雲鰭青螭,spirit_beast.fan.wood.04,翠冠靈鶴,spirit_beast.human.wood.06,藥霞靈貘,凡品,人品,3,1,10000,fivephase_fallback
spirit_fusion.v2:spirit_beast.fan.water.04:spirit_beast.fan.wood.04,spirit_beast.fan.water.04,碧渦海馬,spirit_beast.fan.wood.04,翠冠靈鶴,spirit_beast.human.wood.01,青蘿靈鹿,凡品,人品,3,1,10000,fivephase_fallback
spirit_fusion.v2:spirit_beast.fan.water.05:spirit_beast.fan.wood.04,spirit_beast.fan.water.05,珠霧蝶翼麟,spirit_beast.fan.wood.04,翠冠靈鶴,spirit_beast.human.wood.02,百花九尾,凡品,人品,3,1,10000,fivephase_fallback
spirit_fusion.v2:spirit_beast.fan.water.06:spirit_beast.fan.wood.04,spirit_beast.fan.water.06,玄波幼螭,spirit_beast.fan.wood.04,翠冠靈鶴,spirit_beast.human.wood.03,建木靈猿,凡品,人品,3,1,10000,fivephase_fallback
spirit_fusion.v2:spirit_beast.fan.fire.01:spirit_beast.fan.wood.04,spirit_beast.fan.fire.01,焰翎靈鶴,spirit_beast.fan.wood.04,翠冠靈鶴,spirit_beast.human.fire.04,熔星狻猊,凡品,人品,3,1,10000,fivephase_fallback
spirit_fusion.v2:spirit_beast.fan.fire.02:spirit_beast.fan.wood.04,spirit_beast.fan.fire.02,赤燼翼狐,spirit_beast.fan.wood.04,翠冠靈鶴,spirit_beast.human.fire.05,南明靈獬,凡品,人品,3,1,10000,fivephase_fallback
spirit_fusion.v2:spirit_beast.fan.fire.03:spirit_beast.fan.wood.04,spirit_beast.fan.fire.03,火羽鸞雛,spirit_beast.fan.wood.04,翠冠靈鶴,spirit_beast.human.fire.06,燼羽鳳靈,凡品,人品,3,1,10000,fivephase_fallback
spirit_fusion.v2:spirit_beast.fan.fire.04:spirit_beast.fan.wood.04,spirit_beast.fan.fire.04,熾角狴犴,spirit_beast.fan.wood.04,翠冠靈鶴,spirit_beast.human.fire.01,赤曜朱鶴,凡品,人品,3,1,10000,fivephase_fallback
spirit_fusion.v2:spirit_beast.fan.fire.05:spirit_beast.fan.wood.04,spirit_beast.fan.fire.05,丹霞靈獬,spirit_beast.fan.wood.04,翠冠靈鶴,spirit_beast.human.fire.02,離焰九尾,凡品,人品,3,1,10000,fivephase_fallback
spirit_fusion.v2:spirit_beast.fan.fire.06:spirit_beast.fan.wood.04,spirit_beast.fan.fire.06,燈魄鳳靈,spirit_beast.fan.wood.04,翠冠靈鶴,spirit_beast.human.fire.03,丹霞火鸞,凡品,人品,3,1,10000,fivephase_fallback
spirit_fusion.v2:spirit_beast.fan.earth.01:spirit_beast.fan.wood.04,spirit_beast.fan.earth.01,靈岩幼獬,spirit_beast.fan.wood.04,翠冠靈鶴,spirit_beast.human.wood.04,翠雲青鸞,凡品,人品,3,1,10000,fivephase_fallback
spirit_fusion.v2:spirit_beast.fan.earth.02:spirit_beast.fan.wood.04,spirit_beast.fan.earth.02,山紋翼羆,spirit_beast.fan.wood.04,翠冠靈鶴,spirit_beast.human.wood.05,森羅麒獸,凡品,人品,3,1,10000,fivephase_fallback
spirit_fusion.v2:spirit_beast.fan.earth.03:spirit_beast.fan.wood.04,spirit_beast.fan.earth.03,坤砂靈羚,spirit_beast.fan.wood.04,翠冠靈鶴,spirit_beast.human.wood.06,藥霞靈貘,凡品,人品,3,1,10000,fivephase_fallback
spirit_fusion.v2:spirit_beast.fan.earth.04:spirit_beast.fan.wood.04,spirit_beast.fan.earth.04,玉壤靈犀,spirit_beast.fan.wood.04,翠冠靈鶴,spirit_beast.human.wood.01,青蘿靈鹿,凡品,人品,3,1,10000,fivephase_fallback
spirit_fusion.v2:spirit_beast.fan.earth.05:spirit_beast.fan.wood.04,spirit_beast.fan.earth.05,石髓龍龜,spirit_beast.fan.wood.04,翠冠靈鶴,spirit_beast.human.wood.02,百花九尾,凡品,人品,3,1,10000,fivephase_fallback
spirit_fusion.v2:spirit_beast.fan.earth.06:spirit_beast.fan.wood.04,spirit_beast.fan.earth.06,雲嶽角猊,spirit_beast.fan.wood.04,翠冠靈鶴,spirit_beast.human.wood.03,建木靈猿,凡品,人品,3,1,10000,fivephase_fallback
spirit_fusion.v2:spirit_beast.fan.wood.05:spirit_beast.fan.wood.05,spirit_beast.fan.wood.05,木靈青鹿,spirit_beast.fan.wood.05,木靈青鹿,spirit_beast.human.wood.05,森羅麒獸,凡品,人品,3,1,10000,same_species
spirit_fusion.v2:spirit_beast.fan.wood.05:spirit_beast.fan.wood.06,spirit_beast.fan.wood.05,木靈青鹿,spirit_beast.fan.wood.06,芝雲神貘,spirit_beast.human.wood.05,森羅麒獸,凡品,人品,3,1,10000,named
spirit_fusion.v2:spirit_beast.fan.water.01:spirit_beast.fan.wood.05,spirit_beast.fan.water.01,瀲光靈鯢,spirit_beast.fan.wood.05,木靈青鹿,spirit_beast.human.wood.05,森羅麒獸,凡品,人品,3,1,10000,fivephase_fallback
spirit_fusion.v2:spirit_beast.fan.water.02:spirit_beast.fan.wood.05,spirit_beast.fan.water.02,月潮飛玄龜,spirit_beast.fan.wood.05,木靈青鹿,spirit_beast.human.wood.06,藥霞靈貘,凡品,人品,3,1,10000,fivephase_fallback
spirit_fusion.v2:spirit_beast.fan.water.03:spirit_beast.fan.wood.05,spirit_beast.fan.water.03,雲鰭青螭,spirit_beast.fan.wood.05,木靈青鹿,spirit_beast.human.wood.01,青蘿靈鹿,凡品,人品,3,1,10000,fivephase_fallback
spirit_fusion.v2:spirit_beast.fan.water.04:spirit_beast.fan.wood.05,spirit_beast.fan.water.04,碧渦海馬,spirit_beast.fan.wood.05,木靈青鹿,spirit_beast.human.wood.02,百花九尾,凡品,人品,3,1,10000,fivephase_fallback
spirit_fusion.v2:spirit_beast.fan.water.05:spirit_beast.fan.wood.05,spirit_beast.fan.water.05,珠霧蝶翼麟,spirit_beast.fan.wood.05,木靈青鹿,spirit_beast.human.wood.03,建木靈猿,凡品,人品,3,1,10000,fivephase_fallback
spirit_fusion.v2:spirit_beast.fan.water.06:spirit_beast.fan.wood.05,spirit_beast.fan.water.06,玄波幼螭,spirit_beast.fan.wood.05,木靈青鹿,spirit_beast.human.wood.04,翠雲青鸞,凡品,人品,3,1,10000,fivephase_fallback
spirit_fusion.v2:spirit_beast.fan.fire.01:spirit_beast.fan.wood.05,spirit_beast.fan.fire.01,焰翎靈鶴,spirit_beast.fan.wood.05,木靈青鹿,spirit_beast.human.fire.05,南明靈獬,凡品,人品,3,1,10000,fivephase_fallback
spirit_fusion.v2:spirit_beast.fan.fire.02:spirit_beast.fan.wood.05,spirit_beast.fan.fire.02,赤燼翼狐,spirit_beast.fan.wood.05,木靈青鹿,spirit_beast.human.fire.06,燼羽鳳靈,凡品,人品,3,1,10000,fivephase_fallback
spirit_fusion.v2:spirit_beast.fan.fire.03:spirit_beast.fan.wood.05,spirit_beast.fan.fire.03,火羽鸞雛,spirit_beast.fan.wood.05,木靈青鹿,spirit_beast.human.fire.01,赤曜朱鶴,凡品,人品,3,1,10000,fivephase_fallback
spirit_fusion.v2:spirit_beast.fan.fire.04:spirit_beast.fan.wood.05,spirit_beast.fan.fire.04,熾角狴犴,spirit_beast.fan.wood.05,木靈青鹿,spirit_beast.human.fire.02,離焰九尾,凡品,人品,3,1,10000,fivephase_fallback
spirit_fusion.v2:spirit_beast.fan.fire.05:spirit_beast.fan.wood.05,spirit_beast.fan.fire.05,丹霞靈獬,spirit_beast.fan.wood.05,木靈青鹿,spirit_beast.human.fire.03,丹霞火鸞,凡品,人品,3,1,10000,fivephase_fallback
spirit_fusion.v2:spirit_beast.fan.fire.06:spirit_beast.fan.wood.05,spirit_beast.fan.fire.06,燈魄鳳靈,spirit_beast.fan.wood.05,木靈青鹿,spirit_beast.human.fire.04,熔星狻猊,凡品,人品,3,1,10000,fivephase_fallback
spirit_fusion.v2:spirit_beast.fan.earth.01:spirit_beast.fan.wood.05,spirit_beast.fan.earth.01,靈岩幼獬,spirit_beast.fan.wood.05,木靈青鹿,spirit_beast.human.wood.05,森羅麒獸,凡品,人品,3,1,10000,fivephase_fallback
spirit_fusion.v2:spirit_beast.fan.earth.02:spirit_beast.fan.wood.05,spirit_beast.fan.earth.02,山紋翼羆,spirit_beast.fan.wood.05,木靈青鹿,spirit_beast.human.wood.06,藥霞靈貘,凡品,人品,3,1,10000,fivephase_fallback
spirit_fusion.v2:spirit_beast.fan.earth.03:spirit_beast.fan.wood.05,spirit_beast.fan.earth.03,坤砂靈羚,spirit_beast.fan.wood.05,木靈青鹿,spirit_beast.human.wood.01,青蘿靈鹿,凡品,人品,3,1,10000,fivephase_fallback
spirit_fusion.v2:spirit_beast.fan.earth.04:spirit_beast.fan.wood.05,spirit_beast.fan.earth.04,玉壤靈犀,spirit_beast.fan.wood.05,木靈青鹿,spirit_beast.human.wood.02,百花九尾,凡品,人品,3,1,10000,fivephase_fallback
spirit_fusion.v2:spirit_beast.fan.earth.05:spirit_beast.fan.wood.05,spirit_beast.fan.earth.05,石髓龍龜,spirit_beast.fan.wood.05,木靈青鹿,spirit_beast.human.wood.03,建木靈猿,凡品,人品,3,1,10000,fivephase_fallback
spirit_fusion.v2:spirit_beast.fan.earth.06:spirit_beast.fan.wood.05,spirit_beast.fan.earth.06,雲嶽角猊,spirit_beast.fan.wood.05,木靈青鹿,spirit_beast.human.wood.04,翠雲青鸞,凡品,人品,3,1,10000,fivephase_fallback
spirit_fusion.v2:spirit_beast.fan.wood.06:spirit_beast.fan.wood.06,spirit_beast.fan.wood.06,芝雲神貘,spirit_beast.fan.wood.06,芝雲神貘,spirit_beast.human.wood.06,藥霞靈貘,凡品,人品,3,1,10000,same_species
spirit_fusion.v2:spirit_beast.fan.water.01:spirit_beast.fan.wood.06,spirit_beast.fan.water.01,瀲光靈鯢,spirit_beast.fan.wood.06,芝雲神貘,spirit_beast.human.wood.06,藥霞靈貘,凡品,人品,3,1,10000,fivephase_fallback
spirit_fusion.v2:spirit_beast.fan.water.02:spirit_beast.fan.wood.06,spirit_beast.fan.water.02,月潮飛玄龜,spirit_beast.fan.wood.06,芝雲神貘,spirit_beast.human.wood.01,青蘿靈鹿,凡品,人品,3,1,10000,fivephase_fallback
spirit_fusion.v2:spirit_beast.fan.water.03:spirit_beast.fan.wood.06,spirit_beast.fan.water.03,雲鰭青螭,spirit_beast.fan.wood.06,芝雲神貘,spirit_beast.human.wood.02,百花九尾,凡品,人品,3,1,10000,fivephase_fallback
spirit_fusion.v2:spirit_beast.fan.water.04:spirit_beast.fan.wood.06,spirit_beast.fan.water.04,碧渦海馬,spirit_beast.fan.wood.06,芝雲神貘,spirit_beast.human.wood.03,建木靈猿,凡品,人品,3,1,10000,fivephase_fallback
spirit_fusion.v2:spirit_beast.fan.water.05:spirit_beast.fan.wood.06,spirit_beast.fan.water.05,珠霧蝶翼麟,spirit_beast.fan.wood.06,芝雲神貘,spirit_beast.human.wood.04,翠雲青鸞,凡品,人品,3,1,10000,fivephase_fallback
spirit_fusion.v2:spirit_beast.fan.water.06:spirit_beast.fan.wood.06,spirit_beast.fan.water.06,玄波幼螭,spirit_beast.fan.wood.06,芝雲神貘,spirit_beast.human.wood.05,森羅麒獸,凡品,人品,3,1,10000,fivephase_fallback
spirit_fusion.v2:spirit_beast.fan.fire.01:spirit_beast.fan.wood.06,spirit_beast.fan.fire.01,焰翎靈鶴,spirit_beast.fan.wood.06,芝雲神貘,spirit_beast.human.fire.06,燼羽鳳靈,凡品,人品,3,1,10000,fivephase_fallback
spirit_fusion.v2:spirit_beast.fan.fire.02:spirit_beast.fan.wood.06,spirit_beast.fan.fire.02,赤燼翼狐,spirit_beast.fan.wood.06,芝雲神貘,spirit_beast.human.fire.01,赤曜朱鶴,凡品,人品,3,1,10000,fivephase_fallback
spirit_fusion.v2:spirit_beast.fan.fire.03:spirit_beast.fan.wood.06,spirit_beast.fan.fire.03,火羽鸞雛,spirit_beast.fan.wood.06,芝雲神貘,spirit_beast.human.fire.02,離焰九尾,凡品,人品,3,1,10000,fivephase_fallback
spirit_fusion.v2:spirit_beast.fan.fire.04:spirit_beast.fan.wood.06,spirit_beast.fan.fire.04,熾角狴犴,spirit_beast.fan.wood.06,芝雲神貘,spirit_beast.human.fire.03,丹霞火鸞,凡品,人品,3,1,10000,fivephase_fallback
spirit_fusion.v2:spirit_beast.fan.fire.05:spirit_beast.fan.wood.06,spirit_beast.fan.fire.05,丹霞靈獬,spirit_beast.fan.wood.06,芝雲神貘,spirit_beast.human.fire.04,熔星狻猊,凡品,人品,3,1,10000,fivephase_fallback
spirit_fusion.v2:spirit_beast.fan.fire.06:spirit_beast.fan.wood.06,spirit_beast.fan.fire.06,燈魄鳳靈,spirit_beast.fan.wood.06,芝雲神貘,spirit_beast.human.fire.05,南明靈獬,凡品,人品,3,1,10000,fivephase_fallback
spirit_fusion.v2:spirit_beast.fan.earth.01:spirit_beast.fan.wood.06,spirit_beast.fan.earth.01,靈岩幼獬,spirit_beast.fan.wood.06,芝雲神貘,spirit_beast.human.wood.06,藥霞靈貘,凡品,人品,3,1,10000,fivephase_fallback
spirit_fusion.v2:spirit_beast.fan.earth.02:spirit_beast.fan.wood.06,spirit_beast.fan.earth.02,山紋翼羆,spirit_beast.fan.wood.06,芝雲神貘,spirit_beast.human.wood.01,青蘿靈鹿,凡品,人品,3,1,10000,fivephase_fallback
spirit_fusion.v2:spirit_beast.fan.earth.03:spirit_beast.fan.wood.06,spirit_beast.fan.earth.03,坤砂靈羚,spirit_beast.fan.wood.06,芝雲神貘,spirit_beast.human.wood.02,百花九尾,凡品,人品,3,1,10000,fivephase_fallback
spirit_fusion.v2:spirit_beast.fan.earth.04:spirit_beast.fan.wood.06,spirit_beast.fan.earth.04,玉壤靈犀,spirit_beast.fan.wood.06,芝雲神貘,spirit_beast.human.wood.03,建木靈猿,凡品,人品,3,1,10000,fivephase_fallback
spirit_fusion.v2:spirit_beast.fan.earth.05:spirit_beast.fan.wood.06,spirit_beast.fan.earth.05,石髓龍龜,spirit_beast.fan.wood.06,芝雲神貘,spirit_beast.human.wood.04,翠雲青鸞,凡品,人品,3,1,10000,fivephase_fallback
spirit_fusion.v2:spirit_beast.fan.earth.06:spirit_beast.fan.wood.06,spirit_beast.fan.earth.06,雲嶽角猊,spirit_beast.fan.wood.06,芝雲神貘,spirit_beast.human.wood.05,森羅麒獸,凡品,人品,3,1,10000,fivephase_fallback
spirit_fusion.v2:spirit_beast.fan.water.01:spirit_beast.fan.water.01,spirit_beast.fan.water.01,瀲光靈鯢,spirit_beast.fan.water.01,瀲光靈鯢,spirit_beast.human.water.01,寒潭靈黿,凡品,人品,3,1,10000,same_species
spirit_fusion.v2:spirit_beast.fan.water.01:spirit_beast.fan.water.02,spirit_beast.fan.water.01,瀲光靈鯢,spirit_beast.fan.water.02,月潮飛玄龜,spirit_beast.human.water.01,寒潭靈黿,凡品,人品,3,1,10000,named
spirit_fusion.v2:spirit_beast.fan.water.01:spirit_beast.fan.water.03,spirit_beast.fan.water.01,瀲光靈鯢,spirit_beast.fan.water.03,雲鰭青螭,spirit_beast.human.water.03,月汐長鰭鯉,凡品,人品,3,1,10000,fivephase_fallback
spirit_fusion.v2:spirit_beast.fan.water.01:spirit_beast.fan.water.04,spirit_beast.fan.water.01,瀲光靈鯢,spirit_beast.fan.water.04,碧渦海馬,spirit_beast.human.water.04,琉璃海馬麟,凡品,人品,3,1,10000,fivephase_fallback
spirit_fusion.v2:spirit_beast.fan.water.01:spirit_beast.fan.water.05,spirit_beast.fan.water.01,瀲光靈鯢,spirit_beast.fan.water.05,珠霧蝶翼麟,spirit_beast.human.water.05,珠泉獨角靈鯉,凡品,人品,3,1,10000,fivephase_fallback
spirit_fusion.v2:spirit_beast.fan.water.01:spirit_beast.fan.water.06,spirit_beast.fan.water.01,瀲光靈鯢,spirit_beast.fan.water.06,玄波幼螭,spirit_beast.human.water.06,霧海靈鯤,凡品,人品,3,1,10000,named
spirit_fusion.v2:spirit_beast.fan.fire.01:spirit_beast.fan.water.01,spirit_beast.fan.fire.01,焰翎靈鶴,spirit_beast.fan.water.01,瀲光靈鯢,spirit_beast.human.water.01,寒潭靈黿,凡品,人品,3,1,10000,fivephase_fallback
spirit_fusion.v2:spirit_beast.fan.fire.02:spirit_beast.fan.water.01,spirit_beast.fan.fire.02,赤燼翼狐,spirit_beast.fan.water.01,瀲光靈鯢,spirit_beast.human.water.02,滄浪青螭,凡品,人品,3,1,10000,fivephase_fallback
spirit_fusion.v2:spirit_beast.fan.fire.03:spirit_beast.fan.water.01,spirit_beast.fan.fire.03,火羽鸞雛,spirit_beast.fan.water.01,瀲光靈鯢,spirit_beast.human.water.03,月汐長鰭鯉,凡品,人品,3,1,10000,fivephase_fallback
spirit_fusion.v2:spirit_beast.fan.fire.04:spirit_beast.fan.water.01,spirit_beast.fan.fire.04,熾角狴犴,spirit_beast.fan.water.01,瀲光靈鯢,spirit_beast.human.water.04,琉璃海馬麟,凡品,人品,3,1,10000,fivephase_fallback
spirit_fusion.v2:spirit_beast.fan.fire.05:spirit_beast.fan.water.01,spirit_beast.fan.fire.05,丹霞靈獬,spirit_beast.fan.water.01,瀲光靈鯢,spirit_beast.human.water.05,珠泉獨角靈鯉,凡品,人品,3,1,10000,fivephase_fallback
spirit_fusion.v2:spirit_beast.fan.fire.06:spirit_beast.fan.water.01,spirit_beast.fan.fire.06,燈魄鳳靈,spirit_beast.fan.water.01,瀲光靈鯢,spirit_beast.human.water.06,霧海靈鯤,凡品,人品,3,1,10000,fivephase_fallback
spirit_fusion.v2:spirit_beast.fan.earth.01:spirit_beast.fan.water.01,spirit_beast.fan.earth.01,靈岩幼獬,spirit_beast.fan.water.01,瀲光靈鯢,spirit_beast.human.earth.01,鎮嶽靈犀,凡品,人品,3,1,10000,fivephase_fallback
spirit_fusion.v2:spirit_beast.fan.earth.02:spirit_beast.fan.water.01,spirit_beast.fan.earth.02,山紋翼羆,spirit_beast.fan.water.01,瀲光靈鯢,spirit_beast.human.earth.02,厚土翼羆,凡品,人品,3,1,10000,fivephase_fallback
spirit_fusion.v2:spirit_beast.fan.earth.03:spirit_beast.fan.water.01,spirit_beast.fan.earth.03,坤砂靈羚,spirit_beast.fan.water.01,瀲光靈鯢,spirit_beast.human.earth.03,坤脈麒麟,凡品,人品,3,1,10000,fivephase_fallback
spirit_fusion.v2:spirit_beast.fan.earth.04:spirit_beast.fan.water.01,spirit_beast.fan.earth.04,玉壤靈犀,spirit_beast.fan.water.01,瀲光靈鯢,spirit_beast.human.earth.04,青巖獬豸,凡品,人品,3,1,10000,fivephase_fallback
spirit_fusion.v2:spirit_beast.fan.earth.05:spirit_beast.fan.water.01,spirit_beast.fan.earth.05,石髓龍龜,spirit_beast.fan.water.01,瀲光靈鯢,spirit_beast.human.earth.05,負碑靈龜,凡品,人品,3,1,10000,fivephase_fallback
spirit_fusion.v2:spirit_beast.fan.earth.06:spirit_beast.fan.water.01,spirit_beast.fan.earth.06,雲嶽角猊,spirit_beast.fan.water.01,瀲光靈鯢,spirit_beast.human.earth.06,崩雲巨猿,凡品,人品,3,1,10000,fivephase_fallback
spirit_fusion.v2:spirit_beast.fan.water.02:spirit_beast.fan.water.02,spirit_beast.fan.water.02,月潮飛玄龜,spirit_beast.fan.water.02,月潮飛玄龜,spirit_beast.human.water.02,滄浪青螭,凡品,人品,3,1,10000,same_species
spirit_fusion.v2:spirit_beast.fan.water.02:spirit_beast.fan.water.03,spirit_beast.fan.water.02,月潮飛玄龜,spirit_beast.fan.water.03,雲鰭青螭,spirit_beast.human.water.02,滄浪青螭,凡品,人品,3,1,10000,named
spirit_fusion.v2:spirit_beast.fan.water.02:spirit_beast.fan.water.04,spirit_beast.fan.water.02,月潮飛玄龜,spirit_beast.fan.water.04,碧渦海馬,spirit_beast.human.water.05,珠泉獨角靈鯉,凡品,人品,3,1,10000,fivephase_fallback
spirit_fusion.v2:spirit_beast.fan.water.02:spirit_beast.fan.water.05,spirit_beast.fan.water.02,月潮飛玄龜,spirit_beast.fan.water.05,珠霧蝶翼麟,spirit_beast.human.water.06,霧海靈鯤,凡品,人品,3,1,10000,fivephase_fallback
spirit_fusion.v2:spirit_beast.fan.water.02:spirit_beast.fan.water.06,spirit_beast.fan.water.02,月潮飛玄龜,spirit_beast.fan.water.06,玄波幼螭,spirit_beast.human.water.01,寒潭靈黿,凡品,人品,3,1,10000,fivephase_fallback
spirit_fusion.v2:spirit_beast.fan.fire.01:spirit_beast.fan.water.02,spirit_beast.fan.fire.01,焰翎靈鶴,spirit_beast.fan.water.02,月潮飛玄龜,spirit_beast.human.water.02,滄浪青螭,凡品,人品,3,1,10000,fivephase_fallback
spirit_fusion.v2:spirit_beast.fan.fire.02:spirit_beast.fan.water.02,spirit_beast.fan.fire.02,赤燼翼狐,spirit_beast.fan.water.02,月潮飛玄龜,spirit_beast.human.water.03,月汐長鰭鯉,凡品,人品,3,1,10000,fivephase_fallback
spirit_fusion.v2:spirit_beast.fan.fire.03:spirit_beast.fan.water.02,spirit_beast.fan.fire.03,火羽鸞雛,spirit_beast.fan.water.02,月潮飛玄龜,spirit_beast.human.water.04,琉璃海馬麟,凡品,人品,3,1,10000,fivephase_fallback
spirit_fusion.v2:spirit_beast.fan.fire.04:spirit_beast.fan.water.02,spirit_beast.fan.fire.04,熾角狴犴,spirit_beast.fan.water.02,月潮飛玄龜,spirit_beast.human.water.05,珠泉獨角靈鯉,凡品,人品,3,1,10000,fivephase_fallback
spirit_fusion.v2:spirit_beast.fan.fire.05:spirit_beast.fan.water.02,spirit_beast.fan.fire.05,丹霞靈獬,spirit_beast.fan.water.02,月潮飛玄龜,spirit_beast.human.water.06,霧海靈鯤,凡品,人品,3,1,10000,fivephase_fallback
spirit_fusion.v2:spirit_beast.fan.fire.06:spirit_beast.fan.water.02,spirit_beast.fan.fire.06,燈魄鳳靈,spirit_beast.fan.water.02,月潮飛玄龜,spirit_beast.human.water.01,寒潭靈黿,凡品,人品,3,1,10000,fivephase_fallback
spirit_fusion.v2:spirit_beast.fan.earth.01:spirit_beast.fan.water.02,spirit_beast.fan.earth.01,靈岩幼獬,spirit_beast.fan.water.02,月潮飛玄龜,spirit_beast.human.earth.02,厚土翼羆,凡品,人品,3,1,10000,fivephase_fallback
spirit_fusion.v2:spirit_beast.fan.earth.02:spirit_beast.fan.water.02,spirit_beast.fan.earth.02,山紋翼羆,spirit_beast.fan.water.02,月潮飛玄龜,spirit_beast.human.earth.03,坤脈麒麟,凡品,人品,3,1,10000,fivephase_fallback
spirit_fusion.v2:spirit_beast.fan.earth.03:spirit_beast.fan.water.02,spirit_beast.fan.earth.03,坤砂靈羚,spirit_beast.fan.water.02,月潮飛玄龜,spirit_beast.human.earth.04,青巖獬豸,凡品,人品,3,1,10000,fivephase_fallback
spirit_fusion.v2:spirit_beast.fan.earth.04:spirit_beast.fan.water.02,spirit_beast.fan.earth.04,玉壤靈犀,spirit_beast.fan.water.02,月潮飛玄龜,spirit_beast.human.earth.05,負碑靈龜,凡品,人品,3,1,10000,fivephase_fallback
spirit_fusion.v2:spirit_beast.fan.earth.05:spirit_beast.fan.water.02,spirit_beast.fan.earth.05,石髓龍龜,spirit_beast.fan.water.02,月潮飛玄龜,spirit_beast.human.earth.06,崩雲巨猿,凡品,人品,3,1,10000,fivephase_fallback
spirit_fusion.v2:spirit_beast.fan.earth.06:spirit_beast.fan.water.02,spirit_beast.fan.earth.06,雲嶽角猊,spirit_beast.fan.water.02,月潮飛玄龜,spirit_beast.human.earth.01,鎮嶽靈犀,凡品,人品,3,1,10000,fivephase_fallback
spirit_fusion.v2:spirit_beast.fan.water.03:spirit_beast.fan.water.03,spirit_beast.fan.water.03,雲鰭青螭,spirit_beast.fan.water.03,雲鰭青螭,spirit_beast.human.water.03,月汐長鰭鯉,凡品,人品,3,1,10000,same_species
spirit_fusion.v2:spirit_beast.fan.water.03:spirit_beast.fan.water.04,spirit_beast.fan.water.03,雲鰭青螭,spirit_beast.fan.water.04,碧渦海馬,spirit_beast.human.water.03,月汐長鰭鯉,凡品,人品,3,1,10000,named
spirit_fusion.v2:spirit_beast.fan.water.03:spirit_beast.fan.water.05,spirit_beast.fan.water.03,雲鰭青螭,spirit_beast.fan.water.05,珠霧蝶翼麟,spirit_beast.human.water.01,寒潭靈黿,凡品,人品,3,1,10000,fivephase_fallback
spirit_fusion.v2:spirit_beast.fan.water.03:spirit_beast.fan.water.06,spirit_beast.fan.water.03,雲鰭青螭,spirit_beast.fan.water.06,玄波幼螭,spirit_beast.human.water.02,滄浪青螭,凡品,人品,3,1,10000,fivephase_fallback
spirit_fusion.v2:spirit_beast.fan.fire.01:spirit_beast.fan.water.03,spirit_beast.fan.fire.01,焰翎靈鶴,spirit_beast.fan.water.03,雲鰭青螭,spirit_beast.human.water.03,月汐長鰭鯉,凡品,人品,3,1,10000,fivephase_fallback
spirit_fusion.v2:spirit_beast.fan.fire.02:spirit_beast.fan.water.03,spirit_beast.fan.fire.02,赤燼翼狐,spirit_beast.fan.water.03,雲鰭青螭,spirit_beast.human.water.04,琉璃海馬麟,凡品,人品,3,1,10000,fivephase_fallback
spirit_fusion.v2:spirit_beast.fan.fire.03:spirit_beast.fan.water.03,spirit_beast.fan.fire.03,火羽鸞雛,spirit_beast.fan.water.03,雲鰭青螭,spirit_beast.human.water.05,珠泉獨角靈鯉,凡品,人品,3,1,10000,fivephase_fallback
spirit_fusion.v2:spirit_beast.fan.fire.04:spirit_beast.fan.water.03,spirit_beast.fan.fire.04,熾角狴犴,spirit_beast.fan.water.03,雲鰭青螭,spirit_beast.human.water.06,霧海靈鯤,凡品,人品,3,1,10000,fivephase_fallback
spirit_fusion.v2:spirit_beast.fan.fire.05:spirit_beast.fan.water.03,spirit_beast.fan.fire.05,丹霞靈獬,spirit_beast.fan.water.03,雲鰭青螭,spirit_beast.human.water.01,寒潭靈黿,凡品,人品,3,1,10000,fivephase_fallback
spirit_fusion.v2:spirit_beast.fan.fire.06:spirit_beast.fan.water.03,spirit_beast.fan.fire.06,燈魄鳳靈,spirit_beast.fan.water.03,雲鰭青螭,spirit_beast.human.water.02,滄浪青螭,凡品,人品,3,1,10000,fivephase_fallback
spirit_fusion.v2:spirit_beast.fan.earth.01:spirit_beast.fan.water.03,spirit_beast.fan.earth.01,靈岩幼獬,spirit_beast.fan.water.03,雲鰭青螭,spirit_beast.human.earth.03,坤脈麒麟,凡品,人品,3,1,10000,fivephase_fallback
spirit_fusion.v2:spirit_beast.fan.earth.02:spirit_beast.fan.water.03,spirit_beast.fan.earth.02,山紋翼羆,spirit_beast.fan.water.03,雲鰭青螭,spirit_beast.human.earth.04,青巖獬豸,凡品,人品,3,1,10000,fivephase_fallback
spirit_fusion.v2:spirit_beast.fan.earth.03:spirit_beast.fan.water.03,spirit_beast.fan.earth.03,坤砂靈羚,spirit_beast.fan.water.03,雲鰭青螭,spirit_beast.human.earth.05,負碑靈龜,凡品,人品,3,1,10000,fivephase_fallback
spirit_fusion.v2:spirit_beast.fan.earth.04:spirit_beast.fan.water.03,spirit_beast.fan.earth.04,玉壤靈犀,spirit_beast.fan.water.03,雲鰭青螭,spirit_beast.human.earth.06,崩雲巨猿,凡品,人品,3,1,10000,fivephase_fallback
spirit_fusion.v2:spirit_beast.fan.earth.05:spirit_beast.fan.water.03,spirit_beast.fan.earth.05,石髓龍龜,spirit_beast.fan.water.03,雲鰭青螭,spirit_beast.human.earth.01,鎮嶽靈犀,凡品,人品,3,1,10000,fivephase_fallback
spirit_fusion.v2:spirit_beast.fan.earth.06:spirit_beast.fan.water.03,spirit_beast.fan.earth.06,雲嶽角猊,spirit_beast.fan.water.03,雲鰭青螭,spirit_beast.human.earth.02,厚土翼羆,凡品,人品,3,1,10000,fivephase_fallback
spirit_fusion.v2:spirit_beast.fan.water.04:spirit_beast.fan.water.04,spirit_beast.fan.water.04,碧渦海馬,spirit_beast.fan.water.04,碧渦海馬,spirit_beast.human.water.04,琉璃海馬麟,凡品,人品,3,1,10000,same_species
spirit_fusion.v2:spirit_beast.fan.water.04:spirit_beast.fan.water.05,spirit_beast.fan.water.04,碧渦海馬,spirit_beast.fan.water.05,珠霧蝶翼麟,spirit_beast.human.water.04,琉璃海馬麟,凡品,人品,3,1,10000,named
spirit_fusion.v2:spirit_beast.fan.water.04:spirit_beast.fan.water.06,spirit_beast.fan.water.04,碧渦海馬,spirit_beast.fan.water.06,玄波幼螭,spirit_beast.human.water.03,月汐長鰭鯉,凡品,人品,3,1,10000,fivephase_fallback
spirit_fusion.v2:spirit_beast.fan.fire.01:spirit_beast.fan.water.04,spirit_beast.fan.fire.01,焰翎靈鶴,spirit_beast.fan.water.04,碧渦海馬,spirit_beast.human.water.04,琉璃海馬麟,凡品,人品,3,1,10000,fivephase_fallback
spirit_fusion.v2:spirit_beast.fan.fire.02:spirit_beast.fan.water.04,spirit_beast.fan.fire.02,赤燼翼狐,spirit_beast.fan.water.04,碧渦海馬,spirit_beast.human.water.05,珠泉獨角靈鯉,凡品,人品,3,1,10000,fivephase_fallback
spirit_fusion.v2:spirit_beast.fan.fire.03:spirit_beast.fan.water.04,spirit_beast.fan.fire.03,火羽鸞雛,spirit_beast.fan.water.04,碧渦海馬,spirit_beast.human.water.06,霧海靈鯤,凡品,人品,3,1,10000,fivephase_fallback
spirit_fusion.v2:spirit_beast.fan.fire.04:spirit_beast.fan.water.04,spirit_beast.fan.fire.04,熾角狴犴,spirit_beast.fan.water.04,碧渦海馬,spirit_beast.human.water.01,寒潭靈黿,凡品,人品,3,1,10000,fivephase_fallback
spirit_fusion.v2:spirit_beast.fan.fire.05:spirit_beast.fan.water.04,spirit_beast.fan.fire.05,丹霞靈獬,spirit_beast.fan.water.04,碧渦海馬,spirit_beast.human.water.02,滄浪青螭,凡品,人品,3,1,10000,fivephase_fallback
spirit_fusion.v2:spirit_beast.fan.fire.06:spirit_beast.fan.water.04,spirit_beast.fan.fire.06,燈魄鳳靈,spirit_beast.fan.water.04,碧渦海馬,spirit_beast.human.water.03,月汐長鰭鯉,凡品,人品,3,1,10000,fivephase_fallback
spirit_fusion.v2:spirit_beast.fan.earth.01:spirit_beast.fan.water.04,spirit_beast.fan.earth.01,靈岩幼獬,spirit_beast.fan.water.04,碧渦海馬,spirit_beast.human.earth.04,青巖獬豸,凡品,人品,3,1,10000,fivephase_fallback
spirit_fusion.v2:spirit_beast.fan.earth.02:spirit_beast.fan.water.04,spirit_beast.fan.earth.02,山紋翼羆,spirit_beast.fan.water.04,碧渦海馬,spirit_beast.human.earth.05,負碑靈龜,凡品,人品,3,1,10000,fivephase_fallback
spirit_fusion.v2:spirit_beast.fan.earth.03:spirit_beast.fan.water.04,spirit_beast.fan.earth.03,坤砂靈羚,spirit_beast.fan.water.04,碧渦海馬,spirit_beast.human.earth.06,崩雲巨猿,凡品,人品,3,1,10000,fivephase_fallback
spirit_fusion.v2:spirit_beast.fan.earth.04:spirit_beast.fan.water.04,spirit_beast.fan.earth.04,玉壤靈犀,spirit_beast.fan.water.04,碧渦海馬,spirit_beast.human.earth.01,鎮嶽靈犀,凡品,人品,3,1,10000,fivephase_fallback
spirit_fusion.v2:spirit_beast.fan.earth.05:spirit_beast.fan.water.04,spirit_beast.fan.earth.05,石髓龍龜,spirit_beast.fan.water.04,碧渦海馬,spirit_beast.human.earth.02,厚土翼羆,凡品,人品,3,1,10000,fivephase_fallback
spirit_fusion.v2:spirit_beast.fan.earth.06:spirit_beast.fan.water.04,spirit_beast.fan.earth.06,雲嶽角猊,spirit_beast.fan.water.04,碧渦海馬,spirit_beast.human.earth.03,坤脈麒麟,凡品,人品,3,1,10000,fivephase_fallback
spirit_fusion.v2:spirit_beast.fan.water.05:spirit_beast.fan.water.05,spirit_beast.fan.water.05,珠霧蝶翼麟,spirit_beast.fan.water.05,珠霧蝶翼麟,spirit_beast.human.water.05,珠泉獨角靈鯉,凡品,人品,3,1,10000,same_species
spirit_fusion.v2:spirit_beast.fan.water.05:spirit_beast.fan.water.06,spirit_beast.fan.water.05,珠霧蝶翼麟,spirit_beast.fan.water.06,玄波幼螭,spirit_beast.human.water.05,珠泉獨角靈鯉,凡品,人品,3,1,10000,named
spirit_fusion.v2:spirit_beast.fan.fire.01:spirit_beast.fan.water.05,spirit_beast.fan.fire.01,焰翎靈鶴,spirit_beast.fan.water.05,珠霧蝶翼麟,spirit_beast.human.water.05,珠泉獨角靈鯉,凡品,人品,3,1,10000,fivephase_fallback
spirit_fusion.v2:spirit_beast.fan.fire.02:spirit_beast.fan.water.05,spirit_beast.fan.fire.02,赤燼翼狐,spirit_beast.fan.water.05,珠霧蝶翼麟,spirit_beast.human.water.06,霧海靈鯤,凡品,人品,3,1,10000,fivephase_fallback
spirit_fusion.v2:spirit_beast.fan.fire.03:spirit_beast.fan.water.05,spirit_beast.fan.fire.03,火羽鸞雛,spirit_beast.fan.water.05,珠霧蝶翼麟,spirit_beast.human.water.01,寒潭靈黿,凡品,人品,3,1,10000,fivephase_fallback
spirit_fusion.v2:spirit_beast.fan.fire.04:spirit_beast.fan.water.05,spirit_beast.fan.fire.04,熾角狴犴,spirit_beast.fan.water.05,珠霧蝶翼麟,spirit_beast.human.water.02,滄浪青螭,凡品,人品,3,1,10000,fivephase_fallback
spirit_fusion.v2:spirit_beast.fan.fire.05:spirit_beast.fan.water.05,spirit_beast.fan.fire.05,丹霞靈獬,spirit_beast.fan.water.05,珠霧蝶翼麟,spirit_beast.human.water.03,月汐長鰭鯉,凡品,人品,3,1,10000,fivephase_fallback
spirit_fusion.v2:spirit_beast.fan.fire.06:spirit_beast.fan.water.05,spirit_beast.fan.fire.06,燈魄鳳靈,spirit_beast.fan.water.05,珠霧蝶翼麟,spirit_beast.human.water.04,琉璃海馬麟,凡品,人品,3,1,10000,fivephase_fallback
spirit_fusion.v2:spirit_beast.fan.earth.01:spirit_beast.fan.water.05,spirit_beast.fan.earth.01,靈岩幼獬,spirit_beast.fan.water.05,珠霧蝶翼麟,spirit_beast.human.earth.05,負碑靈龜,凡品,人品,3,1,10000,fivephase_fallback
spirit_fusion.v2:spirit_beast.fan.earth.02:spirit_beast.fan.water.05,spirit_beast.fan.earth.02,山紋翼羆,spirit_beast.fan.water.05,珠霧蝶翼麟,spirit_beast.human.earth.06,崩雲巨猿,凡品,人品,3,1,10000,fivephase_fallback
spirit_fusion.v2:spirit_beast.fan.earth.03:spirit_beast.fan.water.05,spirit_beast.fan.earth.03,坤砂靈羚,spirit_beast.fan.water.05,珠霧蝶翼麟,spirit_beast.human.earth.01,鎮嶽靈犀,凡品,人品,3,1,10000,fivephase_fallback
spirit_fusion.v2:spirit_beast.fan.earth.04:spirit_beast.fan.water.05,spirit_beast.fan.earth.04,玉壤靈犀,spirit_beast.fan.water.05,珠霧蝶翼麟,spirit_beast.human.earth.02,厚土翼羆,凡品,人品,3,1,10000,fivephase_fallback
spirit_fusion.v2:spirit_beast.fan.earth.05:spirit_beast.fan.water.05,spirit_beast.fan.earth.05,石髓龍龜,spirit_beast.fan.water.05,珠霧蝶翼麟,spirit_beast.human.earth.03,坤脈麒麟,凡品,人品,3,1,10000,fivephase_fallback
spirit_fusion.v2:spirit_beast.fan.earth.06:spirit_beast.fan.water.05,spirit_beast.fan.earth.06,雲嶽角猊,spirit_beast.fan.water.05,珠霧蝶翼麟,spirit_beast.human.earth.04,青巖獬豸,凡品,人品,3,1,10000,fivephase_fallback
spirit_fusion.v2:spirit_beast.fan.water.06:spirit_beast.fan.water.06,spirit_beast.fan.water.06,玄波幼螭,spirit_beast.fan.water.06,玄波幼螭,spirit_beast.human.water.06,霧海靈鯤,凡品,人品,3,1,10000,same_species
spirit_fusion.v2:spirit_beast.fan.fire.01:spirit_beast.fan.water.06,spirit_beast.fan.fire.01,焰翎靈鶴,spirit_beast.fan.water.06,玄波幼螭,spirit_beast.human.water.06,霧海靈鯤,凡品,人品,3,1,10000,fivephase_fallback
spirit_fusion.v2:spirit_beast.fan.fire.02:spirit_beast.fan.water.06,spirit_beast.fan.fire.02,赤燼翼狐,spirit_beast.fan.water.06,玄波幼螭,spirit_beast.human.water.01,寒潭靈黿,凡品,人品,3,1,10000,fivephase_fallback
spirit_fusion.v2:spirit_beast.fan.fire.03:spirit_beast.fan.water.06,spirit_beast.fan.fire.03,火羽鸞雛,spirit_beast.fan.water.06,玄波幼螭,spirit_beast.human.water.02,滄浪青螭,凡品,人品,3,1,10000,fivephase_fallback
spirit_fusion.v2:spirit_beast.fan.fire.04:spirit_beast.fan.water.06,spirit_beast.fan.fire.04,熾角狴犴,spirit_beast.fan.water.06,玄波幼螭,spirit_beast.human.water.03,月汐長鰭鯉,凡品,人品,3,1,10000,fivephase_fallback
spirit_fusion.v2:spirit_beast.fan.fire.05:spirit_beast.fan.water.06,spirit_beast.fan.fire.05,丹霞靈獬,spirit_beast.fan.water.06,玄波幼螭,spirit_beast.human.water.04,琉璃海馬麟,凡品,人品,3,1,10000,fivephase_fallback
spirit_fusion.v2:spirit_beast.fan.fire.06:spirit_beast.fan.water.06,spirit_beast.fan.fire.06,燈魄鳳靈,spirit_beast.fan.water.06,玄波幼螭,spirit_beast.human.water.05,珠泉獨角靈鯉,凡品,人品,3,1,10000,fivephase_fallback
spirit_fusion.v2:spirit_beast.fan.earth.01:spirit_beast.fan.water.06,spirit_beast.fan.earth.01,靈岩幼獬,spirit_beast.fan.water.06,玄波幼螭,spirit_beast.human.earth.06,崩雲巨猿,凡品,人品,3,1,10000,fivephase_fallback
spirit_fusion.v2:spirit_beast.fan.earth.02:spirit_beast.fan.water.06,spirit_beast.fan.earth.02,山紋翼羆,spirit_beast.fan.water.06,玄波幼螭,spirit_beast.human.earth.01,鎮嶽靈犀,凡品,人品,3,1,10000,fivephase_fallback
spirit_fusion.v2:spirit_beast.fan.earth.03:spirit_beast.fan.water.06,spirit_beast.fan.earth.03,坤砂靈羚,spirit_beast.fan.water.06,玄波幼螭,spirit_beast.human.earth.02,厚土翼羆,凡品,人品,3,1,10000,fivephase_fallback
spirit_fusion.v2:spirit_beast.fan.earth.04:spirit_beast.fan.water.06,spirit_beast.fan.earth.04,玉壤靈犀,spirit_beast.fan.water.06,玄波幼螭,spirit_beast.human.earth.03,坤脈麒麟,凡品,人品,3,1,10000,fivephase_fallback
spirit_fusion.v2:spirit_beast.fan.earth.05:spirit_beast.fan.water.06,spirit_beast.fan.earth.05,石髓龍龜,spirit_beast.fan.water.06,玄波幼螭,spirit_beast.human.earth.04,青巖獬豸,凡品,人品,3,1,10000,fivephase_fallback
spirit_fusion.v2:spirit_beast.fan.earth.06:spirit_beast.fan.water.06,spirit_beast.fan.earth.06,雲嶽角猊,spirit_beast.fan.water.06,玄波幼螭,spirit_beast.human.earth.05,負碑靈龜,凡品,人品,3,1,10000,fivephase_fallback
spirit_fusion.v2:spirit_beast.fan.fire.01:spirit_beast.fan.fire.01,spirit_beast.fan.fire.01,焰翎靈鶴,spirit_beast.fan.fire.01,焰翎靈鶴,spirit_beast.human.fire.01,赤曜朱鶴,凡品,人品,3,1,10000,same_species
spirit_fusion.v2:spirit_beast.fan.fire.01:spirit_beast.fan.fire.02,spirit_beast.fan.fire.01,焰翎靈鶴,spirit_beast.fan.fire.02,赤燼翼狐,spirit_beast.human.fire.01,赤曜朱鶴,凡品,人品,3,1,10000,named
spirit_fusion.v2:spirit_beast.fan.fire.01:spirit_beast.fan.fire.03,spirit_beast.fan.fire.01,焰翎靈鶴,spirit_beast.fan.fire.03,火羽鸞雛,spirit_beast.human.fire.03,丹霞火鸞,凡品,人品,3,1,10000,fivephase_fallback
spirit_fusion.v2:spirit_beast.fan.fire.01:spirit_beast.fan.fire.04,spirit_beast.fan.fire.01,焰翎靈鶴,spirit_beast.fan.fire.04,熾角狴犴,spirit_beast.human.fire.04,熔星狻猊,凡品,人品,3,1,10000,fivephase_fallback
spirit_fusion.v2:spirit_beast.fan.fire.01:spirit_beast.fan.fire.05,spirit_beast.fan.fire.01,焰翎靈鶴,spirit_beast.fan.fire.05,丹霞靈獬,spirit_beast.human.fire.05,南明靈獬,凡品,人品,3,1,10000,fivephase_fallback
spirit_fusion.v2:spirit_beast.fan.fire.01:spirit_beast.fan.fire.06,spirit_beast.fan.fire.01,焰翎靈鶴,spirit_beast.fan.fire.06,燈魄鳳靈,spirit_beast.human.fire.06,燼羽鳳靈,凡品,人品,3,1,10000,named
spirit_fusion.v2:spirit_beast.fan.earth.01:spirit_beast.fan.fire.01,spirit_beast.fan.earth.01,靈岩幼獬,spirit_beast.fan.fire.01,焰翎靈鶴,spirit_beast.human.earth.01,鎮嶽靈犀,凡品,人品,3,1,10000,fivephase_fallback
spirit_fusion.v2:spirit_beast.fan.earth.02:spirit_beast.fan.fire.01,spirit_beast.fan.earth.02,山紋翼羆,spirit_beast.fan.fire.01,焰翎靈鶴,spirit_beast.human.earth.02,厚土翼羆,凡品,人品,3,1,10000,fivephase_fallback
spirit_fusion.v2:spirit_beast.fan.earth.03:spirit_beast.fan.fire.01,spirit_beast.fan.earth.03,坤砂靈羚,spirit_beast.fan.fire.01,焰翎靈鶴,spirit_beast.human.earth.03,坤脈麒麟,凡品,人品,3,1,10000,fivephase_fallback
spirit_fusion.v2:spirit_beast.fan.earth.04:spirit_beast.fan.fire.01,spirit_beast.fan.earth.04,玉壤靈犀,spirit_beast.fan.fire.01,焰翎靈鶴,spirit_beast.human.earth.04,青巖獬豸,凡品,人品,3,1,10000,fivephase_fallback
spirit_fusion.v2:spirit_beast.fan.earth.05:spirit_beast.fan.fire.01,spirit_beast.fan.earth.05,石髓龍龜,spirit_beast.fan.fire.01,焰翎靈鶴,spirit_beast.human.earth.05,負碑靈龜,凡品,人品,3,1,10000,fivephase_fallback
spirit_fusion.v2:spirit_beast.fan.earth.06:spirit_beast.fan.fire.01,spirit_beast.fan.earth.06,雲嶽角猊,spirit_beast.fan.fire.01,焰翎靈鶴,spirit_beast.human.earth.06,崩雲巨猿,凡品,人品,3,1,10000,fivephase_fallback
spirit_fusion.v2:spirit_beast.fan.fire.02:spirit_beast.fan.fire.02,spirit_beast.fan.fire.02,赤燼翼狐,spirit_beast.fan.fire.02,赤燼翼狐,spirit_beast.human.fire.02,離焰九尾,凡品,人品,3,1,10000,same_species
spirit_fusion.v2:spirit_beast.fan.fire.02:spirit_beast.fan.fire.03,spirit_beast.fan.fire.02,赤燼翼狐,spirit_beast.fan.fire.03,火羽鸞雛,spirit_beast.human.fire.02,離焰九尾,凡品,人品,3,1,10000,named
spirit_fusion.v2:spirit_beast.fan.fire.02:spirit_beast.fan.fire.04,spirit_beast.fan.fire.02,赤燼翼狐,spirit_beast.fan.fire.04,熾角狴犴,spirit_beast.human.fire.05,南明靈獬,凡品,人品,3,1,10000,fivephase_fallback
spirit_fusion.v2:spirit_beast.fan.fire.02:spirit_beast.fan.fire.05,spirit_beast.fan.fire.02,赤燼翼狐,spirit_beast.fan.fire.05,丹霞靈獬,spirit_beast.human.fire.06,燼羽鳳靈,凡品,人品,3,1,10000,fivephase_fallback
spirit_fusion.v2:spirit_beast.fan.fire.02:spirit_beast.fan.fire.06,spirit_beast.fan.fire.02,赤燼翼狐,spirit_beast.fan.fire.06,燈魄鳳靈,spirit_beast.human.fire.01,赤曜朱鶴,凡品,人品,3,1,10000,fivephase_fallback
spirit_fusion.v2:spirit_beast.fan.earth.01:spirit_beast.fan.fire.02,spirit_beast.fan.earth.01,靈岩幼獬,spirit_beast.fan.fire.02,赤燼翼狐,spirit_beast.human.earth.02,厚土翼羆,凡品,人品,3,1,10000,fivephase_fallback
spirit_fusion.v2:spirit_beast.fan.earth.02:spirit_beast.fan.fire.02,spirit_beast.fan.earth.02,山紋翼羆,spirit_beast.fan.fire.02,赤燼翼狐,spirit_beast.human.earth.03,坤脈麒麟,凡品,人品,3,1,10000,fivephase_fallback
spirit_fusion.v2:spirit_beast.fan.earth.03:spirit_beast.fan.fire.02,spirit_beast.fan.earth.03,坤砂靈羚,spirit_beast.fan.fire.02,赤燼翼狐,spirit_beast.human.earth.04,青巖獬豸,凡品,人品,3,1,10000,fivephase_fallback
spirit_fusion.v2:spirit_beast.fan.earth.04:spirit_beast.fan.fire.02,spirit_beast.fan.earth.04,玉壤靈犀,spirit_beast.fan.fire.02,赤燼翼狐,spirit_beast.human.earth.05,負碑靈龜,凡品,人品,3,1,10000,fivephase_fallback
spirit_fusion.v2:spirit_beast.fan.earth.05:spirit_beast.fan.fire.02,spirit_beast.fan.earth.05,石髓龍龜,spirit_beast.fan.fire.02,赤燼翼狐,spirit_beast.human.earth.06,崩雲巨猿,凡品,人品,3,1,10000,fivephase_fallback
spirit_fusion.v2:spirit_beast.fan.earth.06:spirit_beast.fan.fire.02,spirit_beast.fan.earth.06,雲嶽角猊,spirit_beast.fan.fire.02,赤燼翼狐,spirit_beast.human.earth.01,鎮嶽靈犀,凡品,人品,3,1,10000,fivephase_fallback
spirit_fusion.v2:spirit_beast.fan.fire.03:spirit_beast.fan.fire.03,spirit_beast.fan.fire.03,火羽鸞雛,spirit_beast.fan.fire.03,火羽鸞雛,spirit_beast.human.fire.03,丹霞火鸞,凡品,人品,3,1,10000,same_species
spirit_fusion.v2:spirit_beast.fan.fire.03:spirit_beast.fan.fire.04,spirit_beast.fan.fire.03,火羽鸞雛,spirit_beast.fan.fire.04,熾角狴犴,spirit_beast.human.fire.03,丹霞火鸞,凡品,人品,3,1,10000,named
spirit_fusion.v2:spirit_beast.fan.fire.03:spirit_beast.fan.fire.05,spirit_beast.fan.fire.03,火羽鸞雛,spirit_beast.fan.fire.05,丹霞靈獬,spirit_beast.human.fire.01,赤曜朱鶴,凡品,人品,3,1,10000,fivephase_fallback
spirit_fusion.v2:spirit_beast.fan.fire.03:spirit_beast.fan.fire.06,spirit_beast.fan.fire.03,火羽鸞雛,spirit_beast.fan.fire.06,燈魄鳳靈,spirit_beast.human.fire.02,離焰九尾,凡品,人品,3,1,10000,fivephase_fallback
spirit_fusion.v2:spirit_beast.fan.earth.01:spirit_beast.fan.fire.03,spirit_beast.fan.earth.01,靈岩幼獬,spirit_beast.fan.fire.03,火羽鸞雛,spirit_beast.human.earth.03,坤脈麒麟,凡品,人品,3,1,10000,fivephase_fallback
spirit_fusion.v2:spirit_beast.fan.earth.02:spirit_beast.fan.fire.03,spirit_beast.fan.earth.02,山紋翼羆,spirit_beast.fan.fire.03,火羽鸞雛,spirit_beast.human.earth.04,青巖獬豸,凡品,人品,3,1,10000,fivephase_fallback
spirit_fusion.v2:spirit_beast.fan.earth.03:spirit_beast.fan.fire.03,spirit_beast.fan.earth.03,坤砂靈羚,spirit_beast.fan.fire.03,火羽鸞雛,spirit_beast.human.earth.05,負碑靈龜,凡品,人品,3,1,10000,fivephase_fallback
spirit_fusion.v2:spirit_beast.fan.earth.04:spirit_beast.fan.fire.03,spirit_beast.fan.earth.04,玉壤靈犀,spirit_beast.fan.fire.03,火羽鸞雛,spirit_beast.human.earth.06,崩雲巨猿,凡品,人品,3,1,10000,fivephase_fallback
spirit_fusion.v2:spirit_beast.fan.earth.05:spirit_beast.fan.fire.03,spirit_beast.fan.earth.05,石髓龍龜,spirit_beast.fan.fire.03,火羽鸞雛,spirit_beast.human.earth.01,鎮嶽靈犀,凡品,人品,3,1,10000,fivephase_fallback
spirit_fusion.v2:spirit_beast.fan.earth.06:spirit_beast.fan.fire.03,spirit_beast.fan.earth.06,雲嶽角猊,spirit_beast.fan.fire.03,火羽鸞雛,spirit_beast.human.earth.02,厚土翼羆,凡品,人品,3,1,10000,fivephase_fallback
spirit_fusion.v2:spirit_beast.fan.fire.04:spirit_beast.fan.fire.04,spirit_beast.fan.fire.04,熾角狴犴,spirit_beast.fan.fire.04,熾角狴犴,spirit_beast.human.fire.04,熔星狻猊,凡品,人品,3,1,10000,same_species
spirit_fusion.v2:spirit_beast.fan.fire.04:spirit_beast.fan.fire.05,spirit_beast.fan.fire.04,熾角狴犴,spirit_beast.fan.fire.05,丹霞靈獬,spirit_beast.human.fire.04,熔星狻猊,凡品,人品,3,1,10000,named
spirit_fusion.v2:spirit_beast.fan.fire.04:spirit_beast.fan.fire.06,spirit_beast.fan.fire.04,熾角狴犴,spirit_beast.fan.fire.06,燈魄鳳靈,spirit_beast.human.fire.03,丹霞火鸞,凡品,人品,3,1,10000,fivephase_fallback
spirit_fusion.v2:spirit_beast.fan.earth.01:spirit_beast.fan.fire.04,spirit_beast.fan.earth.01,靈岩幼獬,spirit_beast.fan.fire.04,熾角狴犴,spirit_beast.human.earth.04,青巖獬豸,凡品,人品,3,1,10000,fivephase_fallback
spirit_fusion.v2:spirit_beast.fan.earth.02:spirit_beast.fan.fire.04,spirit_beast.fan.earth.02,山紋翼羆,spirit_beast.fan.fire.04,熾角狴犴,spirit_beast.human.earth.05,負碑靈龜,凡品,人品,3,1,10000,fivephase_fallback
spirit_fusion.v2:spirit_beast.fan.earth.03:spirit_beast.fan.fire.04,spirit_beast.fan.earth.03,坤砂靈羚,spirit_beast.fan.fire.04,熾角狴犴,spirit_beast.human.earth.06,崩雲巨猿,凡品,人品,3,1,10000,fivephase_fallback
spirit_fusion.v2:spirit_beast.fan.earth.04:spirit_beast.fan.fire.04,spirit_beast.fan.earth.04,玉壤靈犀,spirit_beast.fan.fire.04,熾角狴犴,spirit_beast.human.earth.01,鎮嶽靈犀,凡品,人品,3,1,10000,fivephase_fallback
spirit_fusion.v2:spirit_beast.fan.earth.05:spirit_beast.fan.fire.04,spirit_beast.fan.earth.05,石髓龍龜,spirit_beast.fan.fire.04,熾角狴犴,spirit_beast.human.earth.02,厚土翼羆,凡品,人品,3,1,10000,fivephase_fallback
spirit_fusion.v2:spirit_beast.fan.earth.06:spirit_beast.fan.fire.04,spirit_beast.fan.earth.06,雲嶽角猊,spirit_beast.fan.fire.04,熾角狴犴,spirit_beast.human.earth.03,坤脈麒麟,凡品,人品,3,1,10000,fivephase_fallback
spirit_fusion.v2:spirit_beast.fan.fire.05:spirit_beast.fan.fire.05,spirit_beast.fan.fire.05,丹霞靈獬,spirit_beast.fan.fire.05,丹霞靈獬,spirit_beast.human.fire.05,南明靈獬,凡品,人品,3,1,10000,same_species
spirit_fusion.v2:spirit_beast.fan.fire.05:spirit_beast.fan.fire.06,spirit_beast.fan.fire.05,丹霞靈獬,spirit_beast.fan.fire.06,燈魄鳳靈,spirit_beast.human.fire.05,南明靈獬,凡品,人品,3,1,10000,named
spirit_fusion.v2:spirit_beast.fan.earth.01:spirit_beast.fan.fire.05,spirit_beast.fan.earth.01,靈岩幼獬,spirit_beast.fan.fire.05,丹霞靈獬,spirit_beast.human.earth.05,負碑靈龜,凡品,人品,3,1,10000,fivephase_fallback
spirit_fusion.v2:spirit_beast.fan.earth.02:spirit_beast.fan.fire.05,spirit_beast.fan.earth.02,山紋翼羆,spirit_beast.fan.fire.05,丹霞靈獬,spirit_beast.human.earth.06,崩雲巨猿,凡品,人品,3,1,10000,fivephase_fallback
spirit_fusion.v2:spirit_beast.fan.earth.03:spirit_beast.fan.fire.05,spirit_beast.fan.earth.03,坤砂靈羚,spirit_beast.fan.fire.05,丹霞靈獬,spirit_beast.human.earth.01,鎮嶽靈犀,凡品,人品,3,1,10000,fivephase_fallback
spirit_fusion.v2:spirit_beast.fan.earth.04:spirit_beast.fan.fire.05,spirit_beast.fan.earth.04,玉壤靈犀,spirit_beast.fan.fire.05,丹霞靈獬,spirit_beast.human.earth.02,厚土翼羆,凡品,人品,3,1,10000,fivephase_fallback
spirit_fusion.v2:spirit_beast.fan.earth.05:spirit_beast.fan.fire.05,spirit_beast.fan.earth.05,石髓龍龜,spirit_beast.fan.fire.05,丹霞靈獬,spirit_beast.human.earth.03,坤脈麒麟,凡品,人品,3,1,10000,fivephase_fallback
spirit_fusion.v2:spirit_beast.fan.earth.06:spirit_beast.fan.fire.05,spirit_beast.fan.earth.06,雲嶽角猊,spirit_beast.fan.fire.05,丹霞靈獬,spirit_beast.human.earth.04,青巖獬豸,凡品,人品,3,1,10000,fivephase_fallback
spirit_fusion.v2:spirit_beast.fan.fire.06:spirit_beast.fan.fire.06,spirit_beast.fan.fire.06,燈魄鳳靈,spirit_beast.fan.fire.06,燈魄鳳靈,spirit_beast.human.fire.06,燼羽鳳靈,凡品,人品,3,1,10000,same_species
spirit_fusion.v2:spirit_beast.fan.earth.01:spirit_beast.fan.fire.06,spirit_beast.fan.earth.01,靈岩幼獬,spirit_beast.fan.fire.06,燈魄鳳靈,spirit_beast.human.earth.06,崩雲巨猿,凡品,人品,3,1,10000,fivephase_fallback
spirit_fusion.v2:spirit_beast.fan.earth.02:spirit_beast.fan.fire.06,spirit_beast.fan.earth.02,山紋翼羆,spirit_beast.fan.fire.06,燈魄鳳靈,spirit_beast.human.earth.01,鎮嶽靈犀,凡品,人品,3,1,10000,fivephase_fallback
spirit_fusion.v2:spirit_beast.fan.earth.03:spirit_beast.fan.fire.06,spirit_beast.fan.earth.03,坤砂靈羚,spirit_beast.fan.fire.06,燈魄鳳靈,spirit_beast.human.earth.02,厚土翼羆,凡品,人品,3,1,10000,fivephase_fallback
spirit_fusion.v2:spirit_beast.fan.earth.04:spirit_beast.fan.fire.06,spirit_beast.fan.earth.04,玉壤靈犀,spirit_beast.fan.fire.06,燈魄鳳靈,spirit_beast.human.earth.03,坤脈麒麟,凡品,人品,3,1,10000,fivephase_fallback
spirit_fusion.v2:spirit_beast.fan.earth.05:spirit_beast.fan.fire.06,spirit_beast.fan.earth.05,石髓龍龜,spirit_beast.fan.fire.06,燈魄鳳靈,spirit_beast.human.earth.04,青巖獬豸,凡品,人品,3,1,10000,fivephase_fallback
spirit_fusion.v2:spirit_beast.fan.earth.06:spirit_beast.fan.fire.06,spirit_beast.fan.earth.06,雲嶽角猊,spirit_beast.fan.fire.06,燈魄鳳靈,spirit_beast.human.earth.05,負碑靈龜,凡品,人品,3,1,10000,fivephase_fallback
spirit_fusion.v2:spirit_beast.fan.earth.01:spirit_beast.fan.earth.01,spirit_beast.fan.earth.01,靈岩幼獬,spirit_beast.fan.earth.01,靈岩幼獬,spirit_beast.human.earth.01,鎮嶽靈犀,凡品,人品,3,1,10000,same_species
spirit_fusion.v2:spirit_beast.fan.earth.01:spirit_beast.fan.earth.02,spirit_beast.fan.earth.01,靈岩幼獬,spirit_beast.fan.earth.02,山紋翼羆,spirit_beast.human.earth.01,鎮嶽靈犀,凡品,人品,3,1,10000,named
spirit_fusion.v2:spirit_beast.fan.earth.01:spirit_beast.fan.earth.03,spirit_beast.fan.earth.01,靈岩幼獬,spirit_beast.fan.earth.03,坤砂靈羚,spirit_beast.human.earth.03,坤脈麒麟,凡品,人品,3,1,10000,fivephase_fallback
spirit_fusion.v2:spirit_beast.fan.earth.01:spirit_beast.fan.earth.04,spirit_beast.fan.earth.01,靈岩幼獬,spirit_beast.fan.earth.04,玉壤靈犀,spirit_beast.human.earth.04,青巖獬豸,凡品,人品,3,1,10000,fivephase_fallback
spirit_fusion.v2:spirit_beast.fan.earth.01:spirit_beast.fan.earth.05,spirit_beast.fan.earth.01,靈岩幼獬,spirit_beast.fan.earth.05,石髓龍龜,spirit_beast.human.earth.05,負碑靈龜,凡品,人品,3,1,10000,fivephase_fallback
spirit_fusion.v2:spirit_beast.fan.earth.01:spirit_beast.fan.earth.06,spirit_beast.fan.earth.01,靈岩幼獬,spirit_beast.fan.earth.06,雲嶽角猊,spirit_beast.human.earth.06,崩雲巨猿,凡品,人品,3,1,10000,named
spirit_fusion.v2:spirit_beast.fan.earth.02:spirit_beast.fan.earth.02,spirit_beast.fan.earth.02,山紋翼羆,spirit_beast.fan.earth.02,山紋翼羆,spirit_beast.human.earth.02,厚土翼羆,凡品,人品,3,1,10000,same_species
spirit_fusion.v2:spirit_beast.fan.earth.02:spirit_beast.fan.earth.03,spirit_beast.fan.earth.02,山紋翼羆,spirit_beast.fan.earth.03,坤砂靈羚,spirit_beast.human.earth.02,厚土翼羆,凡品,人品,3,1,10000,named
spirit_fusion.v2:spirit_beast.fan.earth.02:spirit_beast.fan.earth.04,spirit_beast.fan.earth.02,山紋翼羆,spirit_beast.fan.earth.04,玉壤靈犀,spirit_beast.human.earth.05,負碑靈龜,凡品,人品,3,1,10000,fivephase_fallback
spirit_fusion.v2:spirit_beast.fan.earth.02:spirit_beast.fan.earth.05,spirit_beast.fan.earth.02,山紋翼羆,spirit_beast.fan.earth.05,石髓龍龜,spirit_beast.human.earth.06,崩雲巨猿,凡品,人品,3,1,10000,fivephase_fallback
spirit_fusion.v2:spirit_beast.fan.earth.02:spirit_beast.fan.earth.06,spirit_beast.fan.earth.02,山紋翼羆,spirit_beast.fan.earth.06,雲嶽角猊,spirit_beast.human.earth.01,鎮嶽靈犀,凡品,人品,3,1,10000,fivephase_fallback
spirit_fusion.v2:spirit_beast.fan.earth.03:spirit_beast.fan.earth.03,spirit_beast.fan.earth.03,坤砂靈羚,spirit_beast.fan.earth.03,坤砂靈羚,spirit_beast.human.earth.03,坤脈麒麟,凡品,人品,3,1,10000,same_species
spirit_fusion.v2:spirit_beast.fan.earth.03:spirit_beast.fan.earth.04,spirit_beast.fan.earth.03,坤砂靈羚,spirit_beast.fan.earth.04,玉壤靈犀,spirit_beast.human.earth.03,坤脈麒麟,凡品,人品,3,1,10000,named
spirit_fusion.v2:spirit_beast.fan.earth.03:spirit_beast.fan.earth.05,spirit_beast.fan.earth.03,坤砂靈羚,spirit_beast.fan.earth.05,石髓龍龜,spirit_beast.human.earth.01,鎮嶽靈犀,凡品,人品,3,1,10000,fivephase_fallback
spirit_fusion.v2:spirit_beast.fan.earth.03:spirit_beast.fan.earth.06,spirit_beast.fan.earth.03,坤砂靈羚,spirit_beast.fan.earth.06,雲嶽角猊,spirit_beast.human.earth.02,厚土翼羆,凡品,人品,3,1,10000,fivephase_fallback
spirit_fusion.v2:spirit_beast.fan.earth.04:spirit_beast.fan.earth.04,spirit_beast.fan.earth.04,玉壤靈犀,spirit_beast.fan.earth.04,玉壤靈犀,spirit_beast.human.earth.04,青巖獬豸,凡品,人品,3,1,10000,same_species
spirit_fusion.v2:spirit_beast.fan.earth.04:spirit_beast.fan.earth.05,spirit_beast.fan.earth.04,玉壤靈犀,spirit_beast.fan.earth.05,石髓龍龜,spirit_beast.human.earth.04,青巖獬豸,凡品,人品,3,1,10000,named
spirit_fusion.v2:spirit_beast.fan.earth.04:spirit_beast.fan.earth.06,spirit_beast.fan.earth.04,玉壤靈犀,spirit_beast.fan.earth.06,雲嶽角猊,spirit_beast.human.earth.03,坤脈麒麟,凡品,人品,3,1,10000,fivephase_fallback
spirit_fusion.v2:spirit_beast.fan.earth.05:spirit_beast.fan.earth.05,spirit_beast.fan.earth.05,石髓龍龜,spirit_beast.fan.earth.05,石髓龍龜,spirit_beast.human.earth.05,負碑靈龜,凡品,人品,3,1,10000,same_species
spirit_fusion.v2:spirit_beast.fan.earth.05:spirit_beast.fan.earth.06,spirit_beast.fan.earth.05,石髓龍龜,spirit_beast.fan.earth.06,雲嶽角猊,spirit_beast.human.earth.05,負碑靈龜,凡品,人品,3,1,10000,named
spirit_fusion.v2:spirit_beast.fan.earth.06:spirit_beast.fan.earth.06,spirit_beast.fan.earth.06,雲嶽角猊,spirit_beast.fan.earth.06,雲嶽角猊,spirit_beast.human.earth.06,崩雲巨猿,凡品,人品,3,1,10000,same_species
spirit_fusion.v2:spirit_beast.human.metal.01:spirit_beast.human.metal.01,spirit_beast.human.metal.01,玄鋒獬豸,spirit_beast.human.metal.01,玄鋒獬豸,spirit_beast.heaven.metal.01,太庚白虎,人品,天品,3,1,10000,same_species
spirit_fusion.v2:spirit_beast.human.metal.01:spirit_beast.human.metal.02,spirit_beast.human.metal.01,玄鋒獬豸,spirit_beast.human.metal.02,鳴金靈隼,spirit_beast.heaven.metal.01,太庚白虎,人品,天品,3,1,10000,named
spirit_fusion.v2:spirit_beast.human.metal.01:spirit_beast.human.metal.03,spirit_beast.human.metal.01,玄鋒獬豸,spirit_beast.human.metal.03,星鎧猙獸,spirit_beast.heaven.metal.03,萬刃猙王,人品,天品,3,1,10000,fivephase_fallback
spirit_fusion.v2:spirit_beast.human.metal.01:spirit_beast.human.metal.04,spirit_beast.human.metal.01,玄鋒獬豸,spirit_beast.human.metal.04,鎏電靈貂,spirit_beast.heaven.metal.04,星河貔貅,人品,天品,3,1,10000,fivephase_fallback
spirit_fusion.v2:spirit_beast.human.metal.01:spirit_beast.human.metal.05,spirit_beast.human.metal.01,玄鋒獬豸,spirit_beast.human.metal.05,斷嶽金羚,spirit_beast.heaven.metal.05,斬嶽金麟,人品,天品,3,1,10000,fivephase_fallback
spirit_fusion.v2:spirit_beast.human.metal.01:spirit_beast.human.metal.06,spirit_beast.human.metal.01,玄鋒獬豸,spirit_beast.human.metal.06,白玉貔靈,spirit_beast.heaven.metal.06,靈樞應龍,人品,天品,3,1,10000,named
spirit_fusion.v2:spirit_beast.human.metal.01:spirit_beast.human.wood.01,spirit_beast.human.metal.01,玄鋒獬豸,spirit_beast.human.wood.01,青蘿靈鹿,spirit_beast.heaven.metal.01,太庚白虎,人品,天品,3,1,10000,fivephase_fallback
spirit_fusion.v2:spirit_beast.human.metal.01:spirit_beast.human.wood.02,spirit_beast.human.metal.01,玄鋒獬豸,spirit_beast.human.wood.02,百花九尾,spirit_beast.heaven.metal.02,天鉞金鵬,人品,天品,3,1,10000,fivephase_fallback
spirit_fusion.v2:spirit_beast.human.metal.01:spirit_beast.human.wood.03,spirit_beast.human.metal.01,玄鋒獬豸,spirit_beast.human.wood.03,建木靈猿,spirit_beast.heaven.metal.03,萬刃猙王,人品,天品,3,1,10000,fivephase_fallback
spirit_fusion.v2:spirit_beast.human.metal.01:spirit_beast.human.wood.04,spirit_beast.human.metal.01,玄鋒獬豸,spirit_beast.human.wood.04,翠雲青鸞,spirit_beast.heaven.metal.04,星河貔貅,人品,天品,3,1,10000,fivephase_fallback
spirit_fusion.v2:spirit_beast.human.metal.01:spirit_beast.human.wood.05,spirit_beast.human.metal.01,玄鋒獬豸,spirit_beast.human.wood.05,森羅麒獸,spirit_beast.heaven.metal.05,斬嶽金麟,人品,天品,3,1,10000,fivephase_fallback
spirit_fusion.v2:spirit_beast.human.metal.01:spirit_beast.human.wood.06,spirit_beast.human.metal.01,玄鋒獬豸,spirit_beast.human.wood.06,藥霞靈貘,spirit_beast.heaven.metal.06,靈樞應龍,人品,天品,3,1,10000,fivephase_fallback
spirit_fusion.v2:spirit_beast.human.metal.01:spirit_beast.human.water.01,spirit_beast.human.metal.01,玄鋒獬豸,spirit_beast.human.water.01,寒潭靈黿,spirit_beast.heaven.water.01,玄冥龍龜,人品,天品,3,1,10000,fivephase_fallback
spirit_fusion.v2:spirit_beast.human.metal.01:spirit_beast.human.water.02,spirit_beast.human.metal.01,玄鋒獬豸,spirit_beast.human.water.02,滄浪青螭,spirit_beast.heaven.water.02,滄瀾螭龍,人品,天品,3,1,10000,fivephase_fallback
spirit_fusion.v2:spirit_beast.human.metal.01:spirit_beast.human.water.03,spirit_beast.human.metal.01,玄鋒獬豸,spirit_beast.human.water.03,月汐長鰭鯉,spirit_beast.heaven.water.03,寒月鯤鵬,人品,天品,3,1,10000,fivephase_fallback
spirit_fusion.v2:spirit_beast.human.metal.01:spirit_beast.human.water.04,spirit_beast.human.metal.01,玄鋒獬豸,spirit_beast.human.water.04,琉璃海馬麟,spirit_beast.heaven.water.04,天河鮫靈,人品,天品,3,1,10000,fivephase_fallback
spirit_fusion.v2:spirit_beast.human.metal.01:spirit_beast.human.water.05,spirit_beast.human.metal.01,玄鋒獬豸,spirit_beast.human.water.05,珠泉獨角靈鯉,spirit_beast.heaven.water.05,雨師青麟,人品,天品,3,1,10000,fivephase_fallback
spirit_fusion.v2:spirit_beast.human.metal.01:spirit_beast.human.water.06,spirit_beast.human.metal.01,玄鋒獬豸,spirit_beast.human.water.06,霧海靈鯤,spirit_beast.heaven.water.06,冰鑑應龍,人品,天品,3,1,10000,fivephase_fallback
spirit_fusion.v2:spirit_beast.human.fire.01:spirit_beast.human.metal.01,spirit_beast.human.fire.01,赤曜朱鶴,spirit_beast.human.metal.01,玄鋒獬豸,spirit_beast.heaven.fire.01,南離朱雀,人品,天品,3,1,10000,fivephase_fallback
spirit_fusion.v2:spirit_beast.human.fire.02:spirit_beast.human.metal.01,spirit_beast.human.fire.02,離焰九尾,spirit_beast.human.metal.01,玄鋒獬豸,spirit_beast.heaven.fire.02,九轉丹凰,人品,天品,3,1,10000,fivephase_fallback
spirit_fusion.v2:spirit_beast.human.fire.03:spirit_beast.human.metal.01,spirit_beast.human.fire.03,丹霞火鸞,spirit_beast.human.metal.01,玄鋒獬豸,spirit_beast.heaven.fire.03,赤霄金烏,人品,天品,3,1,10000,fivephase_fallback
spirit_fusion.v2:spirit_beast.human.fire.04:spirit_beast.human.metal.01,spirit_beast.human.fire.04,熔星狻猊,spirit_beast.human.metal.01,玄鋒獬豸,spirit_beast.heaven.fire.04,焚天狻猊,人品,天品,3,1,10000,fivephase_fallback
spirit_fusion.v2:spirit_beast.human.fire.05:spirit_beast.human.metal.01,spirit_beast.human.fire.05,南明靈獬,spirit_beast.human.metal.01,玄鋒獬豸,spirit_beast.heaven.fire.05,流火畢方,人品,天品,3,1,10000,fivephase_fallback
spirit_fusion.v2:spirit_beast.human.fire.06:spirit_beast.human.metal.01,spirit_beast.human.fire.06,燼羽鳳靈,spirit_beast.human.metal.01,玄鋒獬豸,spirit_beast.heaven.fire.06,燭炎天龍,人品,天品,3,1,10000,fivephase_fallback
spirit_fusion.v2:spirit_beast.human.earth.01:spirit_beast.human.metal.01,spirit_beast.human.earth.01,鎮嶽靈犀,spirit_beast.human.metal.01,玄鋒獬豸,spirit_beast.heaven.metal.01,太庚白虎,人品,天品,3,1,10000,fivephase_fallback
spirit_fusion.v2:spirit_beast.human.earth.02:spirit_beast.human.metal.01,spirit_beast.human.earth.02,厚土翼羆,spirit_beast.human.metal.01,玄鋒獬豸,spirit_beast.heaven.metal.02,天鉞金鵬,人品,天品,3,1,10000,fivephase_fallback
spirit_fusion.v2:spirit_beast.human.earth.03:spirit_beast.human.metal.01,spirit_beast.human.earth.03,坤脈麒麟,spirit_beast.human.metal.01,玄鋒獬豸,spirit_beast.heaven.metal.03,萬刃猙王,人品,天品,3,1,10000,fivephase_fallback
spirit_fusion.v2:spirit_beast.human.earth.04:spirit_beast.human.metal.01,spirit_beast.human.earth.04,青巖獬豸,spirit_beast.human.metal.01,玄鋒獬豸,spirit_beast.heaven.metal.04,星河貔貅,人品,天品,3,1,10000,fivephase_fallback
spirit_fusion.v2:spirit_beast.human.earth.05:spirit_beast.human.metal.01,spirit_beast.human.earth.05,負碑靈龜,spirit_beast.human.metal.01,玄鋒獬豸,spirit_beast.heaven.metal.05,斬嶽金麟,人品,天品,3,1,10000,fivephase_fallback
spirit_fusion.v2:spirit_beast.human.earth.06:spirit_beast.human.metal.01,spirit_beast.human.earth.06,崩雲巨猿,spirit_beast.human.metal.01,玄鋒獬豸,spirit_beast.heaven.metal.06,靈樞應龍,人品,天品,3,1,10000,fivephase_fallback
spirit_fusion.v2:spirit_beast.human.metal.02:spirit_beast.human.metal.02,spirit_beast.human.metal.02,鳴金靈隼,spirit_beast.human.metal.02,鳴金靈隼,spirit_beast.heaven.metal.02,天鉞金鵬,人品,天品,3,1,10000,same_species
spirit_fusion.v2:spirit_beast.human.metal.02:spirit_beast.human.metal.03,spirit_beast.human.metal.02,鳴金靈隼,spirit_beast.human.metal.03,星鎧猙獸,spirit_beast.heaven.metal.02,天鉞金鵬,人品,天品,3,1,10000,named
spirit_fusion.v2:spirit_beast.human.metal.02:spirit_beast.human.metal.04,spirit_beast.human.metal.02,鳴金靈隼,spirit_beast.human.metal.04,鎏電靈貂,spirit_beast.heaven.metal.05,斬嶽金麟,人品,天品,3,1,10000,fivephase_fallback
spirit_fusion.v2:spirit_beast.human.metal.02:spirit_beast.human.metal.05,spirit_beast.human.metal.02,鳴金靈隼,spirit_beast.human.metal.05,斷嶽金羚,spirit_beast.heaven.metal.06,靈樞應龍,人品,天品,3,1,10000,fivephase_fallback
spirit_fusion.v2:spirit_beast.human.metal.02:spirit_beast.human.metal.06,spirit_beast.human.metal.02,鳴金靈隼,spirit_beast.human.metal.06,白玉貔靈,spirit_beast.heaven.metal.01,太庚白虎,人品,天品,3,1,10000,fivephase_fallback
spirit_fusion.v2:spirit_beast.human.metal.02:spirit_beast.human.wood.01,spirit_beast.human.metal.02,鳴金靈隼,spirit_beast.human.wood.01,青蘿靈鹿,spirit_beast.heaven.metal.02,天鉞金鵬,人品,天品,3,1,10000,fivephase_fallback
spirit_fusion.v2:spirit_beast.human.metal.02:spirit_beast.human.wood.02,spirit_beast.human.metal.02,鳴金靈隼,spirit_beast.human.wood.02,百花九尾,spirit_beast.heaven.metal.03,萬刃猙王,人品,天品,3,1,10000,fivephase_fallback
spirit_fusion.v2:spirit_beast.human.metal.02:spirit_beast.human.wood.03,spirit_beast.human.metal.02,鳴金靈隼,spirit_beast.human.wood.03,建木靈猿,spirit_beast.heaven.metal.04,星河貔貅,人品,天品,3,1,10000,fivephase_fallback
spirit_fusion.v2:spirit_beast.human.metal.02:spirit_beast.human.wood.04,spirit_beast.human.metal.02,鳴金靈隼,spirit_beast.human.wood.04,翠雲青鸞,spirit_beast.heaven.metal.05,斬嶽金麟,人品,天品,3,1,10000,fivephase_fallback
spirit_fusion.v2:spirit_beast.human.metal.02:spirit_beast.human.wood.05,spirit_beast.human.metal.02,鳴金靈隼,spirit_beast.human.wood.05,森羅麒獸,spirit_beast.heaven.metal.06,靈樞應龍,人品,天品,3,1,10000,fivephase_fallback
spirit_fusion.v2:spirit_beast.human.metal.02:spirit_beast.human.wood.06,spirit_beast.human.metal.02,鳴金靈隼,spirit_beast.human.wood.06,藥霞靈貘,spirit_beast.heaven.metal.01,太庚白虎,人品,天品,3,1,10000,fivephase_fallback
spirit_fusion.v2:spirit_beast.human.metal.02:spirit_beast.human.water.01,spirit_beast.human.metal.02,鳴金靈隼,spirit_beast.human.water.01,寒潭靈黿,spirit_beast.heaven.water.02,滄瀾螭龍,人品,天品,3,1,10000,fivephase_fallback
spirit_fusion.v2:spirit_beast.human.metal.02:spirit_beast.human.water.02,spirit_beast.human.metal.02,鳴金靈隼,spirit_beast.human.water.02,滄浪青螭,spirit_beast.heaven.water.03,寒月鯤鵬,人品,天品,3,1,10000,fivephase_fallback
spirit_fusion.v2:spirit_beast.human.metal.02:spirit_beast.human.water.03,spirit_beast.human.metal.02,鳴金靈隼,spirit_beast.human.water.03,月汐長鰭鯉,spirit_beast.heaven.water.04,天河鮫靈,人品,天品,3,1,10000,fivephase_fallback
spirit_fusion.v2:spirit_beast.human.metal.02:spirit_beast.human.water.04,spirit_beast.human.metal.02,鳴金靈隼,spirit_beast.human.water.04,琉璃海馬麟,spirit_beast.heaven.water.05,雨師青麟,人品,天品,3,1,10000,fivephase_fallback
spirit_fusion.v2:spirit_beast.human.metal.02:spirit_beast.human.water.05,spirit_beast.human.metal.02,鳴金靈隼,spirit_beast.human.water.05,珠泉獨角靈鯉,spirit_beast.heaven.water.06,冰鑑應龍,人品,天品,3,1,10000,fivephase_fallback
spirit_fusion.v2:spirit_beast.human.metal.02:spirit_beast.human.water.06,spirit_beast.human.metal.02,鳴金靈隼,spirit_beast.human.water.06,霧海靈鯤,spirit_beast.heaven.water.01,玄冥龍龜,人品,天品,3,1,10000,fivephase_fallback
spirit_fusion.v2:spirit_beast.human.fire.01:spirit_beast.human.metal.02,spirit_beast.human.fire.01,赤曜朱鶴,spirit_beast.human.metal.02,鳴金靈隼,spirit_beast.heaven.fire.02,九轉丹凰,人品,天品,3,1,10000,fivephase_fallback
spirit_fusion.v2:spirit_beast.human.fire.02:spirit_beast.human.metal.02,spirit_beast.human.fire.02,離焰九尾,spirit_beast.human.metal.02,鳴金靈隼,spirit_beast.heaven.fire.03,赤霄金烏,人品,天品,3,1,10000,fivephase_fallback
spirit_fusion.v2:spirit_beast.human.fire.03:spirit_beast.human.metal.02,spirit_beast.human.fire.03,丹霞火鸞,spirit_beast.human.metal.02,鳴金靈隼,spirit_beast.heaven.fire.04,焚天狻猊,人品,天品,3,1,10000,fivephase_fallback
spirit_fusion.v2:spirit_beast.human.fire.04:spirit_beast.human.metal.02,spirit_beast.human.fire.04,熔星狻猊,spirit_beast.human.metal.02,鳴金靈隼,spirit_beast.heaven.fire.05,流火畢方,人品,天品,3,1,10000,fivephase_fallback
spirit_fusion.v2:spirit_beast.human.fire.05:spirit_beast.human.metal.02,spirit_beast.human.fire.05,南明靈獬,spirit_beast.human.metal.02,鳴金靈隼,spirit_beast.heaven.fire.06,燭炎天龍,人品,天品,3,1,10000,fivephase_fallback
spirit_fusion.v2:spirit_beast.human.fire.06:spirit_beast.human.metal.02,spirit_beast.human.fire.06,燼羽鳳靈,spirit_beast.human.metal.02,鳴金靈隼,spirit_beast.heaven.fire.01,南離朱雀,人品,天品,3,1,10000,fivephase_fallback
spirit_fusion.v2:spirit_beast.human.earth.01:spirit_beast.human.metal.02,spirit_beast.human.earth.01,鎮嶽靈犀,spirit_beast.human.metal.02,鳴金靈隼,spirit_beast.heaven.metal.02,天鉞金鵬,人品,天品,3,1,10000,fivephase_fallback
spirit_fusion.v2:spirit_beast.human.earth.02:spirit_beast.human.metal.02,spirit_beast.human.earth.02,厚土翼羆,spirit_beast.human.metal.02,鳴金靈隼,spirit_beast.heaven.metal.03,萬刃猙王,人品,天品,3,1,10000,fivephase_fallback
spirit_fusion.v2:spirit_beast.human.earth.03:spirit_beast.human.metal.02,spirit_beast.human.earth.03,坤脈麒麟,spirit_beast.human.metal.02,鳴金靈隼,spirit_beast.heaven.metal.04,星河貔貅,人品,天品,3,1,10000,fivephase_fallback
spirit_fusion.v2:spirit_beast.human.earth.04:spirit_beast.human.metal.02,spirit_beast.human.earth.04,青巖獬豸,spirit_beast.human.metal.02,鳴金靈隼,spirit_beast.heaven.metal.05,斬嶽金麟,人品,天品,3,1,10000,fivephase_fallback
spirit_fusion.v2:spirit_beast.human.earth.05:spirit_beast.human.metal.02,spirit_beast.human.earth.05,負碑靈龜,spirit_beast.human.metal.02,鳴金靈隼,spirit_beast.heaven.metal.06,靈樞應龍,人品,天品,3,1,10000,fivephase_fallback
spirit_fusion.v2:spirit_beast.human.earth.06:spirit_beast.human.metal.02,spirit_beast.human.earth.06,崩雲巨猿,spirit_beast.human.metal.02,鳴金靈隼,spirit_beast.heaven.metal.01,太庚白虎,人品,天品,3,1,10000,fivephase_fallback
spirit_fusion.v2:spirit_beast.human.metal.03:spirit_beast.human.metal.03,spirit_beast.human.metal.03,星鎧猙獸,spirit_beast.human.metal.03,星鎧猙獸,spirit_beast.heaven.metal.03,萬刃猙王,人品,天品,3,1,10000,same_species
spirit_fusion.v2:spirit_beast.human.metal.03:spirit_beast.human.metal.04,spirit_beast.human.metal.03,星鎧猙獸,spirit_beast.human.metal.04,鎏電靈貂,spirit_beast.heaven.metal.03,萬刃猙王,人品,天品,3,1,10000,named
spirit_fusion.v2:spirit_beast.human.metal.03:spirit_beast.human.metal.05,spirit_beast.human.metal.03,星鎧猙獸,spirit_beast.human.metal.05,斷嶽金羚,spirit_beast.heaven.metal.01,太庚白虎,人品,天品,3,1,10000,fivephase_fallback
spirit_fusion.v2:spirit_beast.human.metal.03:spirit_beast.human.metal.06,spirit_beast.human.metal.03,星鎧猙獸,spirit_beast.human.metal.06,白玉貔靈,spirit_beast.heaven.metal.02,天鉞金鵬,人品,天品,3,1,10000,fivephase_fallback
spirit_fusion.v2:spirit_beast.human.metal.03:spirit_beast.human.wood.01,spirit_beast.human.metal.03,星鎧猙獸,spirit_beast.human.wood.01,青蘿靈鹿,spirit_beast.heaven.metal.03,萬刃猙王,人品,天品,3,1,10000,fivephase_fallback
spirit_fusion.v2:spirit_beast.human.metal.03:spirit_beast.human.wood.02,spirit_beast.human.metal.03,星鎧猙獸,spirit_beast.human.wood.02,百花九尾,spirit_beast.heaven.metal.04,星河貔貅,人品,天品,3,1,10000,fivephase_fallback
spirit_fusion.v2:spirit_beast.human.metal.03:spirit_beast.human.wood.03,spirit_beast.human.metal.03,星鎧猙獸,spirit_beast.human.wood.03,建木靈猿,spirit_beast.heaven.metal.05,斬嶽金麟,人品,天品,3,1,10000,fivephase_fallback
spirit_fusion.v2:spirit_beast.human.metal.03:spirit_beast.human.wood.04,spirit_beast.human.metal.03,星鎧猙獸,spirit_beast.human.wood.04,翠雲青鸞,spirit_beast.heaven.metal.06,靈樞應龍,人品,天品,3,1,10000,fivephase_fallback
spirit_fusion.v2:spirit_beast.human.metal.03:spirit_beast.human.wood.05,spirit_beast.human.metal.03,星鎧猙獸,spirit_beast.human.wood.05,森羅麒獸,spirit_beast.heaven.metal.01,太庚白虎,人品,天品,3,1,10000,fivephase_fallback
spirit_fusion.v2:spirit_beast.human.metal.03:spirit_beast.human.wood.06,spirit_beast.human.metal.03,星鎧猙獸,spirit_beast.human.wood.06,藥霞靈貘,spirit_beast.heaven.metal.02,天鉞金鵬,人品,天品,3,1,10000,fivephase_fallback
spirit_fusion.v2:spirit_beast.human.metal.03:spirit_beast.human.water.01,spirit_beast.human.metal.03,星鎧猙獸,spirit_beast.human.water.01,寒潭靈黿,spirit_beast.heaven.water.03,寒月鯤鵬,人品,天品,3,1,10000,fivephase_fallback
spirit_fusion.v2:spirit_beast.human.metal.03:spirit_beast.human.water.02,spirit_beast.human.metal.03,星鎧猙獸,spirit_beast.human.water.02,滄浪青螭,spirit_beast.heaven.water.04,天河鮫靈,人品,天品,3,1,10000,fivephase_fallback
spirit_fusion.v2:spirit_beast.human.metal.03:spirit_beast.human.water.03,spirit_beast.human.metal.03,星鎧猙獸,spirit_beast.human.water.03,月汐長鰭鯉,spirit_beast.heaven.water.05,雨師青麟,人品,天品,3,1,10000,fivephase_fallback
spirit_fusion.v2:spirit_beast.human.metal.03:spirit_beast.human.water.04,spirit_beast.human.metal.03,星鎧猙獸,spirit_beast.human.water.04,琉璃海馬麟,spirit_beast.heaven.water.06,冰鑑應龍,人品,天品,3,1,10000,fivephase_fallback
spirit_fusion.v2:spirit_beast.human.metal.03:spirit_beast.human.water.05,spirit_beast.human.metal.03,星鎧猙獸,spirit_beast.human.water.05,珠泉獨角靈鯉,spirit_beast.heaven.water.01,玄冥龍龜,人品,天品,3,1,10000,fivephase_fallback
spirit_fusion.v2:spirit_beast.human.metal.03:spirit_beast.human.water.06,spirit_beast.human.metal.03,星鎧猙獸,spirit_beast.human.water.06,霧海靈鯤,spirit_beast.heaven.water.02,滄瀾螭龍,人品,天品,3,1,10000,fivephase_fallback
spirit_fusion.v2:spirit_beast.human.fire.01:spirit_beast.human.metal.03,spirit_beast.human.fire.01,赤曜朱鶴,spirit_beast.human.metal.03,星鎧猙獸,spirit_beast.heaven.fire.03,赤霄金烏,人品,天品,3,1,10000,fivephase_fallback
spirit_fusion.v2:spirit_beast.human.fire.02:spirit_beast.human.metal.03,spirit_beast.human.fire.02,離焰九尾,spirit_beast.human.metal.03,星鎧猙獸,spirit_beast.heaven.fire.04,焚天狻猊,人品,天品,3,1,10000,fivephase_fallback
spirit_fusion.v2:spirit_beast.human.fire.03:spirit_beast.human.metal.03,spirit_beast.human.fire.03,丹霞火鸞,spirit_beast.human.metal.03,星鎧猙獸,spirit_beast.heaven.fire.05,流火畢方,人品,天品,3,1,10000,fivephase_fallback
spirit_fusion.v2:spirit_beast.human.fire.04:spirit_beast.human.metal.03,spirit_beast.human.fire.04,熔星狻猊,spirit_beast.human.metal.03,星鎧猙獸,spirit_beast.heaven.fire.06,燭炎天龍,人品,天品,3,1,10000,fivephase_fallback
spirit_fusion.v2:spirit_beast.human.fire.05:spirit_beast.human.metal.03,spirit_beast.human.fire.05,南明靈獬,spirit_beast.human.metal.03,星鎧猙獸,spirit_beast.heaven.fire.01,南離朱雀,人品,天品,3,1,10000,fivephase_fallback
spirit_fusion.v2:spirit_beast.human.fire.06:spirit_beast.human.metal.03,spirit_beast.human.fire.06,燼羽鳳靈,spirit_beast.human.metal.03,星鎧猙獸,spirit_beast.heaven.fire.02,九轉丹凰,人品,天品,3,1,10000,fivephase_fallback
spirit_fusion.v2:spirit_beast.human.earth.01:spirit_beast.human.metal.03,spirit_beast.human.earth.01,鎮嶽靈犀,spirit_beast.human.metal.03,星鎧猙獸,spirit_beast.heaven.metal.03,萬刃猙王,人品,天品,3,1,10000,fivephase_fallback
spirit_fusion.v2:spirit_beast.human.earth.02:spirit_beast.human.metal.03,spirit_beast.human.earth.02,厚土翼羆,spirit_beast.human.metal.03,星鎧猙獸,spirit_beast.heaven.metal.04,星河貔貅,人品,天品,3,1,10000,fivephase_fallback
spirit_fusion.v2:spirit_beast.human.earth.03:spirit_beast.human.metal.03,spirit_beast.human.earth.03,坤脈麒麟,spirit_beast.human.metal.03,星鎧猙獸,spirit_beast.heaven.metal.05,斬嶽金麟,人品,天品,3,1,10000,fivephase_fallback
spirit_fusion.v2:spirit_beast.human.earth.04:spirit_beast.human.metal.03,spirit_beast.human.earth.04,青巖獬豸,spirit_beast.human.metal.03,星鎧猙獸,spirit_beast.heaven.metal.06,靈樞應龍,人品,天品,3,1,10000,fivephase_fallback
spirit_fusion.v2:spirit_beast.human.earth.05:spirit_beast.human.metal.03,spirit_beast.human.earth.05,負碑靈龜,spirit_beast.human.metal.03,星鎧猙獸,spirit_beast.heaven.metal.01,太庚白虎,人品,天品,3,1,10000,fivephase_fallback
spirit_fusion.v2:spirit_beast.human.earth.06:spirit_beast.human.metal.03,spirit_beast.human.earth.06,崩雲巨猿,spirit_beast.human.metal.03,星鎧猙獸,spirit_beast.heaven.metal.02,天鉞金鵬,人品,天品,3,1,10000,fivephase_fallback
spirit_fusion.v2:spirit_beast.human.metal.04:spirit_beast.human.metal.04,spirit_beast.human.metal.04,鎏電靈貂,spirit_beast.human.metal.04,鎏電靈貂,spirit_beast.heaven.metal.04,星河貔貅,人品,天品,3,1,10000,same_species
spirit_fusion.v2:spirit_beast.human.metal.04:spirit_beast.human.metal.05,spirit_beast.human.metal.04,鎏電靈貂,spirit_beast.human.metal.05,斷嶽金羚,spirit_beast.heaven.metal.04,星河貔貅,人品,天品,3,1,10000,named
spirit_fusion.v2:spirit_beast.human.metal.04:spirit_beast.human.metal.06,spirit_beast.human.metal.04,鎏電靈貂,spirit_beast.human.metal.06,白玉貔靈,spirit_beast.heaven.metal.03,萬刃猙王,人品,天品,3,1,10000,fivephase_fallback
spirit_fusion.v2:spirit_beast.human.metal.04:spirit_beast.human.wood.01,spirit_beast.human.metal.04,鎏電靈貂,spirit_beast.human.wood.01,青蘿靈鹿,spirit_beast.heaven.metal.04,星河貔貅,人品,天品,3,1,10000,fivephase_fallback
spirit_fusion.v2:spirit_beast.human.metal.04:spirit_beast.human.wood.02,spirit_beast.human.metal.04,鎏電靈貂,spirit_beast.human.wood.02,百花九尾,spirit_beast.heaven.metal.05,斬嶽金麟,人品,天品,3,1,10000,fivephase_fallback
spirit_fusion.v2:spirit_beast.human.metal.04:spirit_beast.human.wood.03,spirit_beast.human.metal.04,鎏電靈貂,spirit_beast.human.wood.03,建木靈猿,spirit_beast.heaven.metal.06,靈樞應龍,人品,天品,3,1,10000,fivephase_fallback
spirit_fusion.v2:spirit_beast.human.metal.04:spirit_beast.human.wood.04,spirit_beast.human.metal.04,鎏電靈貂,spirit_beast.human.wood.04,翠雲青鸞,spirit_beast.heaven.metal.01,太庚白虎,人品,天品,3,1,10000,fivephase_fallback
spirit_fusion.v2:spirit_beast.human.metal.04:spirit_beast.human.wood.05,spirit_beast.human.metal.04,鎏電靈貂,spirit_beast.human.wood.05,森羅麒獸,spirit_beast.heaven.metal.02,天鉞金鵬,人品,天品,3,1,10000,fivephase_fallback
spirit_fusion.v2:spirit_beast.human.metal.04:spirit_beast.human.wood.06,spirit_beast.human.metal.04,鎏電靈貂,spirit_beast.human.wood.06,藥霞靈貘,spirit_beast.heaven.metal.03,萬刃猙王,人品,天品,3,1,10000,fivephase_fallback
spirit_fusion.v2:spirit_beast.human.metal.04:spirit_beast.human.water.01,spirit_beast.human.metal.04,鎏電靈貂,spirit_beast.human.water.01,寒潭靈黿,spirit_beast.heaven.water.04,天河鮫靈,人品,天品,3,1,10000,fivephase_fallback
spirit_fusion.v2:spirit_beast.human.metal.04:spirit_beast.human.water.02,spirit_beast.human.metal.04,鎏電靈貂,spirit_beast.human.water.02,滄浪青螭,spirit_beast.heaven.water.05,雨師青麟,人品,天品,3,1,10000,fivephase_fallback
spirit_fusion.v2:spirit_beast.human.metal.04:spirit_beast.human.water.03,spirit_beast.human.metal.04,鎏電靈貂,spirit_beast.human.water.03,月汐長鰭鯉,spirit_beast.heaven.water.06,冰鑑應龍,人品,天品,3,1,10000,fivephase_fallback
spirit_fusion.v2:spirit_beast.human.metal.04:spirit_beast.human.water.04,spirit_beast.human.metal.04,鎏電靈貂,spirit_beast.human.water.04,琉璃海馬麟,spirit_beast.heaven.water.01,玄冥龍龜,人品,天品,3,1,10000,fivephase_fallback
spirit_fusion.v2:spirit_beast.human.metal.04:spirit_beast.human.water.05,spirit_beast.human.metal.04,鎏電靈貂,spirit_beast.human.water.05,珠泉獨角靈鯉,spirit_beast.heaven.water.02,滄瀾螭龍,人品,天品,3,1,10000,fivephase_fallback
spirit_fusion.v2:spirit_beast.human.metal.04:spirit_beast.human.water.06,spirit_beast.human.metal.04,鎏電靈貂,spirit_beast.human.water.06,霧海靈鯤,spirit_beast.heaven.water.03,寒月鯤鵬,人品,天品,3,1,10000,fivephase_fallback
spirit_fusion.v2:spirit_beast.human.fire.01:spirit_beast.human.metal.04,spirit_beast.human.fire.01,赤曜朱鶴,spirit_beast.human.metal.04,鎏電靈貂,spirit_beast.heaven.fire.04,焚天狻猊,人品,天品,3,1,10000,fivephase_fallback
spirit_fusion.v2:spirit_beast.human.fire.02:spirit_beast.human.metal.04,spirit_beast.human.fire.02,離焰九尾,spirit_beast.human.metal.04,鎏電靈貂,spirit_beast.heaven.fire.05,流火畢方,人品,天品,3,1,10000,fivephase_fallback
spirit_fusion.v2:spirit_beast.human.fire.03:spirit_beast.human.metal.04,spirit_beast.human.fire.03,丹霞火鸞,spirit_beast.human.metal.04,鎏電靈貂,spirit_beast.heaven.fire.06,燭炎天龍,人品,天品,3,1,10000,fivephase_fallback
spirit_fusion.v2:spirit_beast.human.fire.04:spirit_beast.human.metal.04,spirit_beast.human.fire.04,熔星狻猊,spirit_beast.human.metal.04,鎏電靈貂,spirit_beast.heaven.fire.01,南離朱雀,人品,天品,3,1,10000,fivephase_fallback
spirit_fusion.v2:spirit_beast.human.fire.05:spirit_beast.human.metal.04,spirit_beast.human.fire.05,南明靈獬,spirit_beast.human.metal.04,鎏電靈貂,spirit_beast.heaven.fire.02,九轉丹凰,人品,天品,3,1,10000,fivephase_fallback
spirit_fusion.v2:spirit_beast.human.fire.06:spirit_beast.human.metal.04,spirit_beast.human.fire.06,燼羽鳳靈,spirit_beast.human.metal.04,鎏電靈貂,spirit_beast.heaven.fire.03,赤霄金烏,人品,天品,3,1,10000,fivephase_fallback
spirit_fusion.v2:spirit_beast.human.earth.01:spirit_beast.human.metal.04,spirit_beast.human.earth.01,鎮嶽靈犀,spirit_beast.human.metal.04,鎏電靈貂,spirit_beast.heaven.metal.04,星河貔貅,人品,天品,3,1,10000,fivephase_fallback
spirit_fusion.v2:spirit_beast.human.earth.02:spirit_beast.human.metal.04,spirit_beast.human.earth.02,厚土翼羆,spirit_beast.human.metal.04,鎏電靈貂,spirit_beast.heaven.metal.05,斬嶽金麟,人品,天品,3,1,10000,fivephase_fallback
spirit_fusion.v2:spirit_beast.human.earth.03:spirit_beast.human.metal.04,spirit_beast.human.earth.03,坤脈麒麟,spirit_beast.human.metal.04,鎏電靈貂,spirit_beast.heaven.metal.06,靈樞應龍,人品,天品,3,1,10000,fivephase_fallback
spirit_fusion.v2:spirit_beast.human.earth.04:spirit_beast.human.metal.04,spirit_beast.human.earth.04,青巖獬豸,spirit_beast.human.metal.04,鎏電靈貂,spirit_beast.heaven.metal.01,太庚白虎,人品,天品,3,1,10000,fivephase_fallback
spirit_fusion.v2:spirit_beast.human.earth.05:spirit_beast.human.metal.04,spirit_beast.human.earth.05,負碑靈龜,spirit_beast.human.metal.04,鎏電靈貂,spirit_beast.heaven.metal.02,天鉞金鵬,人品,天品,3,1,10000,fivephase_fallback
spirit_fusion.v2:spirit_beast.human.earth.06:spirit_beast.human.metal.04,spirit_beast.human.earth.06,崩雲巨猿,spirit_beast.human.metal.04,鎏電靈貂,spirit_beast.heaven.metal.03,萬刃猙王,人品,天品,3,1,10000,fivephase_fallback
spirit_fusion.v2:spirit_beast.human.metal.05:spirit_beast.human.metal.05,spirit_beast.human.metal.05,斷嶽金羚,spirit_beast.human.metal.05,斷嶽金羚,spirit_beast.heaven.metal.05,斬嶽金麟,人品,天品,3,1,10000,same_species
spirit_fusion.v2:spirit_beast.human.metal.05:spirit_beast.human.metal.06,spirit_beast.human.metal.05,斷嶽金羚,spirit_beast.human.metal.06,白玉貔靈,spirit_beast.heaven.metal.05,斬嶽金麟,人品,天品,3,1,10000,named
spirit_fusion.v2:spirit_beast.human.metal.05:spirit_beast.human.wood.01,spirit_beast.human.metal.05,斷嶽金羚,spirit_beast.human.wood.01,青蘿靈鹿,spirit_beast.heaven.metal.05,斬嶽金麟,人品,天品,3,1,10000,fivephase_fallback
spirit_fusion.v2:spirit_beast.human.metal.05:spirit_beast.human.wood.02,spirit_beast.human.metal.05,斷嶽金羚,spirit_beast.human.wood.02,百花九尾,spirit_beast.heaven.metal.06,靈樞應龍,人品,天品,3,1,10000,fivephase_fallback
spirit_fusion.v2:spirit_beast.human.metal.05:spirit_beast.human.wood.03,spirit_beast.human.metal.05,斷嶽金羚,spirit_beast.human.wood.03,建木靈猿,spirit_beast.heaven.metal.01,太庚白虎,人品,天品,3,1,10000,fivephase_fallback
spirit_fusion.v2:spirit_beast.human.metal.05:spirit_beast.human.wood.04,spirit_beast.human.metal.05,斷嶽金羚,spirit_beast.human.wood.04,翠雲青鸞,spirit_beast.heaven.metal.02,天鉞金鵬,人品,天品,3,1,10000,fivephase_fallback
spirit_fusion.v2:spirit_beast.human.metal.05:spirit_beast.human.wood.05,spirit_beast.human.metal.05,斷嶽金羚,spirit_beast.human.wood.05,森羅麒獸,spirit_beast.heaven.metal.03,萬刃猙王,人品,天品,3,1,10000,fivephase_fallback
spirit_fusion.v2:spirit_beast.human.metal.05:spirit_beast.human.wood.06,spirit_beast.human.metal.05,斷嶽金羚,spirit_beast.human.wood.06,藥霞靈貘,spirit_beast.heaven.metal.04,星河貔貅,人品,天品,3,1,10000,fivephase_fallback
spirit_fusion.v2:spirit_beast.human.metal.05:spirit_beast.human.water.01,spirit_beast.human.metal.05,斷嶽金羚,spirit_beast.human.water.01,寒潭靈黿,spirit_beast.heaven.water.05,雨師青麟,人品,天品,3,1,10000,fivephase_fallback
spirit_fusion.v2:spirit_beast.human.metal.05:spirit_beast.human.water.02,spirit_beast.human.metal.05,斷嶽金羚,spirit_beast.human.water.02,滄浪青螭,spirit_beast.heaven.water.06,冰鑑應龍,人品,天品,3,1,10000,fivephase_fallback
spirit_fusion.v2:spirit_beast.human.metal.05:spirit_beast.human.water.03,spirit_beast.human.metal.05,斷嶽金羚,spirit_beast.human.water.03,月汐長鰭鯉,spirit_beast.heaven.water.01,玄冥龍龜,人品,天品,3,1,10000,fivephase_fallback
spirit_fusion.v2:spirit_beast.human.metal.05:spirit_beast.human.water.04,spirit_beast.human.metal.05,斷嶽金羚,spirit_beast.human.water.04,琉璃海馬麟,spirit_beast.heaven.water.02,滄瀾螭龍,人品,天品,3,1,10000,fivephase_fallback
spirit_fusion.v2:spirit_beast.human.metal.05:spirit_beast.human.water.05,spirit_beast.human.metal.05,斷嶽金羚,spirit_beast.human.water.05,珠泉獨角靈鯉,spirit_beast.heaven.water.03,寒月鯤鵬,人品,天品,3,1,10000,fivephase_fallback
spirit_fusion.v2:spirit_beast.human.metal.05:spirit_beast.human.water.06,spirit_beast.human.metal.05,斷嶽金羚,spirit_beast.human.water.06,霧海靈鯤,spirit_beast.heaven.water.04,天河鮫靈,人品,天品,3,1,10000,fivephase_fallback
spirit_fusion.v2:spirit_beast.human.fire.01:spirit_beast.human.metal.05,spirit_beast.human.fire.01,赤曜朱鶴,spirit_beast.human.metal.05,斷嶽金羚,spirit_beast.heaven.fire.05,流火畢方,人品,天品,3,1,10000,fivephase_fallback
spirit_fusion.v2:spirit_beast.human.fire.02:spirit_beast.human.metal.05,spirit_beast.human.fire.02,離焰九尾,spirit_beast.human.metal.05,斷嶽金羚,spirit_beast.heaven.fire.06,燭炎天龍,人品,天品,3,1,10000,fivephase_fallback
spirit_fusion.v2:spirit_beast.human.fire.03:spirit_beast.human.metal.05,spirit_beast.human.fire.03,丹霞火鸞,spirit_beast.human.metal.05,斷嶽金羚,spirit_beast.heaven.fire.01,南離朱雀,人品,天品,3,1,10000,fivephase_fallback
spirit_fusion.v2:spirit_beast.human.fire.04:spirit_beast.human.metal.05,spirit_beast.human.fire.04,熔星狻猊,spirit_beast.human.metal.05,斷嶽金羚,spirit_beast.heaven.fire.02,九轉丹凰,人品,天品,3,1,10000,fivephase_fallback
spirit_fusion.v2:spirit_beast.human.fire.05:spirit_beast.human.metal.05,spirit_beast.human.fire.05,南明靈獬,spirit_beast.human.metal.05,斷嶽金羚,spirit_beast.heaven.fire.03,赤霄金烏,人品,天品,3,1,10000,fivephase_fallback
spirit_fusion.v2:spirit_beast.human.fire.06:spirit_beast.human.metal.05,spirit_beast.human.fire.06,燼羽鳳靈,spirit_beast.human.metal.05,斷嶽金羚,spirit_beast.heaven.fire.04,焚天狻猊,人品,天品,3,1,10000,fivephase_fallback
spirit_fusion.v2:spirit_beast.human.earth.01:spirit_beast.human.metal.05,spirit_beast.human.earth.01,鎮嶽靈犀,spirit_beast.human.metal.05,斷嶽金羚,spirit_beast.heaven.metal.05,斬嶽金麟,人品,天品,3,1,10000,fivephase_fallback
spirit_fusion.v2:spirit_beast.human.earth.02:spirit_beast.human.metal.05,spirit_beast.human.earth.02,厚土翼羆,spirit_beast.human.metal.05,斷嶽金羚,spirit_beast.heaven.metal.06,靈樞應龍,人品,天品,3,1,10000,fivephase_fallback
spirit_fusion.v2:spirit_beast.human.earth.03:spirit_beast.human.metal.05,spirit_beast.human.earth.03,坤脈麒麟,spirit_beast.human.metal.05,斷嶽金羚,spirit_beast.heaven.metal.01,太庚白虎,人品,天品,3,1,10000,fivephase_fallback
spirit_fusion.v2:spirit_beast.human.earth.04:spirit_beast.human.metal.05,spirit_beast.human.earth.04,青巖獬豸,spirit_beast.human.metal.05,斷嶽金羚,spirit_beast.heaven.metal.02,天鉞金鵬,人品,天品,3,1,10000,fivephase_fallback
spirit_fusion.v2:spirit_beast.human.earth.05:spirit_beast.human.metal.05,spirit_beast.human.earth.05,負碑靈龜,spirit_beast.human.metal.05,斷嶽金羚,spirit_beast.heaven.metal.03,萬刃猙王,人品,天品,3,1,10000,fivephase_fallback
spirit_fusion.v2:spirit_beast.human.earth.06:spirit_beast.human.metal.05,spirit_beast.human.earth.06,崩雲巨猿,spirit_beast.human.metal.05,斷嶽金羚,spirit_beast.heaven.metal.04,星河貔貅,人品,天品,3,1,10000,fivephase_fallback
spirit_fusion.v2:spirit_beast.human.metal.06:spirit_beast.human.metal.06,spirit_beast.human.metal.06,白玉貔靈,spirit_beast.human.metal.06,白玉貔靈,spirit_beast.heaven.metal.06,靈樞應龍,人品,天品,3,1,10000,same_species
spirit_fusion.v2:spirit_beast.human.metal.06:spirit_beast.human.wood.01,spirit_beast.human.metal.06,白玉貔靈,spirit_beast.human.wood.01,青蘿靈鹿,spirit_beast.heaven.metal.06,靈樞應龍,人品,天品,3,1,10000,fivephase_fallback
spirit_fusion.v2:spirit_beast.human.metal.06:spirit_beast.human.wood.02,spirit_beast.human.metal.06,白玉貔靈,spirit_beast.human.wood.02,百花九尾,spirit_beast.heaven.metal.01,太庚白虎,人品,天品,3,1,10000,fivephase_fallback
spirit_fusion.v2:spirit_beast.human.metal.06:spirit_beast.human.wood.03,spirit_beast.human.metal.06,白玉貔靈,spirit_beast.human.wood.03,建木靈猿,spirit_beast.heaven.metal.02,天鉞金鵬,人品,天品,3,1,10000,fivephase_fallback
spirit_fusion.v2:spirit_beast.human.metal.06:spirit_beast.human.wood.04,spirit_beast.human.metal.06,白玉貔靈,spirit_beast.human.wood.04,翠雲青鸞,spirit_beast.heaven.metal.03,萬刃猙王,人品,天品,3,1,10000,fivephase_fallback
spirit_fusion.v2:spirit_beast.human.metal.06:spirit_beast.human.wood.05,spirit_beast.human.metal.06,白玉貔靈,spirit_beast.human.wood.05,森羅麒獸,spirit_beast.heaven.metal.04,星河貔貅,人品,天品,3,1,10000,fivephase_fallback
spirit_fusion.v2:spirit_beast.human.metal.06:spirit_beast.human.wood.06,spirit_beast.human.metal.06,白玉貔靈,spirit_beast.human.wood.06,藥霞靈貘,spirit_beast.heaven.metal.05,斬嶽金麟,人品,天品,3,1,10000,fivephase_fallback
spirit_fusion.v2:spirit_beast.human.metal.06:spirit_beast.human.water.01,spirit_beast.human.metal.06,白玉貔靈,spirit_beast.human.water.01,寒潭靈黿,spirit_beast.heaven.water.06,冰鑑應龍,人品,天品,3,1,10000,fivephase_fallback
spirit_fusion.v2:spirit_beast.human.metal.06:spirit_beast.human.water.02,spirit_beast.human.metal.06,白玉貔靈,spirit_beast.human.water.02,滄浪青螭,spirit_beast.heaven.water.01,玄冥龍龜,人品,天品,3,1,10000,fivephase_fallback
spirit_fusion.v2:spirit_beast.human.metal.06:spirit_beast.human.water.03,spirit_beast.human.metal.06,白玉貔靈,spirit_beast.human.water.03,月汐長鰭鯉,spirit_beast.heaven.water.02,滄瀾螭龍,人品,天品,3,1,10000,fivephase_fallback
spirit_fusion.v2:spirit_beast.human.metal.06:spirit_beast.human.water.04,spirit_beast.human.metal.06,白玉貔靈,spirit_beast.human.water.04,琉璃海馬麟,spirit_beast.heaven.water.03,寒月鯤鵬,人品,天品,3,1,10000,fivephase_fallback
spirit_fusion.v2:spirit_beast.human.metal.06:spirit_beast.human.water.05,spirit_beast.human.metal.06,白玉貔靈,spirit_beast.human.water.05,珠泉獨角靈鯉,spirit_beast.heaven.water.04,天河鮫靈,人品,天品,3,1,10000,fivephase_fallback
spirit_fusion.v2:spirit_beast.human.metal.06:spirit_beast.human.water.06,spirit_beast.human.metal.06,白玉貔靈,spirit_beast.human.water.06,霧海靈鯤,spirit_beast.heaven.water.05,雨師青麟,人品,天品,3,1,10000,fivephase_fallback
spirit_fusion.v2:spirit_beast.human.fire.01:spirit_beast.human.metal.06,spirit_beast.human.fire.01,赤曜朱鶴,spirit_beast.human.metal.06,白玉貔靈,spirit_beast.heaven.fire.06,燭炎天龍,人品,天品,3,1,10000,fivephase_fallback
spirit_fusion.v2:spirit_beast.human.fire.02:spirit_beast.human.metal.06,spirit_beast.human.fire.02,離焰九尾,spirit_beast.human.metal.06,白玉貔靈,spirit_beast.heaven.fire.01,南離朱雀,人品,天品,3,1,10000,fivephase_fallback
spirit_fusion.v2:spirit_beast.human.fire.03:spirit_beast.human.metal.06,spirit_beast.human.fire.03,丹霞火鸞,spirit_beast.human.metal.06,白玉貔靈,spirit_beast.heaven.fire.02,九轉丹凰,人品,天品,3,1,10000,fivephase_fallback
spirit_fusion.v2:spirit_beast.human.fire.04:spirit_beast.human.metal.06,spirit_beast.human.fire.04,熔星狻猊,spirit_beast.human.metal.06,白玉貔靈,spirit_beast.heaven.fire.03,赤霄金烏,人品,天品,3,1,10000,fivephase_fallback
spirit_fusion.v2:spirit_beast.human.fire.05:spirit_beast.human.metal.06,spirit_beast.human.fire.05,南明靈獬,spirit_beast.human.metal.06,白玉貔靈,spirit_beast.heaven.fire.04,焚天狻猊,人品,天品,3,1,10000,fivephase_fallback
spirit_fusion.v2:spirit_beast.human.fire.06:spirit_beast.human.metal.06,spirit_beast.human.fire.06,燼羽鳳靈,spirit_beast.human.metal.06,白玉貔靈,spirit_beast.heaven.fire.05,流火畢方,人品,天品,3,1,10000,fivephase_fallback
spirit_fusion.v2:spirit_beast.human.earth.01:spirit_beast.human.metal.06,spirit_beast.human.earth.01,鎮嶽靈犀,spirit_beast.human.metal.06,白玉貔靈,spirit_beast.heaven.metal.06,靈樞應龍,人品,天品,3,1,10000,fivephase_fallback
spirit_fusion.v2:spirit_beast.human.earth.02:spirit_beast.human.metal.06,spirit_beast.human.earth.02,厚土翼羆,spirit_beast.human.metal.06,白玉貔靈,spirit_beast.heaven.metal.01,太庚白虎,人品,天品,3,1,10000,fivephase_fallback
spirit_fusion.v2:spirit_beast.human.earth.03:spirit_beast.human.metal.06,spirit_beast.human.earth.03,坤脈麒麟,spirit_beast.human.metal.06,白玉貔靈,spirit_beast.heaven.metal.02,天鉞金鵬,人品,天品,3,1,10000,fivephase_fallback
spirit_fusion.v2:spirit_beast.human.earth.04:spirit_beast.human.metal.06,spirit_beast.human.earth.04,青巖獬豸,spirit_beast.human.metal.06,白玉貔靈,spirit_beast.heaven.metal.03,萬刃猙王,人品,天品,3,1,10000,fivephase_fallback
spirit_fusion.v2:spirit_beast.human.earth.05:spirit_beast.human.metal.06,spirit_beast.human.earth.05,負碑靈龜,spirit_beast.human.metal.06,白玉貔靈,spirit_beast.heaven.metal.04,星河貔貅,人品,天品,3,1,10000,fivephase_fallback
spirit_fusion.v2:spirit_beast.human.earth.06:spirit_beast.human.metal.06,spirit_beast.human.earth.06,崩雲巨猿,spirit_beast.human.metal.06,白玉貔靈,spirit_beast.heaven.metal.05,斬嶽金麟,人品,天品,3,1,10000,fivephase_fallback
spirit_fusion.v2:spirit_beast.human.wood.01:spirit_beast.human.wood.01,spirit_beast.human.wood.01,青蘿靈鹿,spirit_beast.human.wood.01,青蘿靈鹿,spirit_beast.heaven.wood.01,青帝蒼鹿,人品,天品,3,1,10000,same_species
spirit_fusion.v2:spirit_beast.human.wood.01:spirit_beast.human.wood.02,spirit_beast.human.wood.01,青蘿靈鹿,spirit_beast.human.wood.02,百花九尾,spirit_beast.heaven.wood.01,青帝蒼鹿,人品,天品,3,1,10000,named
spirit_fusion.v2:spirit_beast.human.wood.01:spirit_beast.human.wood.03,spirit_beast.human.wood.01,青蘿靈鹿,spirit_beast.human.wood.03,建木靈猿,spirit_beast.heaven.wood.03,扶桑神猿,人品,天品,3,1,10000,fivephase_fallback
spirit_fusion.v2:spirit_beast.human.wood.01:spirit_beast.human.wood.04,spirit_beast.human.wood.01,青蘿靈鹿,spirit_beast.human.wood.04,翠雲青鸞,spirit_beast.heaven.wood.04,碧落青鸞,人品,天品,3,1,10000,fivephase_fallback
spirit_fusion.v2:spirit_beast.human.wood.01:spirit_beast.human.wood.05,spirit_beast.human.wood.01,青蘿靈鹿,spirit_beast.human.wood.05,森羅麒獸,spirit_beast.heaven.wood.05,花海九色鹿,人品,天品,3,1,10000,fivephase_fallback
spirit_fusion.v2:spirit_beast.human.wood.01:spirit_beast.human.wood.06,spirit_beast.human.wood.01,青蘿靈鹿,spirit_beast.human.wood.06,藥霞靈貘,spirit_beast.heaven.wood.06,長春麒麟,人品,天品,3,1,10000,named
spirit_fusion.v2:spirit_beast.human.water.01:spirit_beast.human.wood.01,spirit_beast.human.water.01,寒潭靈黿,spirit_beast.human.wood.01,青蘿靈鹿,spirit_beast.heaven.wood.01,青帝蒼鹿,人品,天品,3,1,10000,fivephase_fallback
spirit_fusion.v2:spirit_beast.human.water.02:spirit_beast.human.wood.01,spirit_beast.human.water.02,滄浪青螭,spirit_beast.human.wood.01,青蘿靈鹿,spirit_beast.heaven.wood.02,萬葉白澤,人品,天品,3,1,10000,fivephase_fallback
spirit_fusion.v2:spirit_beast.human.water.03:spirit_beast.human.wood.01,spirit_beast.human.water.03,月汐長鰭鯉,spirit_beast.human.wood.01,青蘿靈鹿,spirit_beast.heaven.wood.03,扶桑神猿,人品,天品,3,1,10000,fivephase_fallback
spirit_fusion.v2:spirit_beast.human.water.04:spirit_beast.human.wood.01,spirit_beast.human.water.04,琉璃海馬麟,spirit_beast.human.wood.01,青蘿靈鹿,spirit_beast.heaven.wood.04,碧落青鸞,人品,天品,3,1,10000,fivephase_fallback
spirit_fusion.v2:spirit_beast.human.water.05:spirit_beast.human.wood.01,spirit_beast.human.water.05,珠泉獨角靈鯉,spirit_beast.human.wood.01,青蘿靈鹿,spirit_beast.heaven.wood.05,花海九色鹿,人品,天品,3,1,10000,fivephase_fallback
spirit_fusion.v2:spirit_beast.human.water.06:spirit_beast.human.wood.01,spirit_beast.human.water.06,霧海靈鯤,spirit_beast.human.wood.01,青蘿靈鹿,spirit_beast.heaven.wood.06,長春麒麟,人品,天品,3,1,10000,fivephase_fallback
spirit_fusion.v2:spirit_beast.human.fire.01:spirit_beast.human.wood.01,spirit_beast.human.fire.01,赤曜朱鶴,spirit_beast.human.wood.01,青蘿靈鹿,spirit_beast.heaven.fire.01,南離朱雀,人品,天品,3,1,10000,fivephase_fallback
spirit_fusion.v2:spirit_beast.human.fire.02:spirit_beast.human.wood.01,spirit_beast.human.fire.02,離焰九尾,spirit_beast.human.wood.01,青蘿靈鹿,spirit_beast.heaven.fire.02,九轉丹凰,人品,天品,3,1,10000,fivephase_fallback
spirit_fusion.v2:spirit_beast.human.fire.03:spirit_beast.human.wood.01,spirit_beast.human.fire.03,丹霞火鸞,spirit_beast.human.wood.01,青蘿靈鹿,spirit_beast.heaven.fire.03,赤霄金烏,人品,天品,3,1,10000,fivephase_fallback
spirit_fusion.v2:spirit_beast.human.fire.04:spirit_beast.human.wood.01,spirit_beast.human.fire.04,熔星狻猊,spirit_beast.human.wood.01,青蘿靈鹿,spirit_beast.heaven.fire.04,焚天狻猊,人品,天品,3,1,10000,fivephase_fallback
spirit_fusion.v2:spirit_beast.human.fire.05:spirit_beast.human.wood.01,spirit_beast.human.fire.05,南明靈獬,spirit_beast.human.wood.01,青蘿靈鹿,spirit_beast.heaven.fire.05,流火畢方,人品,天品,3,1,10000,fivephase_fallback
spirit_fusion.v2:spirit_beast.human.fire.06:spirit_beast.human.wood.01,spirit_beast.human.fire.06,燼羽鳳靈,spirit_beast.human.wood.01,青蘿靈鹿,spirit_beast.heaven.fire.06,燭炎天龍,人品,天品,3,1,10000,fivephase_fallback
spirit_fusion.v2:spirit_beast.human.earth.01:spirit_beast.human.wood.01,spirit_beast.human.earth.01,鎮嶽靈犀,spirit_beast.human.wood.01,青蘿靈鹿,spirit_beast.heaven.wood.01,青帝蒼鹿,人品,天品,3,1,10000,fivephase_fallback
spirit_fusion.v2:spirit_beast.human.earth.02:spirit_beast.human.wood.01,spirit_beast.human.earth.02,厚土翼羆,spirit_beast.human.wood.01,青蘿靈鹿,spirit_beast.heaven.wood.02,萬葉白澤,人品,天品,3,1,10000,fivephase_fallback
spirit_fusion.v2:spirit_beast.human.earth.03:spirit_beast.human.wood.01,spirit_beast.human.earth.03,坤脈麒麟,spirit_beast.human.wood.01,青蘿靈鹿,spirit_beast.heaven.wood.03,扶桑神猿,人品,天品,3,1,10000,fivephase_fallback
spirit_fusion.v2:spirit_beast.human.earth.04:spirit_beast.human.wood.01,spirit_beast.human.earth.04,青巖獬豸,spirit_beast.human.wood.01,青蘿靈鹿,spirit_beast.heaven.wood.04,碧落青鸞,人品,天品,3,1,10000,fivephase_fallback
spirit_fusion.v2:spirit_beast.human.earth.05:spirit_beast.human.wood.01,spirit_beast.human.earth.05,負碑靈龜,spirit_beast.human.wood.01,青蘿靈鹿,spirit_beast.heaven.wood.05,花海九色鹿,人品,天品,3,1,10000,fivephase_fallback
spirit_fusion.v2:spirit_beast.human.earth.06:spirit_beast.human.wood.01,spirit_beast.human.earth.06,崩雲巨猿,spirit_beast.human.wood.01,青蘿靈鹿,spirit_beast.heaven.wood.06,長春麒麟,人品,天品,3,1,10000,fivephase_fallback
spirit_fusion.v2:spirit_beast.human.wood.02:spirit_beast.human.wood.02,spirit_beast.human.wood.02,百花九尾,spirit_beast.human.wood.02,百花九尾,spirit_beast.heaven.wood.02,萬葉白澤,人品,天品,3,1,10000,same_species
spirit_fusion.v2:spirit_beast.human.wood.02:spirit_beast.human.wood.03,spirit_beast.human.wood.02,百花九尾,spirit_beast.human.wood.03,建木靈猿,spirit_beast.heaven.wood.02,萬葉白澤,人品,天品,3,1,10000,named
spirit_fusion.v2:spirit_beast.human.wood.02:spirit_beast.human.wood.04,spirit_beast.human.wood.02,百花九尾,spirit_beast.human.wood.04,翠雲青鸞,spirit_beast.heaven.wood.05,花海九色鹿,人品,天品,3,1,10000,fivephase_fallback
spirit_fusion.v2:spirit_beast.human.wood.02:spirit_beast.human.wood.05,spirit_beast.human.wood.02,百花九尾,spirit_beast.human.wood.05,森羅麒獸,spirit_beast.heaven.wood.06,長春麒麟,人品,天品,3,1,10000,fivephase_fallback
spirit_fusion.v2:spirit_beast.human.wood.02:spirit_beast.human.wood.06,spirit_beast.human.wood.02,百花九尾,spirit_beast.human.wood.06,藥霞靈貘,spirit_beast.heaven.wood.01,青帝蒼鹿,人品,天品,3,1,10000,fivephase_fallback
spirit_fusion.v2:spirit_beast.human.water.01:spirit_beast.human.wood.02,spirit_beast.human.water.01,寒潭靈黿,spirit_beast.human.wood.02,百花九尾,spirit_beast.heaven.wood.02,萬葉白澤,人品,天品,3,1,10000,fivephase_fallback
spirit_fusion.v2:spirit_beast.human.water.02:spirit_beast.human.wood.02,spirit_beast.human.water.02,滄浪青螭,spirit_beast.human.wood.02,百花九尾,spirit_beast.heaven.wood.03,扶桑神猿,人品,天品,3,1,10000,fivephase_fallback
spirit_fusion.v2:spirit_beast.human.water.03:spirit_beast.human.wood.02,spirit_beast.human.water.03,月汐長鰭鯉,spirit_beast.human.wood.02,百花九尾,spirit_beast.heaven.wood.04,碧落青鸞,人品,天品,3,1,10000,fivephase_fallback
spirit_fusion.v2:spirit_beast.human.water.04:spirit_beast.human.wood.02,spirit_beast.human.water.04,琉璃海馬麟,spirit_beast.human.wood.02,百花九尾,spirit_beast.heaven.wood.05,花海九色鹿,人品,天品,3,1,10000,fivephase_fallback
spirit_fusion.v2:spirit_beast.human.water.05:spirit_beast.human.wood.02,spirit_beast.human.water.05,珠泉獨角靈鯉,spirit_beast.human.wood.02,百花九尾,spirit_beast.heaven.wood.06,長春麒麟,人品,天品,3,1,10000,fivephase_fallback
spirit_fusion.v2:spirit_beast.human.water.06:spirit_beast.human.wood.02,spirit_beast.human.water.06,霧海靈鯤,spirit_beast.human.wood.02,百花九尾,spirit_beast.heaven.wood.01,青帝蒼鹿,人品,天品,3,1,10000,fivephase_fallback
spirit_fusion.v2:spirit_beast.human.fire.01:spirit_beast.human.wood.02,spirit_beast.human.fire.01,赤曜朱鶴,spirit_beast.human.wood.02,百花九尾,spirit_beast.heaven.fire.02,九轉丹凰,人品,天品,3,1,10000,fivephase_fallback
spirit_fusion.v2:spirit_beast.human.fire.02:spirit_beast.human.wood.02,spirit_beast.human.fire.02,離焰九尾,spirit_beast.human.wood.02,百花九尾,spirit_beast.heaven.fire.03,赤霄金烏,人品,天品,3,1,10000,fivephase_fallback
spirit_fusion.v2:spirit_beast.human.fire.03:spirit_beast.human.wood.02,spirit_beast.human.fire.03,丹霞火鸞,spirit_beast.human.wood.02,百花九尾,spirit_beast.heaven.fire.04,焚天狻猊,人品,天品,3,1,10000,fivephase_fallback
spirit_fusion.v2:spirit_beast.human.fire.04:spirit_beast.human.wood.02,spirit_beast.human.fire.04,熔星狻猊,spirit_beast.human.wood.02,百花九尾,spirit_beast.heaven.fire.05,流火畢方,人品,天品,3,1,10000,fivephase_fallback
spirit_fusion.v2:spirit_beast.human.fire.05:spirit_beast.human.wood.02,spirit_beast.human.fire.05,南明靈獬,spirit_beast.human.wood.02,百花九尾,spirit_beast.heaven.fire.06,燭炎天龍,人品,天品,3,1,10000,fivephase_fallback
spirit_fusion.v2:spirit_beast.human.fire.06:spirit_beast.human.wood.02,spirit_beast.human.fire.06,燼羽鳳靈,spirit_beast.human.wood.02,百花九尾,spirit_beast.heaven.fire.01,南離朱雀,人品,天品,3,1,10000,fivephase_fallback
spirit_fusion.v2:spirit_beast.human.earth.01:spirit_beast.human.wood.02,spirit_beast.human.earth.01,鎮嶽靈犀,spirit_beast.human.wood.02,百花九尾,spirit_beast.heaven.wood.02,萬葉白澤,人品,天品,3,1,10000,fivephase_fallback
spirit_fusion.v2:spirit_beast.human.earth.02:spirit_beast.human.wood.02,spirit_beast.human.earth.02,厚土翼羆,spirit_beast.human.wood.02,百花九尾,spirit_beast.heaven.wood.03,扶桑神猿,人品,天品,3,1,10000,fivephase_fallback
spirit_fusion.v2:spirit_beast.human.earth.03:spirit_beast.human.wood.02,spirit_beast.human.earth.03,坤脈麒麟,spirit_beast.human.wood.02,百花九尾,spirit_beast.heaven.wood.04,碧落青鸞,人品,天品,3,1,10000,fivephase_fallback
spirit_fusion.v2:spirit_beast.human.earth.04:spirit_beast.human.wood.02,spirit_beast.human.earth.04,青巖獬豸,spirit_beast.human.wood.02,百花九尾,spirit_beast.heaven.wood.05,花海九色鹿,人品,天品,3,1,10000,fivephase_fallback
spirit_fusion.v2:spirit_beast.human.earth.05:spirit_beast.human.wood.02,spirit_beast.human.earth.05,負碑靈龜,spirit_beast.human.wood.02,百花九尾,spirit_beast.heaven.wood.06,長春麒麟,人品,天品,3,1,10000,fivephase_fallback
spirit_fusion.v2:spirit_beast.human.earth.06:spirit_beast.human.wood.02,spirit_beast.human.earth.06,崩雲巨猿,spirit_beast.human.wood.02,百花九尾,spirit_beast.heaven.wood.01,青帝蒼鹿,人品,天品,3,1,10000,fivephase_fallback
spirit_fusion.v2:spirit_beast.human.wood.03:spirit_beast.human.wood.03,spirit_beast.human.wood.03,建木靈猿,spirit_beast.human.wood.03,建木靈猿,spirit_beast.heaven.wood.03,扶桑神猿,人品,天品,3,1,10000,same_species
spirit_fusion.v2:spirit_beast.human.wood.03:spirit_beast.human.wood.04,spirit_beast.human.wood.03,建木靈猿,spirit_beast.human.wood.04,翠雲青鸞,spirit_beast.heaven.wood.03,扶桑神猿,人品,天品,3,1,10000,named
spirit_fusion.v2:spirit_beast.human.wood.03:spirit_beast.human.wood.05,spirit_beast.human.wood.03,建木靈猿,spirit_beast.human.wood.05,森羅麒獸,spirit_beast.heaven.wood.01,青帝蒼鹿,人品,天品,3,1,10000,fivephase_fallback
spirit_fusion.v2:spirit_beast.human.wood.03:spirit_beast.human.wood.06,spirit_beast.human.wood.03,建木靈猿,spirit_beast.human.wood.06,藥霞靈貘,spirit_beast.heaven.wood.02,萬葉白澤,人品,天品,3,1,10000,fivephase_fallback
spirit_fusion.v2:spirit_beast.human.water.01:spirit_beast.human.wood.03,spirit_beast.human.water.01,寒潭靈黿,spirit_beast.human.wood.03,建木靈猿,spirit_beast.heaven.wood.03,扶桑神猿,人品,天品,3,1,10000,fivephase_fallback
spirit_fusion.v2:spirit_beast.human.water.02:spirit_beast.human.wood.03,spirit_beast.human.water.02,滄浪青螭,spirit_beast.human.wood.03,建木靈猿,spirit_beast.heaven.wood.04,碧落青鸞,人品,天品,3,1,10000,fivephase_fallback
spirit_fusion.v2:spirit_beast.human.water.03:spirit_beast.human.wood.03,spirit_beast.human.water.03,月汐長鰭鯉,spirit_beast.human.wood.03,建木靈猿,spirit_beast.heaven.wood.05,花海九色鹿,人品,天品,3,1,10000,fivephase_fallback
spirit_fusion.v2:spirit_beast.human.water.04:spirit_beast.human.wood.03,spirit_beast.human.water.04,琉璃海馬麟,spirit_beast.human.wood.03,建木靈猿,spirit_beast.heaven.wood.06,長春麒麟,人品,天品,3,1,10000,fivephase_fallback
spirit_fusion.v2:spirit_beast.human.water.05:spirit_beast.human.wood.03,spirit_beast.human.water.05,珠泉獨角靈鯉,spirit_beast.human.wood.03,建木靈猿,spirit_beast.heaven.wood.01,青帝蒼鹿,人品,天品,3,1,10000,fivephase_fallback
spirit_fusion.v2:spirit_beast.human.water.06:spirit_beast.human.wood.03,spirit_beast.human.water.06,霧海靈鯤,spirit_beast.human.wood.03,建木靈猿,spirit_beast.heaven.wood.02,萬葉白澤,人品,天品,3,1,10000,fivephase_fallback
spirit_fusion.v2:spirit_beast.human.fire.01:spirit_beast.human.wood.03,spirit_beast.human.fire.01,赤曜朱鶴,spirit_beast.human.wood.03,建木靈猿,spirit_beast.heaven.fire.03,赤霄金烏,人品,天品,3,1,10000,fivephase_fallback
spirit_fusion.v2:spirit_beast.human.fire.02:spirit_beast.human.wood.03,spirit_beast.human.fire.02,離焰九尾,spirit_beast.human.wood.03,建木靈猿,spirit_beast.heaven.fire.04,焚天狻猊,人品,天品,3,1,10000,fivephase_fallback
spirit_fusion.v2:spirit_beast.human.fire.03:spirit_beast.human.wood.03,spirit_beast.human.fire.03,丹霞火鸞,spirit_beast.human.wood.03,建木靈猿,spirit_beast.heaven.fire.05,流火畢方,人品,天品,3,1,10000,fivephase_fallback
spirit_fusion.v2:spirit_beast.human.fire.04:spirit_beast.human.wood.03,spirit_beast.human.fire.04,熔星狻猊,spirit_beast.human.wood.03,建木靈猿,spirit_beast.heaven.fire.06,燭炎天龍,人品,天品,3,1,10000,fivephase_fallback
spirit_fusion.v2:spirit_beast.human.fire.05:spirit_beast.human.wood.03,spirit_beast.human.fire.05,南明靈獬,spirit_beast.human.wood.03,建木靈猿,spirit_beast.heaven.fire.01,南離朱雀,人品,天品,3,1,10000,fivephase_fallback
spirit_fusion.v2:spirit_beast.human.fire.06:spirit_beast.human.wood.03,spirit_beast.human.fire.06,燼羽鳳靈,spirit_beast.human.wood.03,建木靈猿,spirit_beast.heaven.fire.02,九轉丹凰,人品,天品,3,1,10000,fivephase_fallback
spirit_fusion.v2:spirit_beast.human.earth.01:spirit_beast.human.wood.03,spirit_beast.human.earth.01,鎮嶽靈犀,spirit_beast.human.wood.03,建木靈猿,spirit_beast.heaven.wood.03,扶桑神猿,人品,天品,3,1,10000,fivephase_fallback
spirit_fusion.v2:spirit_beast.human.earth.02:spirit_beast.human.wood.03,spirit_beast.human.earth.02,厚土翼羆,spirit_beast.human.wood.03,建木靈猿,spirit_beast.heaven.wood.04,碧落青鸞,人品,天品,3,1,10000,fivephase_fallback
spirit_fusion.v2:spirit_beast.human.earth.03:spirit_beast.human.wood.03,spirit_beast.human.earth.03,坤脈麒麟,spirit_beast.human.wood.03,建木靈猿,spirit_beast.heaven.wood.05,花海九色鹿,人品,天品,3,1,10000,fivephase_fallback
spirit_fusion.v2:spirit_beast.human.earth.04:spirit_beast.human.wood.03,spirit_beast.human.earth.04,青巖獬豸,spirit_beast.human.wood.03,建木靈猿,spirit_beast.heaven.wood.06,長春麒麟,人品,天品,3,1,10000,fivephase_fallback
spirit_fusion.v2:spirit_beast.human.earth.05:spirit_beast.human.wood.03,spirit_beast.human.earth.05,負碑靈龜,spirit_beast.human.wood.03,建木靈猿,spirit_beast.heaven.wood.01,青帝蒼鹿,人品,天品,3,1,10000,fivephase_fallback
spirit_fusion.v2:spirit_beast.human.earth.06:spirit_beast.human.wood.03,spirit_beast.human.earth.06,崩雲巨猿,spirit_beast.human.wood.03,建木靈猿,spirit_beast.heaven.wood.02,萬葉白澤,人品,天品,3,1,10000,fivephase_fallback
spirit_fusion.v2:spirit_beast.human.wood.04:spirit_beast.human.wood.04,spirit_beast.human.wood.04,翠雲青鸞,spirit_beast.human.wood.04,翠雲青鸞,spirit_beast.heaven.wood.04,碧落青鸞,人品,天品,3,1,10000,same_species
spirit_fusion.v2:spirit_beast.human.wood.04:spirit_beast.human.wood.05,spirit_beast.human.wood.04,翠雲青鸞,spirit_beast.human.wood.05,森羅麒獸,spirit_beast.heaven.wood.04,碧落青鸞,人品,天品,3,1,10000,named
spirit_fusion.v2:spirit_beast.human.wood.04:spirit_beast.human.wood.06,spirit_beast.human.wood.04,翠雲青鸞,spirit_beast.human.wood.06,藥霞靈貘,spirit_beast.heaven.wood.03,扶桑神猿,人品,天品,3,1,10000,fivephase_fallback
spirit_fusion.v2:spirit_beast.human.water.01:spirit_beast.human.wood.04,spirit_beast.human.water.01,寒潭靈黿,spirit_beast.human.wood.04,翠雲青鸞,spirit_beast.heaven.wood.04,碧落青鸞,人品,天品,3,1,10000,fivephase_fallback
spirit_fusion.v2:spirit_beast.human.water.02:spirit_beast.human.wood.04,spirit_beast.human.water.02,滄浪青螭,spirit_beast.human.wood.04,翠雲青鸞,spirit_beast.heaven.wood.05,花海九色鹿,人品,天品,3,1,10000,fivephase_fallback
spirit_fusion.v2:spirit_beast.human.water.03:spirit_beast.human.wood.04,spirit_beast.human.water.03,月汐長鰭鯉,spirit_beast.human.wood.04,翠雲青鸞,spirit_beast.heaven.wood.06,長春麒麟,人品,天品,3,1,10000,fivephase_fallback
spirit_fusion.v2:spirit_beast.human.water.04:spirit_beast.human.wood.04,spirit_beast.human.water.04,琉璃海馬麟,spirit_beast.human.wood.04,翠雲青鸞,spirit_beast.heaven.wood.01,青帝蒼鹿,人品,天品,3,1,10000,fivephase_fallback
spirit_fusion.v2:spirit_beast.human.water.05:spirit_beast.human.wood.04,spirit_beast.human.water.05,珠泉獨角靈鯉,spirit_beast.human.wood.04,翠雲青鸞,spirit_beast.heaven.wood.02,萬葉白澤,人品,天品,3,1,10000,fivephase_fallback
spirit_fusion.v2:spirit_beast.human.water.06:spirit_beast.human.wood.04,spirit_beast.human.water.06,霧海靈鯤,spirit_beast.human.wood.04,翠雲青鸞,spirit_beast.heaven.wood.03,扶桑神猿,人品,天品,3,1,10000,fivephase_fallback
spirit_fusion.v2:spirit_beast.human.fire.01:spirit_beast.human.wood.04,spirit_beast.human.fire.01,赤曜朱鶴,spirit_beast.human.wood.04,翠雲青鸞,spirit_beast.heaven.fire.04,焚天狻猊,人品,天品,3,1,10000,fivephase_fallback
spirit_fusion.v2:spirit_beast.human.fire.02:spirit_beast.human.wood.04,spirit_beast.human.fire.02,離焰九尾,spirit_beast.human.wood.04,翠雲青鸞,spirit_beast.heaven.fire.05,流火畢方,人品,天品,3,1,10000,fivephase_fallback
spirit_fusion.v2:spirit_beast.human.fire.03:spirit_beast.human.wood.04,spirit_beast.human.fire.03,丹霞火鸞,spirit_beast.human.wood.04,翠雲青鸞,spirit_beast.heaven.fire.06,燭炎天龍,人品,天品,3,1,10000,fivephase_fallback
spirit_fusion.v2:spirit_beast.human.fire.04:spirit_beast.human.wood.04,spirit_beast.human.fire.04,熔星狻猊,spirit_beast.human.wood.04,翠雲青鸞,spirit_beast.heaven.fire.01,南離朱雀,人品,天品,3,1,10000,fivephase_fallback
spirit_fusion.v2:spirit_beast.human.fire.05:spirit_beast.human.wood.04,spirit_beast.human.fire.05,南明靈獬,spirit_beast.human.wood.04,翠雲青鸞,spirit_beast.heaven.fire.02,九轉丹凰,人品,天品,3,1,10000,fivephase_fallback
spirit_fusion.v2:spirit_beast.human.fire.06:spirit_beast.human.wood.04,spirit_beast.human.fire.06,燼羽鳳靈,spirit_beast.human.wood.04,翠雲青鸞,spirit_beast.heaven.fire.03,赤霄金烏,人品,天品,3,1,10000,fivephase_fallback
spirit_fusion.v2:spirit_beast.human.earth.01:spirit_beast.human.wood.04,spirit_beast.human.earth.01,鎮嶽靈犀,spirit_beast.human.wood.04,翠雲青鸞,spirit_beast.heaven.wood.04,碧落青鸞,人品,天品,3,1,10000,fivephase_fallback
spirit_fusion.v2:spirit_beast.human.earth.02:spirit_beast.human.wood.04,spirit_beast.human.earth.02,厚土翼羆,spirit_beast.human.wood.04,翠雲青鸞,spirit_beast.heaven.wood.05,花海九色鹿,人品,天品,3,1,10000,fivephase_fallback
spirit_fusion.v2:spirit_beast.human.earth.03:spirit_beast.human.wood.04,spirit_beast.human.earth.03,坤脈麒麟,spirit_beast.human.wood.04,翠雲青鸞,spirit_beast.heaven.wood.06,長春麒麟,人品,天品,3,1,10000,fivephase_fallback
spirit_fusion.v2:spirit_beast.human.earth.04:spirit_beast.human.wood.04,spirit_beast.human.earth.04,青巖獬豸,spirit_beast.human.wood.04,翠雲青鸞,spirit_beast.heaven.wood.01,青帝蒼鹿,人品,天品,3,1,10000,fivephase_fallback
spirit_fusion.v2:spirit_beast.human.earth.05:spirit_beast.human.wood.04,spirit_beast.human.earth.05,負碑靈龜,spirit_beast.human.wood.04,翠雲青鸞,spirit_beast.heaven.wood.02,萬葉白澤,人品,天品,3,1,10000,fivephase_fallback
spirit_fusion.v2:spirit_beast.human.earth.06:spirit_beast.human.wood.04,spirit_beast.human.earth.06,崩雲巨猿,spirit_beast.human.wood.04,翠雲青鸞,spirit_beast.heaven.wood.03,扶桑神猿,人品,天品,3,1,10000,fivephase_fallback
spirit_fusion.v2:spirit_beast.human.wood.05:spirit_beast.human.wood.05,spirit_beast.human.wood.05,森羅麒獸,spirit_beast.human.wood.05,森羅麒獸,spirit_beast.heaven.wood.05,花海九色鹿,人品,天品,3,1,10000,same_species
spirit_fusion.v2:spirit_beast.human.wood.05:spirit_beast.human.wood.06,spirit_beast.human.wood.05,森羅麒獸,spirit_beast.human.wood.06,藥霞靈貘,spirit_beast.heaven.wood.05,花海九色鹿,人品,天品,3,1,10000,named
spirit_fusion.v2:spirit_beast.human.water.01:spirit_beast.human.wood.05,spirit_beast.human.water.01,寒潭靈黿,spirit_beast.human.wood.05,森羅麒獸,spirit_beast.heaven.wood.05,花海九色鹿,人品,天品,3,1,10000,fivephase_fallback
spirit_fusion.v2:spirit_beast.human.water.02:spirit_beast.human.wood.05,spirit_beast.human.water.02,滄浪青螭,spirit_beast.human.wood.05,森羅麒獸,spirit_beast.heaven.wood.06,長春麒麟,人品,天品,3,1,10000,fivephase_fallback
spirit_fusion.v2:spirit_beast.human.water.03:spirit_beast.human.wood.05,spirit_beast.human.water.03,月汐長鰭鯉,spirit_beast.human.wood.05,森羅麒獸,spirit_beast.heaven.wood.01,青帝蒼鹿,人品,天品,3,1,10000,fivephase_fallback
spirit_fusion.v2:spirit_beast.human.water.04:spirit_beast.human.wood.05,spirit_beast.human.water.04,琉璃海馬麟,spirit_beast.human.wood.05,森羅麒獸,spirit_beast.heaven.wood.02,萬葉白澤,人品,天品,3,1,10000,fivephase_fallback
spirit_fusion.v2:spirit_beast.human.water.05:spirit_beast.human.wood.05,spirit_beast.human.water.05,珠泉獨角靈鯉,spirit_beast.human.wood.05,森羅麒獸,spirit_beast.heaven.wood.03,扶桑神猿,人品,天品,3,1,10000,fivephase_fallback
spirit_fusion.v2:spirit_beast.human.water.06:spirit_beast.human.wood.05,spirit_beast.human.water.06,霧海靈鯤,spirit_beast.human.wood.05,森羅麒獸,spirit_beast.heaven.wood.04,碧落青鸞,人品,天品,3,1,10000,fivephase_fallback
spirit_fusion.v2:spirit_beast.human.fire.01:spirit_beast.human.wood.05,spirit_beast.human.fire.01,赤曜朱鶴,spirit_beast.human.wood.05,森羅麒獸,spirit_beast.heaven.fire.05,流火畢方,人品,天品,3,1,10000,fivephase_fallback
spirit_fusion.v2:spirit_beast.human.fire.02:spirit_beast.human.wood.05,spirit_beast.human.fire.02,離焰九尾,spirit_beast.human.wood.05,森羅麒獸,spirit_beast.heaven.fire.06,燭炎天龍,人品,天品,3,1,10000,fivephase_fallback
spirit_fusion.v2:spirit_beast.human.fire.03:spirit_beast.human.wood.05,spirit_beast.human.fire.03,丹霞火鸞,spirit_beast.human.wood.05,森羅麒獸,spirit_beast.heaven.fire.01,南離朱雀,人品,天品,3,1,10000,fivephase_fallback
spirit_fusion.v2:spirit_beast.human.fire.04:spirit_beast.human.wood.05,spirit_beast.human.fire.04,熔星狻猊,spirit_beast.human.wood.05,森羅麒獸,spirit_beast.heaven.fire.02,九轉丹凰,人品,天品,3,1,10000,fivephase_fallback
spirit_fusion.v2:spirit_beast.human.fire.05:spirit_beast.human.wood.05,spirit_beast.human.fire.05,南明靈獬,spirit_beast.human.wood.05,森羅麒獸,spirit_beast.heaven.fire.03,赤霄金烏,人品,天品,3,1,10000,fivephase_fallback
spirit_fusion.v2:spirit_beast.human.fire.06:spirit_beast.human.wood.05,spirit_beast.human.fire.06,燼羽鳳靈,spirit_beast.human.wood.05,森羅麒獸,spirit_beast.heaven.fire.04,焚天狻猊,人品,天品,3,1,10000,fivephase_fallback
spirit_fusion.v2:spirit_beast.human.earth.01:spirit_beast.human.wood.05,spirit_beast.human.earth.01,鎮嶽靈犀,spirit_beast.human.wood.05,森羅麒獸,spirit_beast.heaven.wood.05,花海九色鹿,人品,天品,3,1,10000,fivephase_fallback
spirit_fusion.v2:spirit_beast.human.earth.02:spirit_beast.human.wood.05,spirit_beast.human.earth.02,厚土翼羆,spirit_beast.human.wood.05,森羅麒獸,spirit_beast.heaven.wood.06,長春麒麟,人品,天品,3,1,10000,fivephase_fallback
spirit_fusion.v2:spirit_beast.human.earth.03:spirit_beast.human.wood.05,spirit_beast.human.earth.03,坤脈麒麟,spirit_beast.human.wood.05,森羅麒獸,spirit_beast.heaven.wood.01,青帝蒼鹿,人品,天品,3,1,10000,fivephase_fallback
spirit_fusion.v2:spirit_beast.human.earth.04:spirit_beast.human.wood.05,spirit_beast.human.earth.04,青巖獬豸,spirit_beast.human.wood.05,森羅麒獸,spirit_beast.heaven.wood.02,萬葉白澤,人品,天品,3,1,10000,fivephase_fallback
spirit_fusion.v2:spirit_beast.human.earth.05:spirit_beast.human.wood.05,spirit_beast.human.earth.05,負碑靈龜,spirit_beast.human.wood.05,森羅麒獸,spirit_beast.heaven.wood.03,扶桑神猿,人品,天品,3,1,10000,fivephase_fallback
spirit_fusion.v2:spirit_beast.human.earth.06:spirit_beast.human.wood.05,spirit_beast.human.earth.06,崩雲巨猿,spirit_beast.human.wood.05,森羅麒獸,spirit_beast.heaven.wood.04,碧落青鸞,人品,天品,3,1,10000,fivephase_fallback
spirit_fusion.v2:spirit_beast.human.wood.06:spirit_beast.human.wood.06,spirit_beast.human.wood.06,藥霞靈貘,spirit_beast.human.wood.06,藥霞靈貘,spirit_beast.heaven.wood.06,長春麒麟,人品,天品,3,1,10000,same_species
spirit_fusion.v2:spirit_beast.human.water.01:spirit_beast.human.wood.06,spirit_beast.human.water.01,寒潭靈黿,spirit_beast.human.wood.06,藥霞靈貘,spirit_beast.heaven.wood.06,長春麒麟,人品,天品,3,1,10000,fivephase_fallback
spirit_fusion.v2:spirit_beast.human.water.02:spirit_beast.human.wood.06,spirit_beast.human.water.02,滄浪青螭,spirit_beast.human.wood.06,藥霞靈貘,spirit_beast.heaven.wood.01,青帝蒼鹿,人品,天品,3,1,10000,fivephase_fallback
spirit_fusion.v2:spirit_beast.human.water.03:spirit_beast.human.wood.06,spirit_beast.human.water.03,月汐長鰭鯉,spirit_beast.human.wood.06,藥霞靈貘,spirit_beast.heaven.wood.02,萬葉白澤,人品,天品,3,1,10000,fivephase_fallback
spirit_fusion.v2:spirit_beast.human.water.04:spirit_beast.human.wood.06,spirit_beast.human.water.04,琉璃海馬麟,spirit_beast.human.wood.06,藥霞靈貘,spirit_beast.heaven.wood.03,扶桑神猿,人品,天品,3,1,10000,fivephase_fallback
spirit_fusion.v2:spirit_beast.human.water.05:spirit_beast.human.wood.06,spirit_beast.human.water.05,珠泉獨角靈鯉,spirit_beast.human.wood.06,藥霞靈貘,spirit_beast.heaven.wood.04,碧落青鸞,人品,天品,3,1,10000,fivephase_fallback
spirit_fusion.v2:spirit_beast.human.water.06:spirit_beast.human.wood.06,spirit_beast.human.water.06,霧海靈鯤,spirit_beast.human.wood.06,藥霞靈貘,spirit_beast.heaven.wood.05,花海九色鹿,人品,天品,3,1,10000,fivephase_fallback
spirit_fusion.v2:spirit_beast.human.fire.01:spirit_beast.human.wood.06,spirit_beast.human.fire.01,赤曜朱鶴,spirit_beast.human.wood.06,藥霞靈貘,spirit_beast.heaven.fire.06,燭炎天龍,人品,天品,3,1,10000,fivephase_fallback
spirit_fusion.v2:spirit_beast.human.fire.02:spirit_beast.human.wood.06,spirit_beast.human.fire.02,離焰九尾,spirit_beast.human.wood.06,藥霞靈貘,spirit_beast.heaven.fire.01,南離朱雀,人品,天品,3,1,10000,fivephase_fallback
spirit_fusion.v2:spirit_beast.human.fire.03:spirit_beast.human.wood.06,spirit_beast.human.fire.03,丹霞火鸞,spirit_beast.human.wood.06,藥霞靈貘,spirit_beast.heaven.fire.02,九轉丹凰,人品,天品,3,1,10000,fivephase_fallback
spirit_fusion.v2:spirit_beast.human.fire.04:spirit_beast.human.wood.06,spirit_beast.human.fire.04,熔星狻猊,spirit_beast.human.wood.06,藥霞靈貘,spirit_beast.heaven.fire.03,赤霄金烏,人品,天品,3,1,10000,fivephase_fallback
spirit_fusion.v2:spirit_beast.human.fire.05:spirit_beast.human.wood.06,spirit_beast.human.fire.05,南明靈獬,spirit_beast.human.wood.06,藥霞靈貘,spirit_beast.heaven.fire.04,焚天狻猊,人品,天品,3,1,10000,fivephase_fallback
spirit_fusion.v2:spirit_beast.human.fire.06:spirit_beast.human.wood.06,spirit_beast.human.fire.06,燼羽鳳靈,spirit_beast.human.wood.06,藥霞靈貘,spirit_beast.heaven.fire.05,流火畢方,人品,天品,3,1,10000,fivephase_fallback
spirit_fusion.v2:spirit_beast.human.earth.01:spirit_beast.human.wood.06,spirit_beast.human.earth.01,鎮嶽靈犀,spirit_beast.human.wood.06,藥霞靈貘,spirit_beast.heaven.wood.06,長春麒麟,人品,天品,3,1,10000,fivephase_fallback
spirit_fusion.v2:spirit_beast.human.earth.02:spirit_beast.human.wood.06,spirit_beast.human.earth.02,厚土翼羆,spirit_beast.human.wood.06,藥霞靈貘,spirit_beast.heaven.wood.01,青帝蒼鹿,人品,天品,3,1,10000,fivephase_fallback
spirit_fusion.v2:spirit_beast.human.earth.03:spirit_beast.human.wood.06,spirit_beast.human.earth.03,坤脈麒麟,spirit_beast.human.wood.06,藥霞靈貘,spirit_beast.heaven.wood.02,萬葉白澤,人品,天品,3,1,10000,fivephase_fallback
spirit_fusion.v2:spirit_beast.human.earth.04:spirit_beast.human.wood.06,spirit_beast.human.earth.04,青巖獬豸,spirit_beast.human.wood.06,藥霞靈貘,spirit_beast.heaven.wood.03,扶桑神猿,人品,天品,3,1,10000,fivephase_fallback
spirit_fusion.v2:spirit_beast.human.earth.05:spirit_beast.human.wood.06,spirit_beast.human.earth.05,負碑靈龜,spirit_beast.human.wood.06,藥霞靈貘,spirit_beast.heaven.wood.04,碧落青鸞,人品,天品,3,1,10000,fivephase_fallback
spirit_fusion.v2:spirit_beast.human.earth.06:spirit_beast.human.wood.06,spirit_beast.human.earth.06,崩雲巨猿,spirit_beast.human.wood.06,藥霞靈貘,spirit_beast.heaven.wood.05,花海九色鹿,人品,天品,3,1,10000,fivephase_fallback
spirit_fusion.v2:spirit_beast.human.water.01:spirit_beast.human.water.01,spirit_beast.human.water.01,寒潭靈黿,spirit_beast.human.water.01,寒潭靈黿,spirit_beast.heaven.water.01,玄冥龍龜,人品,天品,3,1,10000,same_species
spirit_fusion.v2:spirit_beast.human.water.01:spirit_beast.human.water.02,spirit_beast.human.water.01,寒潭靈黿,spirit_beast.human.water.02,滄浪青螭,spirit_beast.heaven.water.01,玄冥龍龜,人品,天品,3,1,10000,named
spirit_fusion.v2:spirit_beast.human.water.01:spirit_beast.human.water.03,spirit_beast.human.water.01,寒潭靈黿,spirit_beast.human.water.03,月汐長鰭鯉,spirit_beast.heaven.water.03,寒月鯤鵬,人品,天品,3,1,10000,fivephase_fallback
spirit_fusion.v2:spirit_beast.human.water.01:spirit_beast.human.water.04,spirit_beast.human.water.01,寒潭靈黿,spirit_beast.human.water.04,琉璃海馬麟,spirit_beast.heaven.water.04,天河鮫靈,人品,天品,3,1,10000,fivephase_fallback
spirit_fusion.v2:spirit_beast.human.water.01:spirit_beast.human.water.05,spirit_beast.human.water.01,寒潭靈黿,spirit_beast.human.water.05,珠泉獨角靈鯉,spirit_beast.heaven.water.05,雨師青麟,人品,天品,3,1,10000,fivephase_fallback
spirit_fusion.v2:spirit_beast.human.water.01:spirit_beast.human.water.06,spirit_beast.human.water.01,寒潭靈黿,spirit_beast.human.water.06,霧海靈鯤,spirit_beast.heaven.water.06,冰鑑應龍,人品,天品,3,1,10000,named
spirit_fusion.v2:spirit_beast.human.fire.01:spirit_beast.human.water.01,spirit_beast.human.fire.01,赤曜朱鶴,spirit_beast.human.water.01,寒潭靈黿,spirit_beast.heaven.water.01,玄冥龍龜,人品,天品,3,1,10000,fivephase_fallback
spirit_fusion.v2:spirit_beast.human.fire.02:spirit_beast.human.water.01,spirit_beast.human.fire.02,離焰九尾,spirit_beast.human.water.01,寒潭靈黿,spirit_beast.heaven.water.02,滄瀾螭龍,人品,天品,3,1,10000,fivephase_fallback
spirit_fusion.v2:spirit_beast.human.fire.03:spirit_beast.human.water.01,spirit_beast.human.fire.03,丹霞火鸞,spirit_beast.human.water.01,寒潭靈黿,spirit_beast.heaven.water.03,寒月鯤鵬,人品,天品,3,1,10000,fivephase_fallback
spirit_fusion.v2:spirit_beast.human.fire.04:spirit_beast.human.water.01,spirit_beast.human.fire.04,熔星狻猊,spirit_beast.human.water.01,寒潭靈黿,spirit_beast.heaven.water.04,天河鮫靈,人品,天品,3,1,10000,fivephase_fallback
spirit_fusion.v2:spirit_beast.human.fire.05:spirit_beast.human.water.01,spirit_beast.human.fire.05,南明靈獬,spirit_beast.human.water.01,寒潭靈黿,spirit_beast.heaven.water.05,雨師青麟,人品,天品,3,1,10000,fivephase_fallback
spirit_fusion.v2:spirit_beast.human.fire.06:spirit_beast.human.water.01,spirit_beast.human.fire.06,燼羽鳳靈,spirit_beast.human.water.01,寒潭靈黿,spirit_beast.heaven.water.06,冰鑑應龍,人品,天品,3,1,10000,fivephase_fallback
spirit_fusion.v2:spirit_beast.human.earth.01:spirit_beast.human.water.01,spirit_beast.human.earth.01,鎮嶽靈犀,spirit_beast.human.water.01,寒潭靈黿,spirit_beast.heaven.earth.01,九天麒麟,人品,天品,3,1,10000,fivephase_fallback
spirit_fusion.v2:spirit_beast.human.earth.02:spirit_beast.human.water.01,spirit_beast.human.earth.02,厚土翼羆,spirit_beast.human.water.01,寒潭靈黿,spirit_beast.heaven.earth.02,不周神羆,人品,天品,3,1,10000,fivephase_fallback
spirit_fusion.v2:spirit_beast.human.earth.03:spirit_beast.human.water.01,spirit_beast.human.earth.03,坤脈麒麟,spirit_beast.human.water.01,寒潭靈黿,spirit_beast.heaven.earth.03,崑崙陸吾,人品,天品,3,1,10000,fivephase_fallback
spirit_fusion.v2:spirit_beast.human.earth.04:spirit_beast.human.water.01,spirit_beast.human.earth.04,青巖獬豸,spirit_beast.human.water.01,寒潭靈黿,spirit_beast.heaven.earth.04,壘嶽麒麟,人品,天品,3,1,10000,fivephase_fallback
spirit_fusion.v2:spirit_beast.human.earth.05:spirit_beast.human.water.01,spirit_beast.human.earth.05,負碑靈龜,spirit_beast.human.water.01,寒潭靈黿,spirit_beast.heaven.earth.05,地脈贔屭,人品,天品,3,1,10000,fivephase_fallback
spirit_fusion.v2:spirit_beast.human.earth.06:spirit_beast.human.water.01,spirit_beast.human.earth.06,崩雲巨猿,spirit_beast.human.water.01,寒潭靈黿,spirit_beast.heaven.earth.06,黃泉虯龍,人品,天品,3,1,10000,fivephase_fallback
spirit_fusion.v2:spirit_beast.human.water.02:spirit_beast.human.water.02,spirit_beast.human.water.02,滄浪青螭,spirit_beast.human.water.02,滄浪青螭,spirit_beast.heaven.water.02,滄瀾螭龍,人品,天品,3,1,10000,same_species
spirit_fusion.v2:spirit_beast.human.water.02:spirit_beast.human.water.03,spirit_beast.human.water.02,滄浪青螭,spirit_beast.human.water.03,月汐長鰭鯉,spirit_beast.heaven.water.02,滄瀾螭龍,人品,天品,3,1,10000,named
spirit_fusion.v2:spirit_beast.human.water.02:spirit_beast.human.water.04,spirit_beast.human.water.02,滄浪青螭,spirit_beast.human.water.04,琉璃海馬麟,spirit_beast.heaven.water.05,雨師青麟,人品,天品,3,1,10000,fivephase_fallback
spirit_fusion.v2:spirit_beast.human.water.02:spirit_beast.human.water.05,spirit_beast.human.water.02,滄浪青螭,spirit_beast.human.water.05,珠泉獨角靈鯉,spirit_beast.heaven.water.06,冰鑑應龍,人品,天品,3,1,10000,fivephase_fallback
spirit_fusion.v2:spirit_beast.human.water.02:spirit_beast.human.water.06,spirit_beast.human.water.02,滄浪青螭,spirit_beast.human.water.06,霧海靈鯤,spirit_beast.heaven.water.01,玄冥龍龜,人品,天品,3,1,10000,fivephase_fallback
spirit_fusion.v2:spirit_beast.human.fire.01:spirit_beast.human.water.02,spirit_beast.human.fire.01,赤曜朱鶴,spirit_beast.human.water.02,滄浪青螭,spirit_beast.heaven.water.02,滄瀾螭龍,人品,天品,3,1,10000,fivephase_fallback
spirit_fusion.v2:spirit_beast.human.fire.02:spirit_beast.human.water.02,spirit_beast.human.fire.02,離焰九尾,spirit_beast.human.water.02,滄浪青螭,spirit_beast.heaven.water.03,寒月鯤鵬,人品,天品,3,1,10000,fivephase_fallback
spirit_fusion.v2:spirit_beast.human.fire.03:spirit_beast.human.water.02,spirit_beast.human.fire.03,丹霞火鸞,spirit_beast.human.water.02,滄浪青螭,spirit_beast.heaven.water.04,天河鮫靈,人品,天品,3,1,10000,fivephase_fallback
spirit_fusion.v2:spirit_beast.human.fire.04:spirit_beast.human.water.02,spirit_beast.human.fire.04,熔星狻猊,spirit_beast.human.water.02,滄浪青螭,spirit_beast.heaven.water.05,雨師青麟,人品,天品,3,1,10000,fivephase_fallback
spirit_fusion.v2:spirit_beast.human.fire.05:spirit_beast.human.water.02,spirit_beast.human.fire.05,南明靈獬,spirit_beast.human.water.02,滄浪青螭,spirit_beast.heaven.water.06,冰鑑應龍,人品,天品,3,1,10000,fivephase_fallback
spirit_fusion.v2:spirit_beast.human.fire.06:spirit_beast.human.water.02,spirit_beast.human.fire.06,燼羽鳳靈,spirit_beast.human.water.02,滄浪青螭,spirit_beast.heaven.water.01,玄冥龍龜,人品,天品,3,1,10000,fivephase_fallback
spirit_fusion.v2:spirit_beast.human.earth.01:spirit_beast.human.water.02,spirit_beast.human.earth.01,鎮嶽靈犀,spirit_beast.human.water.02,滄浪青螭,spirit_beast.heaven.earth.02,不周神羆,人品,天品,3,1,10000,fivephase_fallback
spirit_fusion.v2:spirit_beast.human.earth.02:spirit_beast.human.water.02,spirit_beast.human.earth.02,厚土翼羆,spirit_beast.human.water.02,滄浪青螭,spirit_beast.heaven.earth.03,崑崙陸吾,人品,天品,3,1,10000,fivephase_fallback
spirit_fusion.v2:spirit_beast.human.earth.03:spirit_beast.human.water.02,spirit_beast.human.earth.03,坤脈麒麟,spirit_beast.human.water.02,滄浪青螭,spirit_beast.heaven.earth.04,壘嶽麒麟,人品,天品,3,1,10000,fivephase_fallback
spirit_fusion.v2:spirit_beast.human.earth.04:spirit_beast.human.water.02,spirit_beast.human.earth.04,青巖獬豸,spirit_beast.human.water.02,滄浪青螭,spirit_beast.heaven.earth.05,地脈贔屭,人品,天品,3,1,10000,fivephase_fallback
spirit_fusion.v2:spirit_beast.human.earth.05:spirit_beast.human.water.02,spirit_beast.human.earth.05,負碑靈龜,spirit_beast.human.water.02,滄浪青螭,spirit_beast.heaven.earth.06,黃泉虯龍,人品,天品,3,1,10000,fivephase_fallback
spirit_fusion.v2:spirit_beast.human.earth.06:spirit_beast.human.water.02,spirit_beast.human.earth.06,崩雲巨猿,spirit_beast.human.water.02,滄浪青螭,spirit_beast.heaven.earth.01,九天麒麟,人品,天品,3,1,10000,fivephase_fallback
spirit_fusion.v2:spirit_beast.human.water.03:spirit_beast.human.water.03,spirit_beast.human.water.03,月汐長鰭鯉,spirit_beast.human.water.03,月汐長鰭鯉,spirit_beast.heaven.water.03,寒月鯤鵬,人品,天品,3,1,10000,same_species
spirit_fusion.v2:spirit_beast.human.water.03:spirit_beast.human.water.04,spirit_beast.human.water.03,月汐長鰭鯉,spirit_beast.human.water.04,琉璃海馬麟,spirit_beast.heaven.water.03,寒月鯤鵬,人品,天品,3,1,10000,named
spirit_fusion.v2:spirit_beast.human.water.03:spirit_beast.human.water.05,spirit_beast.human.water.03,月汐長鰭鯉,spirit_beast.human.water.05,珠泉獨角靈鯉,spirit_beast.heaven.water.01,玄冥龍龜,人品,天品,3,1,10000,fivephase_fallback
spirit_fusion.v2:spirit_beast.human.water.03:spirit_beast.human.water.06,spirit_beast.human.water.03,月汐長鰭鯉,spirit_beast.human.water.06,霧海靈鯤,spirit_beast.heaven.water.02,滄瀾螭龍,人品,天品,3,1,10000,fivephase_fallback
spirit_fusion.v2:spirit_beast.human.fire.01:spirit_beast.human.water.03,spirit_beast.human.fire.01,赤曜朱鶴,spirit_beast.human.water.03,月汐長鰭鯉,spirit_beast.heaven.water.03,寒月鯤鵬,人品,天品,3,1,10000,fivephase_fallback
spirit_fusion.v2:spirit_beast.human.fire.02:spirit_beast.human.water.03,spirit_beast.human.fire.02,離焰九尾,spirit_beast.human.water.03,月汐長鰭鯉,spirit_beast.heaven.water.04,天河鮫靈,人品,天品,3,1,10000,fivephase_fallback
spirit_fusion.v2:spirit_beast.human.fire.03:spirit_beast.human.water.03,spirit_beast.human.fire.03,丹霞火鸞,spirit_beast.human.water.03,月汐長鰭鯉,spirit_beast.heaven.water.05,雨師青麟,人品,天品,3,1,10000,fivephase_fallback
spirit_fusion.v2:spirit_beast.human.fire.04:spirit_beast.human.water.03,spirit_beast.human.fire.04,熔星狻猊,spirit_beast.human.water.03,月汐長鰭鯉,spirit_beast.heaven.water.06,冰鑑應龍,人品,天品,3,1,10000,fivephase_fallback
spirit_fusion.v2:spirit_beast.human.fire.05:spirit_beast.human.water.03,spirit_beast.human.fire.05,南明靈獬,spirit_beast.human.water.03,月汐長鰭鯉,spirit_beast.heaven.water.01,玄冥龍龜,人品,天品,3,1,10000,fivephase_fallback
spirit_fusion.v2:spirit_beast.human.fire.06:spirit_beast.human.water.03,spirit_beast.human.fire.06,燼羽鳳靈,spirit_beast.human.water.03,月汐長鰭鯉,spirit_beast.heaven.water.02,滄瀾螭龍,人品,天品,3,1,10000,fivephase_fallback
spirit_fusion.v2:spirit_beast.human.earth.01:spirit_beast.human.water.03,spirit_beast.human.earth.01,鎮嶽靈犀,spirit_beast.human.water.03,月汐長鰭鯉,spirit_beast.heaven.earth.03,崑崙陸吾,人品,天品,3,1,10000,fivephase_fallback
spirit_fusion.v2:spirit_beast.human.earth.02:spirit_beast.human.water.03,spirit_beast.human.earth.02,厚土翼羆,spirit_beast.human.water.03,月汐長鰭鯉,spirit_beast.heaven.earth.04,壘嶽麒麟,人品,天品,3,1,10000,fivephase_fallback
spirit_fusion.v2:spirit_beast.human.earth.03:spirit_beast.human.water.03,spirit_beast.human.earth.03,坤脈麒麟,spirit_beast.human.water.03,月汐長鰭鯉,spirit_beast.heaven.earth.05,地脈贔屭,人品,天品,3,1,10000,fivephase_fallback
spirit_fusion.v2:spirit_beast.human.earth.04:spirit_beast.human.water.03,spirit_beast.human.earth.04,青巖獬豸,spirit_beast.human.water.03,月汐長鰭鯉,spirit_beast.heaven.earth.06,黃泉虯龍,人品,天品,3,1,10000,fivephase_fallback
spirit_fusion.v2:spirit_beast.human.earth.05:spirit_beast.human.water.03,spirit_beast.human.earth.05,負碑靈龜,spirit_beast.human.water.03,月汐長鰭鯉,spirit_beast.heaven.earth.01,九天麒麟,人品,天品,3,1,10000,fivephase_fallback
spirit_fusion.v2:spirit_beast.human.earth.06:spirit_beast.human.water.03,spirit_beast.human.earth.06,崩雲巨猿,spirit_beast.human.water.03,月汐長鰭鯉,spirit_beast.heaven.earth.02,不周神羆,人品,天品,3,1,10000,fivephase_fallback
spirit_fusion.v2:spirit_beast.human.water.04:spirit_beast.human.water.04,spirit_beast.human.water.04,琉璃海馬麟,spirit_beast.human.water.04,琉璃海馬麟,spirit_beast.heaven.water.04,天河鮫靈,人品,天品,3,1,10000,same_species
spirit_fusion.v2:spirit_beast.human.water.04:spirit_beast.human.water.05,spirit_beast.human.water.04,琉璃海馬麟,spirit_beast.human.water.05,珠泉獨角靈鯉,spirit_beast.heaven.water.04,天河鮫靈,人品,天品,3,1,10000,named
spirit_fusion.v2:spirit_beast.human.water.04:spirit_beast.human.water.06,spirit_beast.human.water.04,琉璃海馬麟,spirit_beast.human.water.06,霧海靈鯤,spirit_beast.heaven.water.03,寒月鯤鵬,人品,天品,3,1,10000,fivephase_fallback
spirit_fusion.v2:spirit_beast.human.fire.01:spirit_beast.human.water.04,spirit_beast.human.fire.01,赤曜朱鶴,spirit_beast.human.water.04,琉璃海馬麟,spirit_beast.heaven.water.04,天河鮫靈,人品,天品,3,1,10000,fivephase_fallback
spirit_fusion.v2:spirit_beast.human.fire.02:spirit_beast.human.water.04,spirit_beast.human.fire.02,離焰九尾,spirit_beast.human.water.04,琉璃海馬麟,spirit_beast.heaven.water.05,雨師青麟,人品,天品,3,1,10000,fivephase_fallback
spirit_fusion.v2:spirit_beast.human.fire.03:spirit_beast.human.water.04,spirit_beast.human.fire.03,丹霞火鸞,spirit_beast.human.water.04,琉璃海馬麟,spirit_beast.heaven.water.06,冰鑑應龍,人品,天品,3,1,10000,fivephase_fallback
spirit_fusion.v2:spirit_beast.human.fire.04:spirit_beast.human.water.04,spirit_beast.human.fire.04,熔星狻猊,spirit_beast.human.water.04,琉璃海馬麟,spirit_beast.heaven.water.01,玄冥龍龜,人品,天品,3,1,10000,fivephase_fallback
spirit_fusion.v2:spirit_beast.human.fire.05:spirit_beast.human.water.04,spirit_beast.human.fire.05,南明靈獬,spirit_beast.human.water.04,琉璃海馬麟,spirit_beast.heaven.water.02,滄瀾螭龍,人品,天品,3,1,10000,fivephase_fallback
spirit_fusion.v2:spirit_beast.human.fire.06:spirit_beast.human.water.04,spirit_beast.human.fire.06,燼羽鳳靈,spirit_beast.human.water.04,琉璃海馬麟,spirit_beast.heaven.water.03,寒月鯤鵬,人品,天品,3,1,10000,fivephase_fallback
spirit_fusion.v2:spirit_beast.human.earth.01:spirit_beast.human.water.04,spirit_beast.human.earth.01,鎮嶽靈犀,spirit_beast.human.water.04,琉璃海馬麟,spirit_beast.heaven.earth.04,壘嶽麒麟,人品,天品,3,1,10000,fivephase_fallback
spirit_fusion.v2:spirit_beast.human.earth.02:spirit_beast.human.water.04,spirit_beast.human.earth.02,厚土翼羆,spirit_beast.human.water.04,琉璃海馬麟,spirit_beast.heaven.earth.05,地脈贔屭,人品,天品,3,1,10000,fivephase_fallback
spirit_fusion.v2:spirit_beast.human.earth.03:spirit_beast.human.water.04,spirit_beast.human.earth.03,坤脈麒麟,spirit_beast.human.water.04,琉璃海馬麟,spirit_beast.heaven.earth.06,黃泉虯龍,人品,天品,3,1,10000,fivephase_fallback
spirit_fusion.v2:spirit_beast.human.earth.04:spirit_beast.human.water.04,spirit_beast.human.earth.04,青巖獬豸,spirit_beast.human.water.04,琉璃海馬麟,spirit_beast.heaven.earth.01,九天麒麟,人品,天品,3,1,10000,fivephase_fallback
spirit_fusion.v2:spirit_beast.human.earth.05:spirit_beast.human.water.04,spirit_beast.human.earth.05,負碑靈龜,spirit_beast.human.water.04,琉璃海馬麟,spirit_beast.heaven.earth.02,不周神羆,人品,天品,3,1,10000,fivephase_fallback
spirit_fusion.v2:spirit_beast.human.earth.06:spirit_beast.human.water.04,spirit_beast.human.earth.06,崩雲巨猿,spirit_beast.human.water.04,琉璃海馬麟,spirit_beast.heaven.earth.03,崑崙陸吾,人品,天品,3,1,10000,fivephase_fallback
spirit_fusion.v2:spirit_beast.human.water.05:spirit_beast.human.water.05,spirit_beast.human.water.05,珠泉獨角靈鯉,spirit_beast.human.water.05,珠泉獨角靈鯉,spirit_beast.heaven.water.05,雨師青麟,人品,天品,3,1,10000,same_species
spirit_fusion.v2:spirit_beast.human.water.05:spirit_beast.human.water.06,spirit_beast.human.water.05,珠泉獨角靈鯉,spirit_beast.human.water.06,霧海靈鯤,spirit_beast.heaven.water.05,雨師青麟,人品,天品,3,1,10000,named
spirit_fusion.v2:spirit_beast.human.fire.01:spirit_beast.human.water.05,spirit_beast.human.fire.01,赤曜朱鶴,spirit_beast.human.water.05,珠泉獨角靈鯉,spirit_beast.heaven.water.05,雨師青麟,人品,天品,3,1,10000,fivephase_fallback
spirit_fusion.v2:spirit_beast.human.fire.02:spirit_beast.human.water.05,spirit_beast.human.fire.02,離焰九尾,spirit_beast.human.water.05,珠泉獨角靈鯉,spirit_beast.heaven.water.06,冰鑑應龍,人品,天品,3,1,10000,fivephase_fallback
spirit_fusion.v2:spirit_beast.human.fire.03:spirit_beast.human.water.05,spirit_beast.human.fire.03,丹霞火鸞,spirit_beast.human.water.05,珠泉獨角靈鯉,spirit_beast.heaven.water.01,玄冥龍龜,人品,天品,3,1,10000,fivephase_fallback
spirit_fusion.v2:spirit_beast.human.fire.04:spirit_beast.human.water.05,spirit_beast.human.fire.04,熔星狻猊,spirit_beast.human.water.05,珠泉獨角靈鯉,spirit_beast.heaven.water.02,滄瀾螭龍,人品,天品,3,1,10000,fivephase_fallback
spirit_fusion.v2:spirit_beast.human.fire.05:spirit_beast.human.water.05,spirit_beast.human.fire.05,南明靈獬,spirit_beast.human.water.05,珠泉獨角靈鯉,spirit_beast.heaven.water.03,寒月鯤鵬,人品,天品,3,1,10000,fivephase_fallback
spirit_fusion.v2:spirit_beast.human.fire.06:spirit_beast.human.water.05,spirit_beast.human.fire.06,燼羽鳳靈,spirit_beast.human.water.05,珠泉獨角靈鯉,spirit_beast.heaven.water.04,天河鮫靈,人品,天品,3,1,10000,fivephase_fallback
spirit_fusion.v2:spirit_beast.human.earth.01:spirit_beast.human.water.05,spirit_beast.human.earth.01,鎮嶽靈犀,spirit_beast.human.water.05,珠泉獨角靈鯉,spirit_beast.heaven.earth.05,地脈贔屭,人品,天品,3,1,10000,fivephase_fallback
spirit_fusion.v2:spirit_beast.human.earth.02:spirit_beast.human.water.05,spirit_beast.human.earth.02,厚土翼羆,spirit_beast.human.water.05,珠泉獨角靈鯉,spirit_beast.heaven.earth.06,黃泉虯龍,人品,天品,3,1,10000,fivephase_fallback
spirit_fusion.v2:spirit_beast.human.earth.03:spirit_beast.human.water.05,spirit_beast.human.earth.03,坤脈麒麟,spirit_beast.human.water.05,珠泉獨角靈鯉,spirit_beast.heaven.earth.01,九天麒麟,人品,天品,3,1,10000,fivephase_fallback
spirit_fusion.v2:spirit_beast.human.earth.04:spirit_beast.human.water.05,spirit_beast.human.earth.04,青巖獬豸,spirit_beast.human.water.05,珠泉獨角靈鯉,spirit_beast.heaven.earth.02,不周神羆,人品,天品,3,1,10000,fivephase_fallback
spirit_fusion.v2:spirit_beast.human.earth.05:spirit_beast.human.water.05,spirit_beast.human.earth.05,負碑靈龜,spirit_beast.human.water.05,珠泉獨角靈鯉,spirit_beast.heaven.earth.03,崑崙陸吾,人品,天品,3,1,10000,fivephase_fallback
spirit_fusion.v2:spirit_beast.human.earth.06:spirit_beast.human.water.05,spirit_beast.human.earth.06,崩雲巨猿,spirit_beast.human.water.05,珠泉獨角靈鯉,spirit_beast.heaven.earth.04,壘嶽麒麟,人品,天品,3,1,10000,fivephase_fallback
spirit_fusion.v2:spirit_beast.human.water.06:spirit_beast.human.water.06,spirit_beast.human.water.06,霧海靈鯤,spirit_beast.human.water.06,霧海靈鯤,spirit_beast.heaven.water.06,冰鑑應龍,人品,天品,3,1,10000,same_species
spirit_fusion.v2:spirit_beast.human.fire.01:spirit_beast.human.water.06,spirit_beast.human.fire.01,赤曜朱鶴,spirit_beast.human.water.06,霧海靈鯤,spirit_beast.heaven.water.06,冰鑑應龍,人品,天品,3,1,10000,fivephase_fallback
spirit_fusion.v2:spirit_beast.human.fire.02:spirit_beast.human.water.06,spirit_beast.human.fire.02,離焰九尾,spirit_beast.human.water.06,霧海靈鯤,spirit_beast.heaven.water.01,玄冥龍龜,人品,天品,3,1,10000,fivephase_fallback
spirit_fusion.v2:spirit_beast.human.fire.03:spirit_beast.human.water.06,spirit_beast.human.fire.03,丹霞火鸞,spirit_beast.human.water.06,霧海靈鯤,spirit_beast.heaven.water.02,滄瀾螭龍,人品,天品,3,1,10000,fivephase_fallback
spirit_fusion.v2:spirit_beast.human.fire.04:spirit_beast.human.water.06,spirit_beast.human.fire.04,熔星狻猊,spirit_beast.human.water.06,霧海靈鯤,spirit_beast.heaven.water.03,寒月鯤鵬,人品,天品,3,1,10000,fivephase_fallback
spirit_fusion.v2:spirit_beast.human.fire.05:spirit_beast.human.water.06,spirit_beast.human.fire.05,南明靈獬,spirit_beast.human.water.06,霧海靈鯤,spirit_beast.heaven.water.04,天河鮫靈,人品,天品,3,1,10000,fivephase_fallback
spirit_fusion.v2:spirit_beast.human.fire.06:spirit_beast.human.water.06,spirit_beast.human.fire.06,燼羽鳳靈,spirit_beast.human.water.06,霧海靈鯤,spirit_beast.heaven.water.05,雨師青麟,人品,天品,3,1,10000,fivephase_fallback
spirit_fusion.v2:spirit_beast.human.earth.01:spirit_beast.human.water.06,spirit_beast.human.earth.01,鎮嶽靈犀,spirit_beast.human.water.06,霧海靈鯤,spirit_beast.heaven.earth.06,黃泉虯龍,人品,天品,3,1,10000,fivephase_fallback
spirit_fusion.v2:spirit_beast.human.earth.02:spirit_beast.human.water.06,spirit_beast.human.earth.02,厚土翼羆,spirit_beast.human.water.06,霧海靈鯤,spirit_beast.heaven.earth.01,九天麒麟,人品,天品,3,1,10000,fivephase_fallback
spirit_fusion.v2:spirit_beast.human.earth.03:spirit_beast.human.water.06,spirit_beast.human.earth.03,坤脈麒麟,spirit_beast.human.water.06,霧海靈鯤,spirit_beast.heaven.earth.02,不周神羆,人品,天品,3,1,10000,fivephase_fallback
spirit_fusion.v2:spirit_beast.human.earth.04:spirit_beast.human.water.06,spirit_beast.human.earth.04,青巖獬豸,spirit_beast.human.water.06,霧海靈鯤,spirit_beast.heaven.earth.03,崑崙陸吾,人品,天品,3,1,10000,fivephase_fallback
spirit_fusion.v2:spirit_beast.human.earth.05:spirit_beast.human.water.06,spirit_beast.human.earth.05,負碑靈龜,spirit_beast.human.water.06,霧海靈鯤,spirit_beast.heaven.earth.04,壘嶽麒麟,人品,天品,3,1,10000,fivephase_fallback
spirit_fusion.v2:spirit_beast.human.earth.06:spirit_beast.human.water.06,spirit_beast.human.earth.06,崩雲巨猿,spirit_beast.human.water.06,霧海靈鯤,spirit_beast.heaven.earth.05,地脈贔屭,人品,天品,3,1,10000,fivephase_fallback
spirit_fusion.v2:spirit_beast.human.fire.01:spirit_beast.human.fire.01,spirit_beast.human.fire.01,赤曜朱鶴,spirit_beast.human.fire.01,赤曜朱鶴,spirit_beast.heaven.fire.01,南離朱雀,人品,天品,3,1,10000,same_species
spirit_fusion.v2:spirit_beast.human.fire.01:spirit_beast.human.fire.02,spirit_beast.human.fire.01,赤曜朱鶴,spirit_beast.human.fire.02,離焰九尾,spirit_beast.heaven.fire.01,南離朱雀,人品,天品,3,1,10000,named
spirit_fusion.v2:spirit_beast.human.fire.01:spirit_beast.human.fire.03,spirit_beast.human.fire.01,赤曜朱鶴,spirit_beast.human.fire.03,丹霞火鸞,spirit_beast.heaven.fire.03,赤霄金烏,人品,天品,3,1,10000,fivephase_fallback
spirit_fusion.v2:spirit_beast.human.fire.01:spirit_beast.human.fire.04,spirit_beast.human.fire.01,赤曜朱鶴,spirit_beast.human.fire.04,熔星狻猊,spirit_beast.heaven.fire.04,焚天狻猊,人品,天品,3,1,10000,fivephase_fallback
spirit_fusion.v2:spirit_beast.human.fire.01:spirit_beast.human.fire.05,spirit_beast.human.fire.01,赤曜朱鶴,spirit_beast.human.fire.05,南明靈獬,spirit_beast.heaven.fire.05,流火畢方,人品,天品,3,1,10000,fivephase_fallback
spirit_fusion.v2:spirit_beast.human.fire.01:spirit_beast.human.fire.06,spirit_beast.human.fire.01,赤曜朱鶴,spirit_beast.human.fire.06,燼羽鳳靈,spirit_beast.heaven.fire.06,燭炎天龍,人品,天品,3,1,10000,named
spirit_fusion.v2:spirit_beast.human.earth.01:spirit_beast.human.fire.01,spirit_beast.human.earth.01,鎮嶽靈犀,spirit_beast.human.fire.01,赤曜朱鶴,spirit_beast.heaven.earth.01,九天麒麟,人品,天品,3,1,10000,fivephase_fallback
spirit_fusion.v2:spirit_beast.human.earth.02:spirit_beast.human.fire.01,spirit_beast.human.earth.02,厚土翼羆,spirit_beast.human.fire.01,赤曜朱鶴,spirit_beast.heaven.earth.02,不周神羆,人品,天品,3,1,10000,fivephase_fallback
spirit_fusion.v2:spirit_beast.human.earth.03:spirit_beast.human.fire.01,spirit_beast.human.earth.03,坤脈麒麟,spirit_beast.human.fire.01,赤曜朱鶴,spirit_beast.heaven.earth.03,崑崙陸吾,人品,天品,3,1,10000,fivephase_fallback
spirit_fusion.v2:spirit_beast.human.earth.04:spirit_beast.human.fire.01,spirit_beast.human.earth.04,青巖獬豸,spirit_beast.human.fire.01,赤曜朱鶴,spirit_beast.heaven.earth.04,壘嶽麒麟,人品,天品,3,1,10000,fivephase_fallback
spirit_fusion.v2:spirit_beast.human.earth.05:spirit_beast.human.fire.01,spirit_beast.human.earth.05,負碑靈龜,spirit_beast.human.fire.01,赤曜朱鶴,spirit_beast.heaven.earth.05,地脈贔屭,人品,天品,3,1,10000,fivephase_fallback
spirit_fusion.v2:spirit_beast.human.earth.06:spirit_beast.human.fire.01,spirit_beast.human.earth.06,崩雲巨猿,spirit_beast.human.fire.01,赤曜朱鶴,spirit_beast.heaven.earth.06,黃泉虯龍,人品,天品,3,1,10000,fivephase_fallback
spirit_fusion.v2:spirit_beast.human.fire.02:spirit_beast.human.fire.02,spirit_beast.human.fire.02,離焰九尾,spirit_beast.human.fire.02,離焰九尾,spirit_beast.heaven.fire.02,九轉丹凰,人品,天品,3,1,10000,same_species
spirit_fusion.v2:spirit_beast.human.fire.02:spirit_beast.human.fire.03,spirit_beast.human.fire.02,離焰九尾,spirit_beast.human.fire.03,丹霞火鸞,spirit_beast.heaven.fire.02,九轉丹凰,人品,天品,3,1,10000,named
spirit_fusion.v2:spirit_beast.human.fire.02:spirit_beast.human.fire.04,spirit_beast.human.fire.02,離焰九尾,spirit_beast.human.fire.04,熔星狻猊,spirit_beast.heaven.fire.05,流火畢方,人品,天品,3,1,10000,fivephase_fallback
spirit_fusion.v2:spirit_beast.human.fire.02:spirit_beast.human.fire.05,spirit_beast.human.fire.02,離焰九尾,spirit_beast.human.fire.05,南明靈獬,spirit_beast.heaven.fire.06,燭炎天龍,人品,天品,3,1,10000,fivephase_fallback
spirit_fusion.v2:spirit_beast.human.fire.02:spirit_beast.human.fire.06,spirit_beast.human.fire.02,離焰九尾,spirit_beast.human.fire.06,燼羽鳳靈,spirit_beast.heaven.fire.01,南離朱雀,人品,天品,3,1,10000,fivephase_fallback
spirit_fusion.v2:spirit_beast.human.earth.01:spirit_beast.human.fire.02,spirit_beast.human.earth.01,鎮嶽靈犀,spirit_beast.human.fire.02,離焰九尾,spirit_beast.heaven.earth.02,不周神羆,人品,天品,3,1,10000,fivephase_fallback
spirit_fusion.v2:spirit_beast.human.earth.02:spirit_beast.human.fire.02,spirit_beast.human.earth.02,厚土翼羆,spirit_beast.human.fire.02,離焰九尾,spirit_beast.heaven.earth.03,崑崙陸吾,人品,天品,3,1,10000,fivephase_fallback
spirit_fusion.v2:spirit_beast.human.earth.03:spirit_beast.human.fire.02,spirit_beast.human.earth.03,坤脈麒麟,spirit_beast.human.fire.02,離焰九尾,spirit_beast.heaven.earth.04,壘嶽麒麟,人品,天品,3,1,10000,fivephase_fallback
spirit_fusion.v2:spirit_beast.human.earth.04:spirit_beast.human.fire.02,spirit_beast.human.earth.04,青巖獬豸,spirit_beast.human.fire.02,離焰九尾,spirit_beast.heaven.earth.05,地脈贔屭,人品,天品,3,1,10000,fivephase_fallback
spirit_fusion.v2:spirit_beast.human.earth.05:spirit_beast.human.fire.02,spirit_beast.human.earth.05,負碑靈龜,spirit_beast.human.fire.02,離焰九尾,spirit_beast.heaven.earth.06,黃泉虯龍,人品,天品,3,1,10000,fivephase_fallback
spirit_fusion.v2:spirit_beast.human.earth.06:spirit_beast.human.fire.02,spirit_beast.human.earth.06,崩雲巨猿,spirit_beast.human.fire.02,離焰九尾,spirit_beast.heaven.earth.01,九天麒麟,人品,天品,3,1,10000,fivephase_fallback
spirit_fusion.v2:spirit_beast.human.fire.03:spirit_beast.human.fire.03,spirit_beast.human.fire.03,丹霞火鸞,spirit_beast.human.fire.03,丹霞火鸞,spirit_beast.heaven.fire.03,赤霄金烏,人品,天品,3,1,10000,same_species
spirit_fusion.v2:spirit_beast.human.fire.03:spirit_beast.human.fire.04,spirit_beast.human.fire.03,丹霞火鸞,spirit_beast.human.fire.04,熔星狻猊,spirit_beast.heaven.fire.03,赤霄金烏,人品,天品,3,1,10000,named
spirit_fusion.v2:spirit_beast.human.fire.03:spirit_beast.human.fire.05,spirit_beast.human.fire.03,丹霞火鸞,spirit_beast.human.fire.05,南明靈獬,spirit_beast.heaven.fire.01,南離朱雀,人品,天品,3,1,10000,fivephase_fallback
spirit_fusion.v2:spirit_beast.human.fire.03:spirit_beast.human.fire.06,spirit_beast.human.fire.03,丹霞火鸞,spirit_beast.human.fire.06,燼羽鳳靈,spirit_beast.heaven.fire.02,九轉丹凰,人品,天品,3,1,10000,fivephase_fallback
spirit_fusion.v2:spirit_beast.human.earth.01:spirit_beast.human.fire.03,spirit_beast.human.earth.01,鎮嶽靈犀,spirit_beast.human.fire.03,丹霞火鸞,spirit_beast.heaven.earth.03,崑崙陸吾,人品,天品,3,1,10000,fivephase_fallback
spirit_fusion.v2:spirit_beast.human.earth.02:spirit_beast.human.fire.03,spirit_beast.human.earth.02,厚土翼羆,spirit_beast.human.fire.03,丹霞火鸞,spirit_beast.heaven.earth.04,壘嶽麒麟,人品,天品,3,1,10000,fivephase_fallback
spirit_fusion.v2:spirit_beast.human.earth.03:spirit_beast.human.fire.03,spirit_beast.human.earth.03,坤脈麒麟,spirit_beast.human.fire.03,丹霞火鸞,spirit_beast.heaven.earth.05,地脈贔屭,人品,天品,3,1,10000,fivephase_fallback
spirit_fusion.v2:spirit_beast.human.earth.04:spirit_beast.human.fire.03,spirit_beast.human.earth.04,青巖獬豸,spirit_beast.human.fire.03,丹霞火鸞,spirit_beast.heaven.earth.06,黃泉虯龍,人品,天品,3,1,10000,fivephase_fallback
spirit_fusion.v2:spirit_beast.human.earth.05:spirit_beast.human.fire.03,spirit_beast.human.earth.05,負碑靈龜,spirit_beast.human.fire.03,丹霞火鸞,spirit_beast.heaven.earth.01,九天麒麟,人品,天品,3,1,10000,fivephase_fallback
spirit_fusion.v2:spirit_beast.human.earth.06:spirit_beast.human.fire.03,spirit_beast.human.earth.06,崩雲巨猿,spirit_beast.human.fire.03,丹霞火鸞,spirit_beast.heaven.earth.02,不周神羆,人品,天品,3,1,10000,fivephase_fallback
spirit_fusion.v2:spirit_beast.human.fire.04:spirit_beast.human.fire.04,spirit_beast.human.fire.04,熔星狻猊,spirit_beast.human.fire.04,熔星狻猊,spirit_beast.heaven.fire.04,焚天狻猊,人品,天品,3,1,10000,same_species
spirit_fusion.v2:spirit_beast.human.fire.04:spirit_beast.human.fire.05,spirit_beast.human.fire.04,熔星狻猊,spirit_beast.human.fire.05,南明靈獬,spirit_beast.heaven.fire.04,焚天狻猊,人品,天品,3,1,10000,named
spirit_fusion.v2:spirit_beast.human.fire.04:spirit_beast.human.fire.06,spirit_beast.human.fire.04,熔星狻猊,spirit_beast.human.fire.06,燼羽鳳靈,spirit_beast.heaven.fire.03,赤霄金烏,人品,天品,3,1,10000,fivephase_fallback
spirit_fusion.v2:spirit_beast.human.earth.01:spirit_beast.human.fire.04,spirit_beast.human.earth.01,鎮嶽靈犀,spirit_beast.human.fire.04,熔星狻猊,spirit_beast.heaven.earth.04,壘嶽麒麟,人品,天品,3,1,10000,fivephase_fallback
spirit_fusion.v2:spirit_beast.human.earth.02:spirit_beast.human.fire.04,spirit_beast.human.earth.02,厚土翼羆,spirit_beast.human.fire.04,熔星狻猊,spirit_beast.heaven.earth.05,地脈贔屭,人品,天品,3,1,10000,fivephase_fallback
spirit_fusion.v2:spirit_beast.human.earth.03:spirit_beast.human.fire.04,spirit_beast.human.earth.03,坤脈麒麟,spirit_beast.human.fire.04,熔星狻猊,spirit_beast.heaven.earth.06,黃泉虯龍,人品,天品,3,1,10000,fivephase_fallback
spirit_fusion.v2:spirit_beast.human.earth.04:spirit_beast.human.fire.04,spirit_beast.human.earth.04,青巖獬豸,spirit_beast.human.fire.04,熔星狻猊,spirit_beast.heaven.earth.01,九天麒麟,人品,天品,3,1,10000,fivephase_fallback
spirit_fusion.v2:spirit_beast.human.earth.05:spirit_beast.human.fire.04,spirit_beast.human.earth.05,負碑靈龜,spirit_beast.human.fire.04,熔星狻猊,spirit_beast.heaven.earth.02,不周神羆,人品,天品,3,1,10000,fivephase_fallback
spirit_fusion.v2:spirit_beast.human.earth.06:spirit_beast.human.fire.04,spirit_beast.human.earth.06,崩雲巨猿,spirit_beast.human.fire.04,熔星狻猊,spirit_beast.heaven.earth.03,崑崙陸吾,人品,天品,3,1,10000,fivephase_fallback
spirit_fusion.v2:spirit_beast.human.fire.05:spirit_beast.human.fire.05,spirit_beast.human.fire.05,南明靈獬,spirit_beast.human.fire.05,南明靈獬,spirit_beast.heaven.fire.05,流火畢方,人品,天品,3,1,10000,same_species
spirit_fusion.v2:spirit_beast.human.fire.05:spirit_beast.human.fire.06,spirit_beast.human.fire.05,南明靈獬,spirit_beast.human.fire.06,燼羽鳳靈,spirit_beast.heaven.fire.05,流火畢方,人品,天品,3,1,10000,named
spirit_fusion.v2:spirit_beast.human.earth.01:spirit_beast.human.fire.05,spirit_beast.human.earth.01,鎮嶽靈犀,spirit_beast.human.fire.05,南明靈獬,spirit_beast.heaven.earth.05,地脈贔屭,人品,天品,3,1,10000,fivephase_fallback
spirit_fusion.v2:spirit_beast.human.earth.02:spirit_beast.human.fire.05,spirit_beast.human.earth.02,厚土翼羆,spirit_beast.human.fire.05,南明靈獬,spirit_beast.heaven.earth.06,黃泉虯龍,人品,天品,3,1,10000,fivephase_fallback
spirit_fusion.v2:spirit_beast.human.earth.03:spirit_beast.human.fire.05,spirit_beast.human.earth.03,坤脈麒麟,spirit_beast.human.fire.05,南明靈獬,spirit_beast.heaven.earth.01,九天麒麟,人品,天品,3,1,10000,fivephase_fallback
spirit_fusion.v2:spirit_beast.human.earth.04:spirit_beast.human.fire.05,spirit_beast.human.earth.04,青巖獬豸,spirit_beast.human.fire.05,南明靈獬,spirit_beast.heaven.earth.02,不周神羆,人品,天品,3,1,10000,fivephase_fallback
spirit_fusion.v2:spirit_beast.human.earth.05:spirit_beast.human.fire.05,spirit_beast.human.earth.05,負碑靈龜,spirit_beast.human.fire.05,南明靈獬,spirit_beast.heaven.earth.03,崑崙陸吾,人品,天品,3,1,10000,fivephase_fallback
spirit_fusion.v2:spirit_beast.human.earth.06:spirit_beast.human.fire.05,spirit_beast.human.earth.06,崩雲巨猿,spirit_beast.human.fire.05,南明靈獬,spirit_beast.heaven.earth.04,壘嶽麒麟,人品,天品,3,1,10000,fivephase_fallback
spirit_fusion.v2:spirit_beast.human.fire.06:spirit_beast.human.fire.06,spirit_beast.human.fire.06,燼羽鳳靈,spirit_beast.human.fire.06,燼羽鳳靈,spirit_beast.heaven.fire.06,燭炎天龍,人品,天品,3,1,10000,same_species
spirit_fusion.v2:spirit_beast.human.earth.01:spirit_beast.human.fire.06,spirit_beast.human.earth.01,鎮嶽靈犀,spirit_beast.human.fire.06,燼羽鳳靈,spirit_beast.heaven.earth.06,黃泉虯龍,人品,天品,3,1,10000,fivephase_fallback
spirit_fusion.v2:spirit_beast.human.earth.02:spirit_beast.human.fire.06,spirit_beast.human.earth.02,厚土翼羆,spirit_beast.human.fire.06,燼羽鳳靈,spirit_beast.heaven.earth.01,九天麒麟,人品,天品,3,1,10000,fivephase_fallback
spirit_fusion.v2:spirit_beast.human.earth.03:spirit_beast.human.fire.06,spirit_beast.human.earth.03,坤脈麒麟,spirit_beast.human.fire.06,燼羽鳳靈,spirit_beast.heaven.earth.02,不周神羆,人品,天品,3,1,10000,fivephase_fallback
spirit_fusion.v2:spirit_beast.human.earth.04:spirit_beast.human.fire.06,spirit_beast.human.earth.04,青巖獬豸,spirit_beast.human.fire.06,燼羽鳳靈,spirit_beast.heaven.earth.03,崑崙陸吾,人品,天品,3,1,10000,fivephase_fallback
spirit_fusion.v2:spirit_beast.human.earth.05:spirit_beast.human.fire.06,spirit_beast.human.earth.05,負碑靈龜,spirit_beast.human.fire.06,燼羽鳳靈,spirit_beast.heaven.earth.04,壘嶽麒麟,人品,天品,3,1,10000,fivephase_fallback
spirit_fusion.v2:spirit_beast.human.earth.06:spirit_beast.human.fire.06,spirit_beast.human.earth.06,崩雲巨猿,spirit_beast.human.fire.06,燼羽鳳靈,spirit_beast.heaven.earth.05,地脈贔屭,人品,天品,3,1,10000,fivephase_fallback
spirit_fusion.v2:spirit_beast.human.earth.01:spirit_beast.human.earth.01,spirit_beast.human.earth.01,鎮嶽靈犀,spirit_beast.human.earth.01,鎮嶽靈犀,spirit_beast.heaven.earth.01,九天麒麟,人品,天品,3,1,10000,same_species
spirit_fusion.v2:spirit_beast.human.earth.01:spirit_beast.human.earth.02,spirit_beast.human.earth.01,鎮嶽靈犀,spirit_beast.human.earth.02,厚土翼羆,spirit_beast.heaven.earth.01,九天麒麟,人品,天品,3,1,10000,named
spirit_fusion.v2:spirit_beast.human.earth.01:spirit_beast.human.earth.03,spirit_beast.human.earth.01,鎮嶽靈犀,spirit_beast.human.earth.03,坤脈麒麟,spirit_beast.heaven.earth.03,崑崙陸吾,人品,天品,3,1,10000,fivephase_fallback
spirit_fusion.v2:spirit_beast.human.earth.01:spirit_beast.human.earth.04,spirit_beast.human.earth.01,鎮嶽靈犀,spirit_beast.human.earth.04,青巖獬豸,spirit_beast.heaven.earth.04,壘嶽麒麟,人品,天品,3,1,10000,fivephase_fallback
spirit_fusion.v2:spirit_beast.human.earth.01:spirit_beast.human.earth.05,spirit_beast.human.earth.01,鎮嶽靈犀,spirit_beast.human.earth.05,負碑靈龜,spirit_beast.heaven.earth.05,地脈贔屭,人品,天品,3,1,10000,fivephase_fallback
spirit_fusion.v2:spirit_beast.human.earth.01:spirit_beast.human.earth.06,spirit_beast.human.earth.01,鎮嶽靈犀,spirit_beast.human.earth.06,崩雲巨猿,spirit_beast.heaven.earth.06,黃泉虯龍,人品,天品,3,1,10000,named
spirit_fusion.v2:spirit_beast.human.earth.02:spirit_beast.human.earth.02,spirit_beast.human.earth.02,厚土翼羆,spirit_beast.human.earth.02,厚土翼羆,spirit_beast.heaven.earth.02,不周神羆,人品,天品,3,1,10000,same_species
spirit_fusion.v2:spirit_beast.human.earth.02:spirit_beast.human.earth.03,spirit_beast.human.earth.02,厚土翼羆,spirit_beast.human.earth.03,坤脈麒麟,spirit_beast.heaven.earth.02,不周神羆,人品,天品,3,1,10000,named
spirit_fusion.v2:spirit_beast.human.earth.02:spirit_beast.human.earth.04,spirit_beast.human.earth.02,厚土翼羆,spirit_beast.human.earth.04,青巖獬豸,spirit_beast.heaven.earth.05,地脈贔屭,人品,天品,3,1,10000,fivephase_fallback
spirit_fusion.v2:spirit_beast.human.earth.02:spirit_beast.human.earth.05,spirit_beast.human.earth.02,厚土翼羆,spirit_beast.human.earth.05,負碑靈龜,spirit_beast.heaven.earth.06,黃泉虯龍,人品,天品,3,1,10000,fivephase_fallback
spirit_fusion.v2:spirit_beast.human.earth.02:spirit_beast.human.earth.06,spirit_beast.human.earth.02,厚土翼羆,spirit_beast.human.earth.06,崩雲巨猿,spirit_beast.heaven.earth.01,九天麒麟,人品,天品,3,1,10000,fivephase_fallback
spirit_fusion.v2:spirit_beast.human.earth.03:spirit_beast.human.earth.03,spirit_beast.human.earth.03,坤脈麒麟,spirit_beast.human.earth.03,坤脈麒麟,spirit_beast.heaven.earth.03,崑崙陸吾,人品,天品,3,1,10000,same_species
spirit_fusion.v2:spirit_beast.human.earth.03:spirit_beast.human.earth.04,spirit_beast.human.earth.03,坤脈麒麟,spirit_beast.human.earth.04,青巖獬豸,spirit_beast.heaven.earth.03,崑崙陸吾,人品,天品,3,1,10000,named
spirit_fusion.v2:spirit_beast.human.earth.03:spirit_beast.human.earth.05,spirit_beast.human.earth.03,坤脈麒麟,spirit_beast.human.earth.05,負碑靈龜,spirit_beast.heaven.earth.01,九天麒麟,人品,天品,3,1,10000,fivephase_fallback
spirit_fusion.v2:spirit_beast.human.earth.03:spirit_beast.human.earth.06,spirit_beast.human.earth.03,坤脈麒麟,spirit_beast.human.earth.06,崩雲巨猿,spirit_beast.heaven.earth.02,不周神羆,人品,天品,3,1,10000,fivephase_fallback
spirit_fusion.v2:spirit_beast.human.earth.04:spirit_beast.human.earth.04,spirit_beast.human.earth.04,青巖獬豸,spirit_beast.human.earth.04,青巖獬豸,spirit_beast.heaven.earth.04,壘嶽麒麟,人品,天品,3,1,10000,same_species
spirit_fusion.v2:spirit_beast.human.earth.04:spirit_beast.human.earth.05,spirit_beast.human.earth.04,青巖獬豸,spirit_beast.human.earth.05,負碑靈龜,spirit_beast.heaven.earth.04,壘嶽麒麟,人品,天品,3,1,10000,named
spirit_fusion.v2:spirit_beast.human.earth.04:spirit_beast.human.earth.06,spirit_beast.human.earth.04,青巖獬豸,spirit_beast.human.earth.06,崩雲巨猿,spirit_beast.heaven.earth.03,崑崙陸吾,人品,天品,3,1,10000,fivephase_fallback
spirit_fusion.v2:spirit_beast.human.earth.05:spirit_beast.human.earth.05,spirit_beast.human.earth.05,負碑靈龜,spirit_beast.human.earth.05,負碑靈龜,spirit_beast.heaven.earth.05,地脈贔屭,人品,天品,3,1,10000,same_species
spirit_fusion.v2:spirit_beast.human.earth.05:spirit_beast.human.earth.06,spirit_beast.human.earth.05,負碑靈龜,spirit_beast.human.earth.06,崩雲巨猿,spirit_beast.heaven.earth.05,地脈贔屭,人品,天品,3,1,10000,named
spirit_fusion.v2:spirit_beast.human.earth.06:spirit_beast.human.earth.06,spirit_beast.human.earth.06,崩雲巨猿,spirit_beast.human.earth.06,崩雲巨猿,spirit_beast.heaven.earth.06,黃泉虯龍,人品,天品,3,1,10000,same_species
spirit_fusion.v2:spirit_beast.heaven.metal.01:spirit_beast.heaven.metal.01,spirit_beast.heaven.metal.01,太庚白虎,spirit_beast.heaven.metal.01,太庚白虎,spirit_beast.saint.metal.01,白帝虎尊,天品,聖品,3,1,10000,same_species
spirit_fusion.v2:spirit_beast.heaven.metal.01:spirit_beast.heaven.metal.02,spirit_beast.heaven.metal.01,太庚白虎,spirit_beast.heaven.metal.02,天鉞金鵬,spirit_beast.saint.metal.01,白帝虎尊,天品,聖品,3,1,10000,named
spirit_fusion.v2:spirit_beast.heaven.metal.01:spirit_beast.heaven.metal.03,spirit_beast.heaven.metal.01,太庚白虎,spirit_beast.heaven.metal.03,萬刃猙王,spirit_beast.saint.metal.03,太鋒天猙,天品,聖品,3,1,10000,fivephase_fallback
spirit_fusion.v2:spirit_beast.heaven.metal.01:spirit_beast.heaven.metal.04,spirit_beast.heaven.metal.01,太庚白虎,spirit_beast.heaven.metal.04,星河貔貅,spirit_beast.saint.metal.04,九曜貔貅,天品,聖品,3,1,10000,fivephase_fallback
spirit_fusion.v2:spirit_beast.heaven.metal.01:spirit_beast.heaven.metal.05,spirit_beast.heaven.metal.01,太庚白虎,spirit_beast.heaven.metal.05,斬嶽金麟,spirit_beast.saint.metal.05,裂空金犀,天品,聖品,3,1,10000,fivephase_fallback
spirit_fusion.v2:spirit_beast.heaven.metal.01:spirit_beast.heaven.metal.06,spirit_beast.heaven.metal.01,太庚白虎,spirit_beast.heaven.metal.06,靈樞應龍,spirit_beast.saint.metal.06,萬器祖龍,天品,聖品,3,1,10000,named
spirit_fusion.v2:spirit_beast.heaven.metal.01:spirit_beast.heaven.wood.01,spirit_beast.heaven.metal.01,太庚白虎,spirit_beast.heaven.wood.01,青帝蒼鹿,spirit_beast.saint.metal.01,白帝虎尊,天品,聖品,3,1,10000,fivephase_fallback
spirit_fusion.v2:spirit_beast.heaven.metal.01:spirit_beast.heaven.wood.02,spirit_beast.heaven.metal.01,太庚白虎,spirit_beast.heaven.wood.02,萬葉白澤,spirit_beast.saint.metal.02,鎮界金鵬,天品,聖品,3,1,10000,fivephase_fallback
spirit_fusion.v2:spirit_beast.heaven.metal.01:spirit_beast.heaven.wood.03,spirit_beast.heaven.metal.01,太庚白虎,spirit_beast.heaven.wood.03,扶桑神猿,spirit_beast.saint.metal.03,太鋒天猙,天品,聖品,3,1,10000,fivephase_fallback
spirit_fusion.v2:spirit_beast.heaven.metal.01:spirit_beast.heaven.wood.04,spirit_beast.heaven.metal.01,太庚白虎,spirit_beast.heaven.wood.04,碧落青鸞,spirit_beast.saint.metal.04,九曜貔貅,天品,聖品,3,1,10000,fivephase_fallback
spirit_fusion.v2:spirit_beast.heaven.metal.01:spirit_beast.heaven.wood.05,spirit_beast.heaven.metal.01,太庚白虎,spirit_beast.heaven.wood.05,花海九色鹿,spirit_beast.saint.metal.05,裂空金犀,天品,聖品,3,1,10000,fivephase_fallback
spirit_fusion.v2:spirit_beast.heaven.metal.01:spirit_beast.heaven.wood.06,spirit_beast.heaven.metal.01,太庚白虎,spirit_beast.heaven.wood.06,長春麒麟,spirit_beast.saint.metal.06,萬器祖龍,天品,聖品,3,1,10000,fivephase_fallback
spirit_fusion.v2:spirit_beast.heaven.metal.01:spirit_beast.heaven.water.01,spirit_beast.heaven.metal.01,太庚白虎,spirit_beast.heaven.water.01,玄冥龍龜,spirit_beast.saint.water.01,覆海玄武,天品,聖品,3,1,10000,fivephase_fallback
spirit_fusion.v2:spirit_beast.heaven.metal.01:spirit_beast.heaven.water.02,spirit_beast.heaven.metal.01,太庚白虎,spirit_beast.heaven.water.02,滄瀾螭龍,spirit_beast.saint.water.02,北溟鯤鵬,天品,聖品,3,1,10000,fivephase_fallback
spirit_fusion.v2:spirit_beast.heaven.metal.01:spirit_beast.heaven.water.03,spirit_beast.heaven.metal.01,太庚白虎,spirit_beast.heaven.water.03,寒月鯤鵬,spirit_beast.saint.water.03,洛川應龍,天品,聖品,3,1,10000,fivephase_fallback
spirit_fusion.v2:spirit_beast.heaven.metal.01:spirit_beast.heaven.water.04,spirit_beast.heaven.metal.01,太庚白虎,spirit_beast.heaven.water.04,天河鮫靈,spirit_beast.saint.water.04,雲夢鮫皇,天品,聖品,3,1,10000,fivephase_fallback
spirit_fusion.v2:spirit_beast.heaven.metal.01:spirit_beast.heaven.water.05,spirit_beast.heaven.metal.01,太庚白虎,spirit_beast.heaven.water.05,雨師青麟,spirit_beast.saint.water.05,九曲水麒麟,天品,聖品,3,1,10000,fivephase_fallback
spirit_fusion.v2:spirit_beast.heaven.metal.01:spirit_beast.heaven.water.06,spirit_beast.heaven.metal.01,太庚白虎,spirit_beast.heaven.water.06,冰鑑應龍,spirit_beast.saint.water.06,玄淵蒼龍,天品,聖品,3,1,10000,fivephase_fallback
spirit_fusion.v2:spirit_beast.heaven.fire.01:spirit_beast.heaven.metal.01,spirit_beast.heaven.fire.01,南離朱雀,spirit_beast.heaven.metal.01,太庚白虎,spirit_beast.saint.fire.01,涅槃丹凰,天品,聖品,3,1,10000,fivephase_fallback
spirit_fusion.v2:spirit_beast.heaven.fire.02:spirit_beast.heaven.metal.01,spirit_beast.heaven.fire.02,九轉丹凰,spirit_beast.heaven.metal.01,太庚白虎,spirit_beast.saint.fire.02,九曜丹凰,天品,聖品,3,1,10000,fivephase_fallback
spirit_fusion.v2:spirit_beast.heaven.fire.03:spirit_beast.heaven.metal.01,spirit_beast.heaven.fire.03,赤霄金烏,spirit_beast.heaven.metal.01,太庚白虎,spirit_beast.saint.fire.03,焚霄朱雀,天品,聖品,3,1,10000,fivephase_fallback
spirit_fusion.v2:spirit_beast.heaven.fire.04:spirit_beast.heaven.metal.01,spirit_beast.heaven.fire.04,焚天狻猊,spirit_beast.heaven.metal.01,太庚白虎,spirit_beast.saint.fire.04,赤帝狻猊,天品,聖品,3,1,10000,fivephase_fallback
spirit_fusion.v2:spirit_beast.heaven.fire.05:spirit_beast.heaven.metal.01,spirit_beast.heaven.fire.05,流火畢方,spirit_beast.heaven.metal.01,太庚白虎,spirit_beast.saint.fire.05,南明畢方,天品,聖品,3,1,10000,fivephase_fallback
spirit_fusion.v2:spirit_beast.heaven.fire.06:spirit_beast.heaven.metal.01,spirit_beast.heaven.fire.06,燭炎天龍,spirit_beast.heaven.metal.01,太庚白虎,spirit_beast.saint.fire.06,永燼燭龍,天品,聖品,3,1,10000,fivephase_fallback
spirit_fusion.v2:spirit_beast.heaven.earth.01:spirit_beast.heaven.metal.01,spirit_beast.heaven.earth.01,九天麒麟,spirit_beast.heaven.metal.01,太庚白虎,spirit_beast.saint.metal.01,白帝虎尊,天品,聖品,3,1,10000,fivephase_fallback
spirit_fusion.v2:spirit_beast.heaven.earth.02:spirit_beast.heaven.metal.01,spirit_beast.heaven.earth.02,不周神羆,spirit_beast.heaven.metal.01,太庚白虎,spirit_beast.saint.metal.02,鎮界金鵬,天品,聖品,3,1,10000,fivephase_fallback
spirit_fusion.v2:spirit_beast.heaven.earth.03:spirit_beast.heaven.metal.01,spirit_beast.heaven.earth.03,崑崙陸吾,spirit_beast.heaven.metal.01,太庚白虎,spirit_beast.saint.metal.03,太鋒天猙,天品,聖品,3,1,10000,fivephase_fallback
spirit_fusion.v2:spirit_beast.heaven.earth.04:spirit_beast.heaven.metal.01,spirit_beast.heaven.earth.04,壘嶽麒麟,spirit_beast.heaven.metal.01,太庚白虎,spirit_beast.saint.metal.04,九曜貔貅,天品,聖品,3,1,10000,fivephase_fallback
spirit_fusion.v2:spirit_beast.heaven.earth.05:spirit_beast.heaven.metal.01,spirit_beast.heaven.earth.05,地脈贔屭,spirit_beast.heaven.metal.01,太庚白虎,spirit_beast.saint.metal.05,裂空金犀,天品,聖品,3,1,10000,fivephase_fallback
spirit_fusion.v2:spirit_beast.heaven.earth.06:spirit_beast.heaven.metal.01,spirit_beast.heaven.earth.06,黃泉虯龍,spirit_beast.heaven.metal.01,太庚白虎,spirit_beast.saint.metal.06,萬器祖龍,天品,聖品,3,1,10000,fivephase_fallback
spirit_fusion.v2:spirit_beast.heaven.metal.02:spirit_beast.heaven.metal.02,spirit_beast.heaven.metal.02,天鉞金鵬,spirit_beast.heaven.metal.02,天鉞金鵬,spirit_beast.saint.metal.02,鎮界金鵬,天品,聖品,3,1,10000,same_species
spirit_fusion.v2:spirit_beast.heaven.metal.02:spirit_beast.heaven.metal.03,spirit_beast.heaven.metal.02,天鉞金鵬,spirit_beast.heaven.metal.03,萬刃猙王,spirit_beast.saint.metal.02,鎮界金鵬,天品,聖品,3,1,10000,named
spirit_fusion.v2:spirit_beast.heaven.metal.02:spirit_beast.heaven.metal.04,spirit_beast.heaven.metal.02,天鉞金鵬,spirit_beast.heaven.metal.04,星河貔貅,spirit_beast.saint.metal.05,裂空金犀,天品,聖品,3,1,10000,fivephase_fallback
spirit_fusion.v2:spirit_beast.heaven.metal.02:spirit_beast.heaven.metal.05,spirit_beast.heaven.metal.02,天鉞金鵬,spirit_beast.heaven.metal.05,斬嶽金麟,spirit_beast.saint.metal.06,萬器祖龍,天品,聖品,3,1,10000,fivephase_fallback
spirit_fusion.v2:spirit_beast.heaven.metal.02:spirit_beast.heaven.metal.06,spirit_beast.heaven.metal.02,天鉞金鵬,spirit_beast.heaven.metal.06,靈樞應龍,spirit_beast.saint.metal.01,白帝虎尊,天品,聖品,3,1,10000,fivephase_fallback
spirit_fusion.v2:spirit_beast.heaven.metal.02:spirit_beast.heaven.wood.01,spirit_beast.heaven.metal.02,天鉞金鵬,spirit_beast.heaven.wood.01,青帝蒼鹿,spirit_beast.saint.metal.02,鎮界金鵬,天品,聖品,3,1,10000,fivephase_fallback
spirit_fusion.v2:spirit_beast.heaven.metal.02:spirit_beast.heaven.wood.02,spirit_beast.heaven.metal.02,天鉞金鵬,spirit_beast.heaven.wood.02,萬葉白澤,spirit_beast.saint.metal.03,太鋒天猙,天品,聖品,3,1,10000,fivephase_fallback
spirit_fusion.v2:spirit_beast.heaven.metal.02:spirit_beast.heaven.wood.03,spirit_beast.heaven.metal.02,天鉞金鵬,spirit_beast.heaven.wood.03,扶桑神猿,spirit_beast.saint.metal.04,九曜貔貅,天品,聖品,3,1,10000,fivephase_fallback
spirit_fusion.v2:spirit_beast.heaven.metal.02:spirit_beast.heaven.wood.04,spirit_beast.heaven.metal.02,天鉞金鵬,spirit_beast.heaven.wood.04,碧落青鸞,spirit_beast.saint.metal.05,裂空金犀,天品,聖品,3,1,10000,fivephase_fallback
spirit_fusion.v2:spirit_beast.heaven.metal.02:spirit_beast.heaven.wood.05,spirit_beast.heaven.metal.02,天鉞金鵬,spirit_beast.heaven.wood.05,花海九色鹿,spirit_beast.saint.metal.06,萬器祖龍,天品,聖品,3,1,10000,fivephase_fallback
spirit_fusion.v2:spirit_beast.heaven.metal.02:spirit_beast.heaven.wood.06,spirit_beast.heaven.metal.02,天鉞金鵬,spirit_beast.heaven.wood.06,長春麒麟,spirit_beast.saint.metal.01,白帝虎尊,天品,聖品,3,1,10000,fivephase_fallback
spirit_fusion.v2:spirit_beast.heaven.metal.02:spirit_beast.heaven.water.01,spirit_beast.heaven.metal.02,天鉞金鵬,spirit_beast.heaven.water.01,玄冥龍龜,spirit_beast.saint.water.02,北溟鯤鵬,天品,聖品,3,1,10000,fivephase_fallback
spirit_fusion.v2:spirit_beast.heaven.metal.02:spirit_beast.heaven.water.02,spirit_beast.heaven.metal.02,天鉞金鵬,spirit_beast.heaven.water.02,滄瀾螭龍,spirit_beast.saint.water.03,洛川應龍,天品,聖品,3,1,10000,fivephase_fallback
spirit_fusion.v2:spirit_beast.heaven.metal.02:spirit_beast.heaven.water.03,spirit_beast.heaven.metal.02,天鉞金鵬,spirit_beast.heaven.water.03,寒月鯤鵬,spirit_beast.saint.water.04,雲夢鮫皇,天品,聖品,3,1,10000,fivephase_fallback
spirit_fusion.v2:spirit_beast.heaven.metal.02:spirit_beast.heaven.water.04,spirit_beast.heaven.metal.02,天鉞金鵬,spirit_beast.heaven.water.04,天河鮫靈,spirit_beast.saint.water.05,九曲水麒麟,天品,聖品,3,1,10000,fivephase_fallback
spirit_fusion.v2:spirit_beast.heaven.metal.02:spirit_beast.heaven.water.05,spirit_beast.heaven.metal.02,天鉞金鵬,spirit_beast.heaven.water.05,雨師青麟,spirit_beast.saint.water.06,玄淵蒼龍,天品,聖品,3,1,10000,fivephase_fallback
spirit_fusion.v2:spirit_beast.heaven.metal.02:spirit_beast.heaven.water.06,spirit_beast.heaven.metal.02,天鉞金鵬,spirit_beast.heaven.water.06,冰鑑應龍,spirit_beast.saint.water.01,覆海玄武,天品,聖品,3,1,10000,fivephase_fallback
spirit_fusion.v2:spirit_beast.heaven.fire.01:spirit_beast.heaven.metal.02,spirit_beast.heaven.fire.01,南離朱雀,spirit_beast.heaven.metal.02,天鉞金鵬,spirit_beast.saint.fire.02,九曜丹凰,天品,聖品,3,1,10000,fivephase_fallback
spirit_fusion.v2:spirit_beast.heaven.fire.02:spirit_beast.heaven.metal.02,spirit_beast.heaven.fire.02,九轉丹凰,spirit_beast.heaven.metal.02,天鉞金鵬,spirit_beast.saint.fire.03,焚霄朱雀,天品,聖品,3,1,10000,fivephase_fallback
spirit_fusion.v2:spirit_beast.heaven.fire.03:spirit_beast.heaven.metal.02,spirit_beast.heaven.fire.03,赤霄金烏,spirit_beast.heaven.metal.02,天鉞金鵬,spirit_beast.saint.fire.04,赤帝狻猊,天品,聖品,3,1,10000,fivephase_fallback
spirit_fusion.v2:spirit_beast.heaven.fire.04:spirit_beast.heaven.metal.02,spirit_beast.heaven.fire.04,焚天狻猊,spirit_beast.heaven.metal.02,天鉞金鵬,spirit_beast.saint.fire.05,南明畢方,天品,聖品,3,1,10000,fivephase_fallback
spirit_fusion.v2:spirit_beast.heaven.fire.05:spirit_beast.heaven.metal.02,spirit_beast.heaven.fire.05,流火畢方,spirit_beast.heaven.metal.02,天鉞金鵬,spirit_beast.saint.fire.06,永燼燭龍,天品,聖品,3,1,10000,fivephase_fallback
spirit_fusion.v2:spirit_beast.heaven.fire.06:spirit_beast.heaven.metal.02,spirit_beast.heaven.fire.06,燭炎天龍,spirit_beast.heaven.metal.02,天鉞金鵬,spirit_beast.saint.fire.01,涅槃丹凰,天品,聖品,3,1,10000,fivephase_fallback
spirit_fusion.v2:spirit_beast.heaven.earth.01:spirit_beast.heaven.metal.02,spirit_beast.heaven.earth.01,九天麒麟,spirit_beast.heaven.metal.02,天鉞金鵬,spirit_beast.saint.metal.02,鎮界金鵬,天品,聖品,3,1,10000,fivephase_fallback
spirit_fusion.v2:spirit_beast.heaven.earth.02:spirit_beast.heaven.metal.02,spirit_beast.heaven.earth.02,不周神羆,spirit_beast.heaven.metal.02,天鉞金鵬,spirit_beast.saint.metal.03,太鋒天猙,天品,聖品,3,1,10000,fivephase_fallback
spirit_fusion.v2:spirit_beast.heaven.earth.03:spirit_beast.heaven.metal.02,spirit_beast.heaven.earth.03,崑崙陸吾,spirit_beast.heaven.metal.02,天鉞金鵬,spirit_beast.saint.metal.04,九曜貔貅,天品,聖品,3,1,10000,fivephase_fallback
spirit_fusion.v2:spirit_beast.heaven.earth.04:spirit_beast.heaven.metal.02,spirit_beast.heaven.earth.04,壘嶽麒麟,spirit_beast.heaven.metal.02,天鉞金鵬,spirit_beast.saint.metal.05,裂空金犀,天品,聖品,3,1,10000,fivephase_fallback
spirit_fusion.v2:spirit_beast.heaven.earth.05:spirit_beast.heaven.metal.02,spirit_beast.heaven.earth.05,地脈贔屭,spirit_beast.heaven.metal.02,天鉞金鵬,spirit_beast.saint.metal.06,萬器祖龍,天品,聖品,3,1,10000,fivephase_fallback
spirit_fusion.v2:spirit_beast.heaven.earth.06:spirit_beast.heaven.metal.02,spirit_beast.heaven.earth.06,黃泉虯龍,spirit_beast.heaven.metal.02,天鉞金鵬,spirit_beast.saint.metal.01,白帝虎尊,天品,聖品,3,1,10000,fivephase_fallback
spirit_fusion.v2:spirit_beast.heaven.metal.03:spirit_beast.heaven.metal.03,spirit_beast.heaven.metal.03,萬刃猙王,spirit_beast.heaven.metal.03,萬刃猙王,spirit_beast.saint.metal.03,太鋒天猙,天品,聖品,3,1,10000,same_species
spirit_fusion.v2:spirit_beast.heaven.metal.03:spirit_beast.heaven.metal.04,spirit_beast.heaven.metal.03,萬刃猙王,spirit_beast.heaven.metal.04,星河貔貅,spirit_beast.saint.metal.03,太鋒天猙,天品,聖品,3,1,10000,named
spirit_fusion.v2:spirit_beast.heaven.metal.03:spirit_beast.heaven.metal.05,spirit_beast.heaven.metal.03,萬刃猙王,spirit_beast.heaven.metal.05,斬嶽金麟,spirit_beast.saint.metal.01,白帝虎尊,天品,聖品,3,1,10000,fivephase_fallback
spirit_fusion.v2:spirit_beast.heaven.metal.03:spirit_beast.heaven.metal.06,spirit_beast.heaven.metal.03,萬刃猙王,spirit_beast.heaven.metal.06,靈樞應龍,spirit_beast.saint.metal.02,鎮界金鵬,天品,聖品,3,1,10000,fivephase_fallback
spirit_fusion.v2:spirit_beast.heaven.metal.03:spirit_beast.heaven.wood.01,spirit_beast.heaven.metal.03,萬刃猙王,spirit_beast.heaven.wood.01,青帝蒼鹿,spirit_beast.saint.metal.03,太鋒天猙,天品,聖品,3,1,10000,fivephase_fallback
spirit_fusion.v2:spirit_beast.heaven.metal.03:spirit_beast.heaven.wood.02,spirit_beast.heaven.metal.03,萬刃猙王,spirit_beast.heaven.wood.02,萬葉白澤,spirit_beast.saint.metal.04,九曜貔貅,天品,聖品,3,1,10000,fivephase_fallback
spirit_fusion.v2:spirit_beast.heaven.metal.03:spirit_beast.heaven.wood.03,spirit_beast.heaven.metal.03,萬刃猙王,spirit_beast.heaven.wood.03,扶桑神猿,spirit_beast.saint.metal.05,裂空金犀,天品,聖品,3,1,10000,fivephase_fallback
spirit_fusion.v2:spirit_beast.heaven.metal.03:spirit_beast.heaven.wood.04,spirit_beast.heaven.metal.03,萬刃猙王,spirit_beast.heaven.wood.04,碧落青鸞,spirit_beast.saint.metal.06,萬器祖龍,天品,聖品,3,1,10000,fivephase_fallback
spirit_fusion.v2:spirit_beast.heaven.metal.03:spirit_beast.heaven.wood.05,spirit_beast.heaven.metal.03,萬刃猙王,spirit_beast.heaven.wood.05,花海九色鹿,spirit_beast.saint.metal.01,白帝虎尊,天品,聖品,3,1,10000,fivephase_fallback
spirit_fusion.v2:spirit_beast.heaven.metal.03:spirit_beast.heaven.wood.06,spirit_beast.heaven.metal.03,萬刃猙王,spirit_beast.heaven.wood.06,長春麒麟,spirit_beast.saint.metal.02,鎮界金鵬,天品,聖品,3,1,10000,fivephase_fallback
spirit_fusion.v2:spirit_beast.heaven.metal.03:spirit_beast.heaven.water.01,spirit_beast.heaven.metal.03,萬刃猙王,spirit_beast.heaven.water.01,玄冥龍龜,spirit_beast.saint.water.03,洛川應龍,天品,聖品,3,1,10000,fivephase_fallback
spirit_fusion.v2:spirit_beast.heaven.metal.03:spirit_beast.heaven.water.02,spirit_beast.heaven.metal.03,萬刃猙王,spirit_beast.heaven.water.02,滄瀾螭龍,spirit_beast.saint.water.04,雲夢鮫皇,天品,聖品,3,1,10000,fivephase_fallback
spirit_fusion.v2:spirit_beast.heaven.metal.03:spirit_beast.heaven.water.03,spirit_beast.heaven.metal.03,萬刃猙王,spirit_beast.heaven.water.03,寒月鯤鵬,spirit_beast.saint.water.05,九曲水麒麟,天品,聖品,3,1,10000,fivephase_fallback
spirit_fusion.v2:spirit_beast.heaven.metal.03:spirit_beast.heaven.water.04,spirit_beast.heaven.metal.03,萬刃猙王,spirit_beast.heaven.water.04,天河鮫靈,spirit_beast.saint.water.06,玄淵蒼龍,天品,聖品,3,1,10000,fivephase_fallback
spirit_fusion.v2:spirit_beast.heaven.metal.03:spirit_beast.heaven.water.05,spirit_beast.heaven.metal.03,萬刃猙王,spirit_beast.heaven.water.05,雨師青麟,spirit_beast.saint.water.01,覆海玄武,天品,聖品,3,1,10000,fivephase_fallback
spirit_fusion.v2:spirit_beast.heaven.metal.03:spirit_beast.heaven.water.06,spirit_beast.heaven.metal.03,萬刃猙王,spirit_beast.heaven.water.06,冰鑑應龍,spirit_beast.saint.water.02,北溟鯤鵬,天品,聖品,3,1,10000,fivephase_fallback
spirit_fusion.v2:spirit_beast.heaven.fire.01:spirit_beast.heaven.metal.03,spirit_beast.heaven.fire.01,南離朱雀,spirit_beast.heaven.metal.03,萬刃猙王,spirit_beast.saint.fire.03,焚霄朱雀,天品,聖品,3,1,10000,fivephase_fallback
spirit_fusion.v2:spirit_beast.heaven.fire.02:spirit_beast.heaven.metal.03,spirit_beast.heaven.fire.02,九轉丹凰,spirit_beast.heaven.metal.03,萬刃猙王,spirit_beast.saint.fire.04,赤帝狻猊,天品,聖品,3,1,10000,fivephase_fallback
spirit_fusion.v2:spirit_beast.heaven.fire.03:spirit_beast.heaven.metal.03,spirit_beast.heaven.fire.03,赤霄金烏,spirit_beast.heaven.metal.03,萬刃猙王,spirit_beast.saint.fire.05,南明畢方,天品,聖品,3,1,10000,fivephase_fallback
spirit_fusion.v2:spirit_beast.heaven.fire.04:spirit_beast.heaven.metal.03,spirit_beast.heaven.fire.04,焚天狻猊,spirit_beast.heaven.metal.03,萬刃猙王,spirit_beast.saint.fire.06,永燼燭龍,天品,聖品,3,1,10000,fivephase_fallback
spirit_fusion.v2:spirit_beast.heaven.fire.05:spirit_beast.heaven.metal.03,spirit_beast.heaven.fire.05,流火畢方,spirit_beast.heaven.metal.03,萬刃猙王,spirit_beast.saint.fire.01,涅槃丹凰,天品,聖品,3,1,10000,fivephase_fallback
spirit_fusion.v2:spirit_beast.heaven.fire.06:spirit_beast.heaven.metal.03,spirit_beast.heaven.fire.06,燭炎天龍,spirit_beast.heaven.metal.03,萬刃猙王,spirit_beast.saint.fire.02,九曜丹凰,天品,聖品,3,1,10000,fivephase_fallback
spirit_fusion.v2:spirit_beast.heaven.earth.01:spirit_beast.heaven.metal.03,spirit_beast.heaven.earth.01,九天麒麟,spirit_beast.heaven.metal.03,萬刃猙王,spirit_beast.saint.metal.03,太鋒天猙,天品,聖品,3,1,10000,fivephase_fallback
spirit_fusion.v2:spirit_beast.heaven.earth.02:spirit_beast.heaven.metal.03,spirit_beast.heaven.earth.02,不周神羆,spirit_beast.heaven.metal.03,萬刃猙王,spirit_beast.saint.metal.04,九曜貔貅,天品,聖品,3,1,10000,fivephase_fallback
spirit_fusion.v2:spirit_beast.heaven.earth.03:spirit_beast.heaven.metal.03,spirit_beast.heaven.earth.03,崑崙陸吾,spirit_beast.heaven.metal.03,萬刃猙王,spirit_beast.saint.metal.05,裂空金犀,天品,聖品,3,1,10000,fivephase_fallback
spirit_fusion.v2:spirit_beast.heaven.earth.04:spirit_beast.heaven.metal.03,spirit_beast.heaven.earth.04,壘嶽麒麟,spirit_beast.heaven.metal.03,萬刃猙王,spirit_beast.saint.metal.06,萬器祖龍,天品,聖品,3,1,10000,fivephase_fallback
spirit_fusion.v2:spirit_beast.heaven.earth.05:spirit_beast.heaven.metal.03,spirit_beast.heaven.earth.05,地脈贔屭,spirit_beast.heaven.metal.03,萬刃猙王,spirit_beast.saint.metal.01,白帝虎尊,天品,聖品,3,1,10000,fivephase_fallback
spirit_fusion.v2:spirit_beast.heaven.earth.06:spirit_beast.heaven.metal.03,spirit_beast.heaven.earth.06,黃泉虯龍,spirit_beast.heaven.metal.03,萬刃猙王,spirit_beast.saint.metal.02,鎮界金鵬,天品,聖品,3,1,10000,fivephase_fallback
spirit_fusion.v2:spirit_beast.heaven.metal.04:spirit_beast.heaven.metal.04,spirit_beast.heaven.metal.04,星河貔貅,spirit_beast.heaven.metal.04,星河貔貅,spirit_beast.saint.metal.04,九曜貔貅,天品,聖品,3,1,10000,same_species
spirit_fusion.v2:spirit_beast.heaven.metal.04:spirit_beast.heaven.metal.05,spirit_beast.heaven.metal.04,星河貔貅,spirit_beast.heaven.metal.05,斬嶽金麟,spirit_beast.saint.metal.04,九曜貔貅,天品,聖品,3,1,10000,named
spirit_fusion.v2:spirit_beast.heaven.metal.04:spirit_beast.heaven.metal.06,spirit_beast.heaven.metal.04,星河貔貅,spirit_beast.heaven.metal.06,靈樞應龍,spirit_beast.saint.metal.03,太鋒天猙,天品,聖品,3,1,10000,fivephase_fallback
spirit_fusion.v2:spirit_beast.heaven.metal.04:spirit_beast.heaven.wood.01,spirit_beast.heaven.metal.04,星河貔貅,spirit_beast.heaven.wood.01,青帝蒼鹿,spirit_beast.saint.metal.04,九曜貔貅,天品,聖品,3,1,10000,fivephase_fallback
spirit_fusion.v2:spirit_beast.heaven.metal.04:spirit_beast.heaven.wood.02,spirit_beast.heaven.metal.04,星河貔貅,spirit_beast.heaven.wood.02,萬葉白澤,spirit_beast.saint.metal.05,裂空金犀,天品,聖品,3,1,10000,fivephase_fallback
spirit_fusion.v2:spirit_beast.heaven.metal.04:spirit_beast.heaven.wood.03,spirit_beast.heaven.metal.04,星河貔貅,spirit_beast.heaven.wood.03,扶桑神猿,spirit_beast.saint.metal.06,萬器祖龍,天品,聖品,3,1,10000,fivephase_fallback
spirit_fusion.v2:spirit_beast.heaven.metal.04:spirit_beast.heaven.wood.04,spirit_beast.heaven.metal.04,星河貔貅,spirit_beast.heaven.wood.04,碧落青鸞,spirit_beast.saint.metal.01,白帝虎尊,天品,聖品,3,1,10000,fivephase_fallback
spirit_fusion.v2:spirit_beast.heaven.metal.04:spirit_beast.heaven.wood.05,spirit_beast.heaven.metal.04,星河貔貅,spirit_beast.heaven.wood.05,花海九色鹿,spirit_beast.saint.metal.02,鎮界金鵬,天品,聖品,3,1,10000,fivephase_fallback
spirit_fusion.v2:spirit_beast.heaven.metal.04:spirit_beast.heaven.wood.06,spirit_beast.heaven.metal.04,星河貔貅,spirit_beast.heaven.wood.06,長春麒麟,spirit_beast.saint.metal.03,太鋒天猙,天品,聖品,3,1,10000,fivephase_fallback
spirit_fusion.v2:spirit_beast.heaven.metal.04:spirit_beast.heaven.water.01,spirit_beast.heaven.metal.04,星河貔貅,spirit_beast.heaven.water.01,玄冥龍龜,spirit_beast.saint.water.04,雲夢鮫皇,天品,聖品,3,1,10000,fivephase_fallback
spirit_fusion.v2:spirit_beast.heaven.metal.04:spirit_beast.heaven.water.02,spirit_beast.heaven.metal.04,星河貔貅,spirit_beast.heaven.water.02,滄瀾螭龍,spirit_beast.saint.water.05,九曲水麒麟,天品,聖品,3,1,10000,fivephase_fallback
spirit_fusion.v2:spirit_beast.heaven.metal.04:spirit_beast.heaven.water.03,spirit_beast.heaven.metal.04,星河貔貅,spirit_beast.heaven.water.03,寒月鯤鵬,spirit_beast.saint.water.06,玄淵蒼龍,天品,聖品,3,1,10000,fivephase_fallback
spirit_fusion.v2:spirit_beast.heaven.metal.04:spirit_beast.heaven.water.04,spirit_beast.heaven.metal.04,星河貔貅,spirit_beast.heaven.water.04,天河鮫靈,spirit_beast.saint.water.01,覆海玄武,天品,聖品,3,1,10000,fivephase_fallback
spirit_fusion.v2:spirit_beast.heaven.metal.04:spirit_beast.heaven.water.05,spirit_beast.heaven.metal.04,星河貔貅,spirit_beast.heaven.water.05,雨師青麟,spirit_beast.saint.water.02,北溟鯤鵬,天品,聖品,3,1,10000,fivephase_fallback
spirit_fusion.v2:spirit_beast.heaven.metal.04:spirit_beast.heaven.water.06,spirit_beast.heaven.metal.04,星河貔貅,spirit_beast.heaven.water.06,冰鑑應龍,spirit_beast.saint.water.03,洛川應龍,天品,聖品,3,1,10000,fivephase_fallback
spirit_fusion.v2:spirit_beast.heaven.fire.01:spirit_beast.heaven.metal.04,spirit_beast.heaven.fire.01,南離朱雀,spirit_beast.heaven.metal.04,星河貔貅,spirit_beast.saint.fire.04,赤帝狻猊,天品,聖品,3,1,10000,fivephase_fallback
spirit_fusion.v2:spirit_beast.heaven.fire.02:spirit_beast.heaven.metal.04,spirit_beast.heaven.fire.02,九轉丹凰,spirit_beast.heaven.metal.04,星河貔貅,spirit_beast.saint.fire.05,南明畢方,天品,聖品,3,1,10000,fivephase_fallback
spirit_fusion.v2:spirit_beast.heaven.fire.03:spirit_beast.heaven.metal.04,spirit_beast.heaven.fire.03,赤霄金烏,spirit_beast.heaven.metal.04,星河貔貅,spirit_beast.saint.fire.06,永燼燭龍,天品,聖品,3,1,10000,fivephase_fallback
spirit_fusion.v2:spirit_beast.heaven.fire.04:spirit_beast.heaven.metal.04,spirit_beast.heaven.fire.04,焚天狻猊,spirit_beast.heaven.metal.04,星河貔貅,spirit_beast.saint.fire.01,涅槃丹凰,天品,聖品,3,1,10000,fivephase_fallback
spirit_fusion.v2:spirit_beast.heaven.fire.05:spirit_beast.heaven.metal.04,spirit_beast.heaven.fire.05,流火畢方,spirit_beast.heaven.metal.04,星河貔貅,spirit_beast.saint.fire.02,九曜丹凰,天品,聖品,3,1,10000,fivephase_fallback
spirit_fusion.v2:spirit_beast.heaven.fire.06:spirit_beast.heaven.metal.04,spirit_beast.heaven.fire.06,燭炎天龍,spirit_beast.heaven.metal.04,星河貔貅,spirit_beast.saint.fire.03,焚霄朱雀,天品,聖品,3,1,10000,fivephase_fallback
spirit_fusion.v2:spirit_beast.heaven.earth.01:spirit_beast.heaven.metal.04,spirit_beast.heaven.earth.01,九天麒麟,spirit_beast.heaven.metal.04,星河貔貅,spirit_beast.saint.metal.04,九曜貔貅,天品,聖品,3,1,10000,fivephase_fallback
spirit_fusion.v2:spirit_beast.heaven.earth.02:spirit_beast.heaven.metal.04,spirit_beast.heaven.earth.02,不周神羆,spirit_beast.heaven.metal.04,星河貔貅,spirit_beast.saint.metal.05,裂空金犀,天品,聖品,3,1,10000,fivephase_fallback
spirit_fusion.v2:spirit_beast.heaven.earth.03:spirit_beast.heaven.metal.04,spirit_beast.heaven.earth.03,崑崙陸吾,spirit_beast.heaven.metal.04,星河貔貅,spirit_beast.saint.metal.06,萬器祖龍,天品,聖品,3,1,10000,fivephase_fallback
spirit_fusion.v2:spirit_beast.heaven.earth.04:spirit_beast.heaven.metal.04,spirit_beast.heaven.earth.04,壘嶽麒麟,spirit_beast.heaven.metal.04,星河貔貅,spirit_beast.saint.metal.01,白帝虎尊,天品,聖品,3,1,10000,fivephase_fallback
spirit_fusion.v2:spirit_beast.heaven.earth.05:spirit_beast.heaven.metal.04,spirit_beast.heaven.earth.05,地脈贔屭,spirit_beast.heaven.metal.04,星河貔貅,spirit_beast.saint.metal.02,鎮界金鵬,天品,聖品,3,1,10000,fivephase_fallback
spirit_fusion.v2:spirit_beast.heaven.earth.06:spirit_beast.heaven.metal.04,spirit_beast.heaven.earth.06,黃泉虯龍,spirit_beast.heaven.metal.04,星河貔貅,spirit_beast.saint.metal.03,太鋒天猙,天品,聖品,3,1,10000,fivephase_fallback
spirit_fusion.v2:spirit_beast.heaven.metal.05:spirit_beast.heaven.metal.05,spirit_beast.heaven.metal.05,斬嶽金麟,spirit_beast.heaven.metal.05,斬嶽金麟,spirit_beast.saint.metal.05,裂空金犀,天品,聖品,3,1,10000,same_species
spirit_fusion.v2:spirit_beast.heaven.metal.05:spirit_beast.heaven.metal.06,spirit_beast.heaven.metal.05,斬嶽金麟,spirit_beast.heaven.metal.06,靈樞應龍,spirit_beast.saint.metal.05,裂空金犀,天品,聖品,3,1,10000,named
spirit_fusion.v2:spirit_beast.heaven.metal.05:spirit_beast.heaven.wood.01,spirit_beast.heaven.metal.05,斬嶽金麟,spirit_beast.heaven.wood.01,青帝蒼鹿,spirit_beast.saint.metal.05,裂空金犀,天品,聖品,3,1,10000,fivephase_fallback
spirit_fusion.v2:spirit_beast.heaven.metal.05:spirit_beast.heaven.wood.02,spirit_beast.heaven.metal.05,斬嶽金麟,spirit_beast.heaven.wood.02,萬葉白澤,spirit_beast.saint.metal.06,萬器祖龍,天品,聖品,3,1,10000,fivephase_fallback
spirit_fusion.v2:spirit_beast.heaven.metal.05:spirit_beast.heaven.wood.03,spirit_beast.heaven.metal.05,斬嶽金麟,spirit_beast.heaven.wood.03,扶桑神猿,spirit_beast.saint.metal.01,白帝虎尊,天品,聖品,3,1,10000,fivephase_fallback
spirit_fusion.v2:spirit_beast.heaven.metal.05:spirit_beast.heaven.wood.04,spirit_beast.heaven.metal.05,斬嶽金麟,spirit_beast.heaven.wood.04,碧落青鸞,spirit_beast.saint.metal.02,鎮界金鵬,天品,聖品,3,1,10000,fivephase_fallback
spirit_fusion.v2:spirit_beast.heaven.metal.05:spirit_beast.heaven.wood.05,spirit_beast.heaven.metal.05,斬嶽金麟,spirit_beast.heaven.wood.05,花海九色鹿,spirit_beast.saint.metal.03,太鋒天猙,天品,聖品,3,1,10000,fivephase_fallback
spirit_fusion.v2:spirit_beast.heaven.metal.05:spirit_beast.heaven.wood.06,spirit_beast.heaven.metal.05,斬嶽金麟,spirit_beast.heaven.wood.06,長春麒麟,spirit_beast.saint.metal.04,九曜貔貅,天品,聖品,3,1,10000,fivephase_fallback
spirit_fusion.v2:spirit_beast.heaven.metal.05:spirit_beast.heaven.water.01,spirit_beast.heaven.metal.05,斬嶽金麟,spirit_beast.heaven.water.01,玄冥龍龜,spirit_beast.saint.water.05,九曲水麒麟,天品,聖品,3,1,10000,fivephase_fallback
spirit_fusion.v2:spirit_beast.heaven.metal.05:spirit_beast.heaven.water.02,spirit_beast.heaven.metal.05,斬嶽金麟,spirit_beast.heaven.water.02,滄瀾螭龍,spirit_beast.saint.water.06,玄淵蒼龍,天品,聖品,3,1,10000,fivephase_fallback
spirit_fusion.v2:spirit_beast.heaven.metal.05:spirit_beast.heaven.water.03,spirit_beast.heaven.metal.05,斬嶽金麟,spirit_beast.heaven.water.03,寒月鯤鵬,spirit_beast.saint.water.01,覆海玄武,天品,聖品,3,1,10000,fivephase_fallback
spirit_fusion.v2:spirit_beast.heaven.metal.05:spirit_beast.heaven.water.04,spirit_beast.heaven.metal.05,斬嶽金麟,spirit_beast.heaven.water.04,天河鮫靈,spirit_beast.saint.water.02,北溟鯤鵬,天品,聖品,3,1,10000,fivephase_fallback
spirit_fusion.v2:spirit_beast.heaven.metal.05:spirit_beast.heaven.water.05,spirit_beast.heaven.metal.05,斬嶽金麟,spirit_beast.heaven.water.05,雨師青麟,spirit_beast.saint.water.03,洛川應龍,天品,聖品,3,1,10000,fivephase_fallback
spirit_fusion.v2:spirit_beast.heaven.metal.05:spirit_beast.heaven.water.06,spirit_beast.heaven.metal.05,斬嶽金麟,spirit_beast.heaven.water.06,冰鑑應龍,spirit_beast.saint.water.04,雲夢鮫皇,天品,聖品,3,1,10000,fivephase_fallback
spirit_fusion.v2:spirit_beast.heaven.fire.01:spirit_beast.heaven.metal.05,spirit_beast.heaven.fire.01,南離朱雀,spirit_beast.heaven.metal.05,斬嶽金麟,spirit_beast.saint.fire.05,南明畢方,天品,聖品,3,1,10000,fivephase_fallback
spirit_fusion.v2:spirit_beast.heaven.fire.02:spirit_beast.heaven.metal.05,spirit_beast.heaven.fire.02,九轉丹凰,spirit_beast.heaven.metal.05,斬嶽金麟,spirit_beast.saint.fire.06,永燼燭龍,天品,聖品,3,1,10000,fivephase_fallback
spirit_fusion.v2:spirit_beast.heaven.fire.03:spirit_beast.heaven.metal.05,spirit_beast.heaven.fire.03,赤霄金烏,spirit_beast.heaven.metal.05,斬嶽金麟,spirit_beast.saint.fire.01,涅槃丹凰,天品,聖品,3,1,10000,fivephase_fallback
spirit_fusion.v2:spirit_beast.heaven.fire.04:spirit_beast.heaven.metal.05,spirit_beast.heaven.fire.04,焚天狻猊,spirit_beast.heaven.metal.05,斬嶽金麟,spirit_beast.saint.fire.02,九曜丹凰,天品,聖品,3,1,10000,fivephase_fallback
spirit_fusion.v2:spirit_beast.heaven.fire.05:spirit_beast.heaven.metal.05,spirit_beast.heaven.fire.05,流火畢方,spirit_beast.heaven.metal.05,斬嶽金麟,spirit_beast.saint.fire.03,焚霄朱雀,天品,聖品,3,1,10000,fivephase_fallback
spirit_fusion.v2:spirit_beast.heaven.fire.06:spirit_beast.heaven.metal.05,spirit_beast.heaven.fire.06,燭炎天龍,spirit_beast.heaven.metal.05,斬嶽金麟,spirit_beast.saint.fire.04,赤帝狻猊,天品,聖品,3,1,10000,fivephase_fallback
spirit_fusion.v2:spirit_beast.heaven.earth.01:spirit_beast.heaven.metal.05,spirit_beast.heaven.earth.01,九天麒麟,spirit_beast.heaven.metal.05,斬嶽金麟,spirit_beast.saint.metal.05,裂空金犀,天品,聖品,3,1,10000,fivephase_fallback
spirit_fusion.v2:spirit_beast.heaven.earth.02:spirit_beast.heaven.metal.05,spirit_beast.heaven.earth.02,不周神羆,spirit_beast.heaven.metal.05,斬嶽金麟,spirit_beast.saint.metal.06,萬器祖龍,天品,聖品,3,1,10000,fivephase_fallback
spirit_fusion.v2:spirit_beast.heaven.earth.03:spirit_beast.heaven.metal.05,spirit_beast.heaven.earth.03,崑崙陸吾,spirit_beast.heaven.metal.05,斬嶽金麟,spirit_beast.saint.metal.01,白帝虎尊,天品,聖品,3,1,10000,fivephase_fallback
spirit_fusion.v2:spirit_beast.heaven.earth.04:spirit_beast.heaven.metal.05,spirit_beast.heaven.earth.04,壘嶽麒麟,spirit_beast.heaven.metal.05,斬嶽金麟,spirit_beast.saint.metal.02,鎮界金鵬,天品,聖品,3,1,10000,fivephase_fallback
spirit_fusion.v2:spirit_beast.heaven.earth.05:spirit_beast.heaven.metal.05,spirit_beast.heaven.earth.05,地脈贔屭,spirit_beast.heaven.metal.05,斬嶽金麟,spirit_beast.saint.metal.03,太鋒天猙,天品,聖品,3,1,10000,fivephase_fallback
spirit_fusion.v2:spirit_beast.heaven.earth.06:spirit_beast.heaven.metal.05,spirit_beast.heaven.earth.06,黃泉虯龍,spirit_beast.heaven.metal.05,斬嶽金麟,spirit_beast.saint.metal.04,九曜貔貅,天品,聖品,3,1,10000,fivephase_fallback
spirit_fusion.v2:spirit_beast.heaven.metal.06:spirit_beast.heaven.metal.06,spirit_beast.heaven.metal.06,靈樞應龍,spirit_beast.heaven.metal.06,靈樞應龍,spirit_beast.saint.metal.06,萬器祖龍,天品,聖品,3,1,10000,same_species
spirit_fusion.v2:spirit_beast.heaven.metal.06:spirit_beast.heaven.wood.01,spirit_beast.heaven.metal.06,靈樞應龍,spirit_beast.heaven.wood.01,青帝蒼鹿,spirit_beast.saint.metal.06,萬器祖龍,天品,聖品,3,1,10000,fivephase_fallback
spirit_fusion.v2:spirit_beast.heaven.metal.06:spirit_beast.heaven.wood.02,spirit_beast.heaven.metal.06,靈樞應龍,spirit_beast.heaven.wood.02,萬葉白澤,spirit_beast.saint.metal.01,白帝虎尊,天品,聖品,3,1,10000,fivephase_fallback
spirit_fusion.v2:spirit_beast.heaven.metal.06:spirit_beast.heaven.wood.03,spirit_beast.heaven.metal.06,靈樞應龍,spirit_beast.heaven.wood.03,扶桑神猿,spirit_beast.saint.metal.02,鎮界金鵬,天品,聖品,3,1,10000,fivephase_fallback
spirit_fusion.v2:spirit_beast.heaven.metal.06:spirit_beast.heaven.wood.04,spirit_beast.heaven.metal.06,靈樞應龍,spirit_beast.heaven.wood.04,碧落青鸞,spirit_beast.saint.metal.03,太鋒天猙,天品,聖品,3,1,10000,fivephase_fallback
spirit_fusion.v2:spirit_beast.heaven.metal.06:spirit_beast.heaven.wood.05,spirit_beast.heaven.metal.06,靈樞應龍,spirit_beast.heaven.wood.05,花海九色鹿,spirit_beast.saint.metal.04,九曜貔貅,天品,聖品,3,1,10000,fivephase_fallback
spirit_fusion.v2:spirit_beast.heaven.metal.06:spirit_beast.heaven.wood.06,spirit_beast.heaven.metal.06,靈樞應龍,spirit_beast.heaven.wood.06,長春麒麟,spirit_beast.saint.metal.05,裂空金犀,天品,聖品,3,1,10000,fivephase_fallback
spirit_fusion.v2:spirit_beast.heaven.metal.06:spirit_beast.heaven.water.01,spirit_beast.heaven.metal.06,靈樞應龍,spirit_beast.heaven.water.01,玄冥龍龜,spirit_beast.saint.water.06,玄淵蒼龍,天品,聖品,3,1,10000,fivephase_fallback
spirit_fusion.v2:spirit_beast.heaven.metal.06:spirit_beast.heaven.water.02,spirit_beast.heaven.metal.06,靈樞應龍,spirit_beast.heaven.water.02,滄瀾螭龍,spirit_beast.saint.water.01,覆海玄武,天品,聖品,3,1,10000,fivephase_fallback
spirit_fusion.v2:spirit_beast.heaven.metal.06:spirit_beast.heaven.water.03,spirit_beast.heaven.metal.06,靈樞應龍,spirit_beast.heaven.water.03,寒月鯤鵬,spirit_beast.saint.water.02,北溟鯤鵬,天品,聖品,3,1,10000,fivephase_fallback
spirit_fusion.v2:spirit_beast.heaven.metal.06:spirit_beast.heaven.water.04,spirit_beast.heaven.metal.06,靈樞應龍,spirit_beast.heaven.water.04,天河鮫靈,spirit_beast.saint.water.03,洛川應龍,天品,聖品,3,1,10000,fivephase_fallback
spirit_fusion.v2:spirit_beast.heaven.metal.06:spirit_beast.heaven.water.05,spirit_beast.heaven.metal.06,靈樞應龍,spirit_beast.heaven.water.05,雨師青麟,spirit_beast.saint.water.04,雲夢鮫皇,天品,聖品,3,1,10000,fivephase_fallback
spirit_fusion.v2:spirit_beast.heaven.metal.06:spirit_beast.heaven.water.06,spirit_beast.heaven.metal.06,靈樞應龍,spirit_beast.heaven.water.06,冰鑑應龍,spirit_beast.saint.water.05,九曲水麒麟,天品,聖品,3,1,10000,fivephase_fallback
spirit_fusion.v2:spirit_beast.heaven.fire.01:spirit_beast.heaven.metal.06,spirit_beast.heaven.fire.01,南離朱雀,spirit_beast.heaven.metal.06,靈樞應龍,spirit_beast.saint.fire.06,永燼燭龍,天品,聖品,3,1,10000,fivephase_fallback
spirit_fusion.v2:spirit_beast.heaven.fire.02:spirit_beast.heaven.metal.06,spirit_beast.heaven.fire.02,九轉丹凰,spirit_beast.heaven.metal.06,靈樞應龍,spirit_beast.saint.fire.01,涅槃丹凰,天品,聖品,3,1,10000,fivephase_fallback
spirit_fusion.v2:spirit_beast.heaven.fire.03:spirit_beast.heaven.metal.06,spirit_beast.heaven.fire.03,赤霄金烏,spirit_beast.heaven.metal.06,靈樞應龍,spirit_beast.saint.fire.02,九曜丹凰,天品,聖品,3,1,10000,fivephase_fallback
spirit_fusion.v2:spirit_beast.heaven.fire.04:spirit_beast.heaven.metal.06,spirit_beast.heaven.fire.04,焚天狻猊,spirit_beast.heaven.metal.06,靈樞應龍,spirit_beast.saint.fire.03,焚霄朱雀,天品,聖品,3,1,10000,fivephase_fallback
spirit_fusion.v2:spirit_beast.heaven.fire.05:spirit_beast.heaven.metal.06,spirit_beast.heaven.fire.05,流火畢方,spirit_beast.heaven.metal.06,靈樞應龍,spirit_beast.saint.fire.04,赤帝狻猊,天品,聖品,3,1,10000,fivephase_fallback
spirit_fusion.v2:spirit_beast.heaven.fire.06:spirit_beast.heaven.metal.06,spirit_beast.heaven.fire.06,燭炎天龍,spirit_beast.heaven.metal.06,靈樞應龍,spirit_beast.saint.fire.05,南明畢方,天品,聖品,3,1,10000,fivephase_fallback
spirit_fusion.v2:spirit_beast.heaven.earth.01:spirit_beast.heaven.metal.06,spirit_beast.heaven.earth.01,九天麒麟,spirit_beast.heaven.metal.06,靈樞應龍,spirit_beast.saint.metal.06,萬器祖龍,天品,聖品,3,1,10000,fivephase_fallback
spirit_fusion.v2:spirit_beast.heaven.earth.02:spirit_beast.heaven.metal.06,spirit_beast.heaven.earth.02,不周神羆,spirit_beast.heaven.metal.06,靈樞應龍,spirit_beast.saint.metal.01,白帝虎尊,天品,聖品,3,1,10000,fivephase_fallback
spirit_fusion.v2:spirit_beast.heaven.earth.03:spirit_beast.heaven.metal.06,spirit_beast.heaven.earth.03,崑崙陸吾,spirit_beast.heaven.metal.06,靈樞應龍,spirit_beast.saint.metal.02,鎮界金鵬,天品,聖品,3,1,10000,fivephase_fallback
spirit_fusion.v2:spirit_beast.heaven.earth.04:spirit_beast.heaven.metal.06,spirit_beast.heaven.earth.04,壘嶽麒麟,spirit_beast.heaven.metal.06,靈樞應龍,spirit_beast.saint.metal.03,太鋒天猙,天品,聖品,3,1,10000,fivephase_fallback
spirit_fusion.v2:spirit_beast.heaven.earth.05:spirit_beast.heaven.metal.06,spirit_beast.heaven.earth.05,地脈贔屭,spirit_beast.heaven.metal.06,靈樞應龍,spirit_beast.saint.metal.04,九曜貔貅,天品,聖品,3,1,10000,fivephase_fallback
spirit_fusion.v2:spirit_beast.heaven.earth.06:spirit_beast.heaven.metal.06,spirit_beast.heaven.earth.06,黃泉虯龍,spirit_beast.heaven.metal.06,靈樞應龍,spirit_beast.saint.metal.05,裂空金犀,天品,聖品,3,1,10000,fivephase_fallback
spirit_fusion.v2:spirit_beast.heaven.wood.01:spirit_beast.heaven.wood.01,spirit_beast.heaven.wood.01,青帝蒼鹿,spirit_beast.heaven.wood.01,青帝蒼鹿,spirit_beast.saint.wood.01,神木白澤,天品,聖品,3,1,10000,same_species
spirit_fusion.v2:spirit_beast.heaven.wood.01:spirit_beast.heaven.wood.02,spirit_beast.heaven.wood.01,青帝蒼鹿,spirit_beast.heaven.wood.02,萬葉白澤,spirit_beast.saint.wood.01,神木白澤,天品,聖品,3,1,10000,named
spirit_fusion.v2:spirit_beast.heaven.wood.01:spirit_beast.heaven.wood.03,spirit_beast.heaven.wood.01,青帝蒼鹿,spirit_beast.heaven.wood.03,扶桑神猿,spirit_beast.saint.wood.03,萬藥仙猿,天品,聖品,3,1,10000,fivephase_fallback
spirit_fusion.v2:spirit_beast.heaven.wood.01:spirit_beast.heaven.wood.04,spirit_beast.heaven.wood.01,青帝蒼鹿,spirit_beast.heaven.wood.04,碧落青鸞,spirit_beast.saint.wood.04,榮枯九尾,天品,聖品,3,1,10000,fivephase_fallback
spirit_fusion.v2:spirit_beast.heaven.wood.01:spirit_beast.heaven.wood.05,spirit_beast.heaven.wood.01,青帝蒼鹿,spirit_beast.heaven.wood.05,花海九色鹿,spirit_beast.saint.wood.05,百華青鸞,天品,聖品,3,1,10000,fivephase_fallback
spirit_fusion.v2:spirit_beast.heaven.wood.01:spirit_beast.heaven.wood.06,spirit_beast.heaven.wood.01,青帝蒼鹿,spirit_beast.heaven.wood.06,長春麒麟,spirit_beast.saint.wood.06,玉枝祖麟,天品,聖品,3,1,10000,named
spirit_fusion.v2:spirit_beast.heaven.water.01:spirit_beast.heaven.wood.01,spirit_beast.heaven.water.01,玄冥龍龜,spirit_beast.heaven.wood.01,青帝蒼鹿,spirit_beast.saint.wood.01,神木白澤,天品,聖品,3,1,10000,fivephase_fallback
spirit_fusion.v2:spirit_beast.heaven.water.02:spirit_beast.heaven.wood.01,spirit_beast.heaven.water.02,滄瀾螭龍,spirit_beast.heaven.wood.01,青帝蒼鹿,spirit_beast.saint.wood.02,太初青龍,天品,聖品,3,1,10000,fivephase_fallback
spirit_fusion.v2:spirit_beast.heaven.water.03:spirit_beast.heaven.wood.01,spirit_beast.heaven.water.03,寒月鯤鵬,spirit_beast.heaven.wood.01,青帝蒼鹿,spirit_beast.saint.wood.03,萬藥仙猿,天品,聖品,3,1,10000,fivephase_fallback
spirit_fusion.v2:spirit_beast.heaven.water.04:spirit_beast.heaven.wood.01,spirit_beast.heaven.water.04,天河鮫靈,spirit_beast.heaven.wood.01,青帝蒼鹿,spirit_beast.saint.wood.04,榮枯九尾,天品,聖品,3,1,10000,fivephase_fallback
spirit_fusion.v2:spirit_beast.heaven.water.05:spirit_beast.heaven.wood.01,spirit_beast.heaven.water.05,雨師青麟,spirit_beast.heaven.wood.01,青帝蒼鹿,spirit_beast.saint.wood.05,百華青鸞,天品,聖品,3,1,10000,fivephase_fallback
spirit_fusion.v2:spirit_beast.heaven.water.06:spirit_beast.heaven.wood.01,spirit_beast.heaven.water.06,冰鑑應龍,spirit_beast.heaven.wood.01,青帝蒼鹿,spirit_beast.saint.wood.06,玉枝祖麟,天品,聖品,3,1,10000,fivephase_fallback
spirit_fusion.v2:spirit_beast.heaven.fire.01:spirit_beast.heaven.wood.01,spirit_beast.heaven.fire.01,南離朱雀,spirit_beast.heaven.wood.01,青帝蒼鹿,spirit_beast.saint.fire.01,涅槃丹凰,天品,聖品,3,1,10000,fivephase_fallback
spirit_fusion.v2:spirit_beast.heaven.fire.02:spirit_beast.heaven.wood.01,spirit_beast.heaven.fire.02,九轉丹凰,spirit_beast.heaven.wood.01,青帝蒼鹿,spirit_beast.saint.fire.02,九曜丹凰,天品,聖品,3,1,10000,fivephase_fallback
spirit_fusion.v2:spirit_beast.heaven.fire.03:spirit_beast.heaven.wood.01,spirit_beast.heaven.fire.03,赤霄金烏,spirit_beast.heaven.wood.01,青帝蒼鹿,spirit_beast.saint.fire.03,焚霄朱雀,天品,聖品,3,1,10000,fivephase_fallback
spirit_fusion.v2:spirit_beast.heaven.fire.04:spirit_beast.heaven.wood.01,spirit_beast.heaven.fire.04,焚天狻猊,spirit_beast.heaven.wood.01,青帝蒼鹿,spirit_beast.saint.fire.04,赤帝狻猊,天品,聖品,3,1,10000,fivephase_fallback
spirit_fusion.v2:spirit_beast.heaven.fire.05:spirit_beast.heaven.wood.01,spirit_beast.heaven.fire.05,流火畢方,spirit_beast.heaven.wood.01,青帝蒼鹿,spirit_beast.saint.fire.05,南明畢方,天品,聖品,3,1,10000,fivephase_fallback
spirit_fusion.v2:spirit_beast.heaven.fire.06:spirit_beast.heaven.wood.01,spirit_beast.heaven.fire.06,燭炎天龍,spirit_beast.heaven.wood.01,青帝蒼鹿,spirit_beast.saint.fire.06,永燼燭龍,天品,聖品,3,1,10000,fivephase_fallback
spirit_fusion.v2:spirit_beast.heaven.earth.01:spirit_beast.heaven.wood.01,spirit_beast.heaven.earth.01,九天麒麟,spirit_beast.heaven.wood.01,青帝蒼鹿,spirit_beast.saint.wood.01,神木白澤,天品,聖品,3,1,10000,fivephase_fallback
spirit_fusion.v2:spirit_beast.heaven.earth.02:spirit_beast.heaven.wood.01,spirit_beast.heaven.earth.02,不周神羆,spirit_beast.heaven.wood.01,青帝蒼鹿,spirit_beast.saint.wood.02,太初青龍,天品,聖品,3,1,10000,fivephase_fallback
spirit_fusion.v2:spirit_beast.heaven.earth.03:spirit_beast.heaven.wood.01,spirit_beast.heaven.earth.03,崑崙陸吾,spirit_beast.heaven.wood.01,青帝蒼鹿,spirit_beast.saint.wood.03,萬藥仙猿,天品,聖品,3,1,10000,fivephase_fallback
spirit_fusion.v2:spirit_beast.heaven.earth.04:spirit_beast.heaven.wood.01,spirit_beast.heaven.earth.04,壘嶽麒麟,spirit_beast.heaven.wood.01,青帝蒼鹿,spirit_beast.saint.wood.04,榮枯九尾,天品,聖品,3,1,10000,fivephase_fallback
spirit_fusion.v2:spirit_beast.heaven.earth.05:spirit_beast.heaven.wood.01,spirit_beast.heaven.earth.05,地脈贔屭,spirit_beast.heaven.wood.01,青帝蒼鹿,spirit_beast.saint.wood.05,百華青鸞,天品,聖品,3,1,10000,fivephase_fallback
spirit_fusion.v2:spirit_beast.heaven.earth.06:spirit_beast.heaven.wood.01,spirit_beast.heaven.earth.06,黃泉虯龍,spirit_beast.heaven.wood.01,青帝蒼鹿,spirit_beast.saint.wood.06,玉枝祖麟,天品,聖品,3,1,10000,fivephase_fallback
spirit_fusion.v2:spirit_beast.heaven.wood.02:spirit_beast.heaven.wood.02,spirit_beast.heaven.wood.02,萬葉白澤,spirit_beast.heaven.wood.02,萬葉白澤,spirit_beast.saint.wood.02,太初青龍,天品,聖品,3,1,10000,same_species
spirit_fusion.v2:spirit_beast.heaven.wood.02:spirit_beast.heaven.wood.03,spirit_beast.heaven.wood.02,萬葉白澤,spirit_beast.heaven.wood.03,扶桑神猿,spirit_beast.saint.wood.02,太初青龍,天品,聖品,3,1,10000,named
spirit_fusion.v2:spirit_beast.heaven.wood.02:spirit_beast.heaven.wood.04,spirit_beast.heaven.wood.02,萬葉白澤,spirit_beast.heaven.wood.04,碧落青鸞,spirit_beast.saint.wood.05,百華青鸞,天品,聖品,3,1,10000,fivephase_fallback
spirit_fusion.v2:spirit_beast.heaven.wood.02:spirit_beast.heaven.wood.05,spirit_beast.heaven.wood.02,萬葉白澤,spirit_beast.heaven.wood.05,花海九色鹿,spirit_beast.saint.wood.06,玉枝祖麟,天品,聖品,3,1,10000,fivephase_fallback
spirit_fusion.v2:spirit_beast.heaven.wood.02:spirit_beast.heaven.wood.06,spirit_beast.heaven.wood.02,萬葉白澤,spirit_beast.heaven.wood.06,長春麒麟,spirit_beast.saint.wood.01,神木白澤,天品,聖品,3,1,10000,fivephase_fallback
spirit_fusion.v2:spirit_beast.heaven.water.01:spirit_beast.heaven.wood.02,spirit_beast.heaven.water.01,玄冥龍龜,spirit_beast.heaven.wood.02,萬葉白澤,spirit_beast.saint.wood.02,太初青龍,天品,聖品,3,1,10000,fivephase_fallback
spirit_fusion.v2:spirit_beast.heaven.water.02:spirit_beast.heaven.wood.02,spirit_beast.heaven.water.02,滄瀾螭龍,spirit_beast.heaven.wood.02,萬葉白澤,spirit_beast.saint.wood.03,萬藥仙猿,天品,聖品,3,1,10000,fivephase_fallback
spirit_fusion.v2:spirit_beast.heaven.water.03:spirit_beast.heaven.wood.02,spirit_beast.heaven.water.03,寒月鯤鵬,spirit_beast.heaven.wood.02,萬葉白澤,spirit_beast.saint.wood.04,榮枯九尾,天品,聖品,3,1,10000,fivephase_fallback
spirit_fusion.v2:spirit_beast.heaven.water.04:spirit_beast.heaven.wood.02,spirit_beast.heaven.water.04,天河鮫靈,spirit_beast.heaven.wood.02,萬葉白澤,spirit_beast.saint.wood.05,百華青鸞,天品,聖品,3,1,10000,fivephase_fallback
spirit_fusion.v2:spirit_beast.heaven.water.05:spirit_beast.heaven.wood.02,spirit_beast.heaven.water.05,雨師青麟,spirit_beast.heaven.wood.02,萬葉白澤,spirit_beast.saint.wood.06,玉枝祖麟,天品,聖品,3,1,10000,fivephase_fallback
spirit_fusion.v2:spirit_beast.heaven.water.06:spirit_beast.heaven.wood.02,spirit_beast.heaven.water.06,冰鑑應龍,spirit_beast.heaven.wood.02,萬葉白澤,spirit_beast.saint.wood.01,神木白澤,天品,聖品,3,1,10000,fivephase_fallback
spirit_fusion.v2:spirit_beast.heaven.fire.01:spirit_beast.heaven.wood.02,spirit_beast.heaven.fire.01,南離朱雀,spirit_beast.heaven.wood.02,萬葉白澤,spirit_beast.saint.fire.02,九曜丹凰,天品,聖品,3,1,10000,fivephase_fallback
spirit_fusion.v2:spirit_beast.heaven.fire.02:spirit_beast.heaven.wood.02,spirit_beast.heaven.fire.02,九轉丹凰,spirit_beast.heaven.wood.02,萬葉白澤,spirit_beast.saint.fire.03,焚霄朱雀,天品,聖品,3,1,10000,fivephase_fallback
spirit_fusion.v2:spirit_beast.heaven.fire.03:spirit_beast.heaven.wood.02,spirit_beast.heaven.fire.03,赤霄金烏,spirit_beast.heaven.wood.02,萬葉白澤,spirit_beast.saint.fire.04,赤帝狻猊,天品,聖品,3,1,10000,fivephase_fallback
spirit_fusion.v2:spirit_beast.heaven.fire.04:spirit_beast.heaven.wood.02,spirit_beast.heaven.fire.04,焚天狻猊,spirit_beast.heaven.wood.02,萬葉白澤,spirit_beast.saint.fire.05,南明畢方,天品,聖品,3,1,10000,fivephase_fallback
spirit_fusion.v2:spirit_beast.heaven.fire.05:spirit_beast.heaven.wood.02,spirit_beast.heaven.fire.05,流火畢方,spirit_beast.heaven.wood.02,萬葉白澤,spirit_beast.saint.fire.06,永燼燭龍,天品,聖品,3,1,10000,fivephase_fallback
spirit_fusion.v2:spirit_beast.heaven.fire.06:spirit_beast.heaven.wood.02,spirit_beast.heaven.fire.06,燭炎天龍,spirit_beast.heaven.wood.02,萬葉白澤,spirit_beast.saint.fire.01,涅槃丹凰,天品,聖品,3,1,10000,fivephase_fallback
spirit_fusion.v2:spirit_beast.heaven.earth.01:spirit_beast.heaven.wood.02,spirit_beast.heaven.earth.01,九天麒麟,spirit_beast.heaven.wood.02,萬葉白澤,spirit_beast.saint.wood.02,太初青龍,天品,聖品,3,1,10000,fivephase_fallback
spirit_fusion.v2:spirit_beast.heaven.earth.02:spirit_beast.heaven.wood.02,spirit_beast.heaven.earth.02,不周神羆,spirit_beast.heaven.wood.02,萬葉白澤,spirit_beast.saint.wood.03,萬藥仙猿,天品,聖品,3,1,10000,fivephase_fallback
spirit_fusion.v2:spirit_beast.heaven.earth.03:spirit_beast.heaven.wood.02,spirit_beast.heaven.earth.03,崑崙陸吾,spirit_beast.heaven.wood.02,萬葉白澤,spirit_beast.saint.wood.04,榮枯九尾,天品,聖品,3,1,10000,fivephase_fallback
spirit_fusion.v2:spirit_beast.heaven.earth.04:spirit_beast.heaven.wood.02,spirit_beast.heaven.earth.04,壘嶽麒麟,spirit_beast.heaven.wood.02,萬葉白澤,spirit_beast.saint.wood.05,百華青鸞,天品,聖品,3,1,10000,fivephase_fallback
spirit_fusion.v2:spirit_beast.heaven.earth.05:spirit_beast.heaven.wood.02,spirit_beast.heaven.earth.05,地脈贔屭,spirit_beast.heaven.wood.02,萬葉白澤,spirit_beast.saint.wood.06,玉枝祖麟,天品,聖品,3,1,10000,fivephase_fallback
spirit_fusion.v2:spirit_beast.heaven.earth.06:spirit_beast.heaven.wood.02,spirit_beast.heaven.earth.06,黃泉虯龍,spirit_beast.heaven.wood.02,萬葉白澤,spirit_beast.saint.wood.01,神木白澤,天品,聖品,3,1,10000,fivephase_fallback
spirit_fusion.v2:spirit_beast.heaven.wood.03:spirit_beast.heaven.wood.03,spirit_beast.heaven.wood.03,扶桑神猿,spirit_beast.heaven.wood.03,扶桑神猿,spirit_beast.saint.wood.03,萬藥仙猿,天品,聖品,3,1,10000,same_species
spirit_fusion.v2:spirit_beast.heaven.wood.03:spirit_beast.heaven.wood.04,spirit_beast.heaven.wood.03,扶桑神猿,spirit_beast.heaven.wood.04,碧落青鸞,spirit_beast.saint.wood.03,萬藥仙猿,天品,聖品,3,1,10000,named
spirit_fusion.v2:spirit_beast.heaven.wood.03:spirit_beast.heaven.wood.05,spirit_beast.heaven.wood.03,扶桑神猿,spirit_beast.heaven.wood.05,花海九色鹿,spirit_beast.saint.wood.01,神木白澤,天品,聖品,3,1,10000,fivephase_fallback
spirit_fusion.v2:spirit_beast.heaven.wood.03:spirit_beast.heaven.wood.06,spirit_beast.heaven.wood.03,扶桑神猿,spirit_beast.heaven.wood.06,長春麒麟,spirit_beast.saint.wood.02,太初青龍,天品,聖品,3,1,10000,fivephase_fallback
spirit_fusion.v2:spirit_beast.heaven.water.01:spirit_beast.heaven.wood.03,spirit_beast.heaven.water.01,玄冥龍龜,spirit_beast.heaven.wood.03,扶桑神猿,spirit_beast.saint.wood.03,萬藥仙猿,天品,聖品,3,1,10000,fivephase_fallback
spirit_fusion.v2:spirit_beast.heaven.water.02:spirit_beast.heaven.wood.03,spirit_beast.heaven.water.02,滄瀾螭龍,spirit_beast.heaven.wood.03,扶桑神猿,spirit_beast.saint.wood.04,榮枯九尾,天品,聖品,3,1,10000,fivephase_fallback
spirit_fusion.v2:spirit_beast.heaven.water.03:spirit_beast.heaven.wood.03,spirit_beast.heaven.water.03,寒月鯤鵬,spirit_beast.heaven.wood.03,扶桑神猿,spirit_beast.saint.wood.05,百華青鸞,天品,聖品,3,1,10000,fivephase_fallback
spirit_fusion.v2:spirit_beast.heaven.water.04:spirit_beast.heaven.wood.03,spirit_beast.heaven.water.04,天河鮫靈,spirit_beast.heaven.wood.03,扶桑神猿,spirit_beast.saint.wood.06,玉枝祖麟,天品,聖品,3,1,10000,fivephase_fallback
spirit_fusion.v2:spirit_beast.heaven.water.05:spirit_beast.heaven.wood.03,spirit_beast.heaven.water.05,雨師青麟,spirit_beast.heaven.wood.03,扶桑神猿,spirit_beast.saint.wood.01,神木白澤,天品,聖品,3,1,10000,fivephase_fallback
spirit_fusion.v2:spirit_beast.heaven.water.06:spirit_beast.heaven.wood.03,spirit_beast.heaven.water.06,冰鑑應龍,spirit_beast.heaven.wood.03,扶桑神猿,spirit_beast.saint.wood.02,太初青龍,天品,聖品,3,1,10000,fivephase_fallback
spirit_fusion.v2:spirit_beast.heaven.fire.01:spirit_beast.heaven.wood.03,spirit_beast.heaven.fire.01,南離朱雀,spirit_beast.heaven.wood.03,扶桑神猿,spirit_beast.saint.fire.03,焚霄朱雀,天品,聖品,3,1,10000,fivephase_fallback
spirit_fusion.v2:spirit_beast.heaven.fire.02:spirit_beast.heaven.wood.03,spirit_beast.heaven.fire.02,九轉丹凰,spirit_beast.heaven.wood.03,扶桑神猿,spirit_beast.saint.fire.04,赤帝狻猊,天品,聖品,3,1,10000,fivephase_fallback
spirit_fusion.v2:spirit_beast.heaven.fire.03:spirit_beast.heaven.wood.03,spirit_beast.heaven.fire.03,赤霄金烏,spirit_beast.heaven.wood.03,扶桑神猿,spirit_beast.saint.fire.05,南明畢方,天品,聖品,3,1,10000,fivephase_fallback
spirit_fusion.v2:spirit_beast.heaven.fire.04:spirit_beast.heaven.wood.03,spirit_beast.heaven.fire.04,焚天狻猊,spirit_beast.heaven.wood.03,扶桑神猿,spirit_beast.saint.fire.06,永燼燭龍,天品,聖品,3,1,10000,fivephase_fallback
spirit_fusion.v2:spirit_beast.heaven.fire.05:spirit_beast.heaven.wood.03,spirit_beast.heaven.fire.05,流火畢方,spirit_beast.heaven.wood.03,扶桑神猿,spirit_beast.saint.fire.01,涅槃丹凰,天品,聖品,3,1,10000,fivephase_fallback
spirit_fusion.v2:spirit_beast.heaven.fire.06:spirit_beast.heaven.wood.03,spirit_beast.heaven.fire.06,燭炎天龍,spirit_beast.heaven.wood.03,扶桑神猿,spirit_beast.saint.fire.02,九曜丹凰,天品,聖品,3,1,10000,fivephase_fallback
spirit_fusion.v2:spirit_beast.heaven.earth.01:spirit_beast.heaven.wood.03,spirit_beast.heaven.earth.01,九天麒麟,spirit_beast.heaven.wood.03,扶桑神猿,spirit_beast.saint.wood.03,萬藥仙猿,天品,聖品,3,1,10000,fivephase_fallback
spirit_fusion.v2:spirit_beast.heaven.earth.02:spirit_beast.heaven.wood.03,spirit_beast.heaven.earth.02,不周神羆,spirit_beast.heaven.wood.03,扶桑神猿,spirit_beast.saint.wood.04,榮枯九尾,天品,聖品,3,1,10000,fivephase_fallback
spirit_fusion.v2:spirit_beast.heaven.earth.03:spirit_beast.heaven.wood.03,spirit_beast.heaven.earth.03,崑崙陸吾,spirit_beast.heaven.wood.03,扶桑神猿,spirit_beast.saint.wood.05,百華青鸞,天品,聖品,3,1,10000,fivephase_fallback
spirit_fusion.v2:spirit_beast.heaven.earth.04:spirit_beast.heaven.wood.03,spirit_beast.heaven.earth.04,壘嶽麒麟,spirit_beast.heaven.wood.03,扶桑神猿,spirit_beast.saint.wood.06,玉枝祖麟,天品,聖品,3,1,10000,fivephase_fallback
spirit_fusion.v2:spirit_beast.heaven.earth.05:spirit_beast.heaven.wood.03,spirit_beast.heaven.earth.05,地脈贔屭,spirit_beast.heaven.wood.03,扶桑神猿,spirit_beast.saint.wood.01,神木白澤,天品,聖品,3,1,10000,fivephase_fallback
spirit_fusion.v2:spirit_beast.heaven.earth.06:spirit_beast.heaven.wood.03,spirit_beast.heaven.earth.06,黃泉虯龍,spirit_beast.heaven.wood.03,扶桑神猿,spirit_beast.saint.wood.02,太初青龍,天品,聖品,3,1,10000,fivephase_fallback
spirit_fusion.v2:spirit_beast.heaven.wood.04:spirit_beast.heaven.wood.04,spirit_beast.heaven.wood.04,碧落青鸞,spirit_beast.heaven.wood.04,碧落青鸞,spirit_beast.saint.wood.04,榮枯九尾,天品,聖品,3,1,10000,same_species
spirit_fusion.v2:spirit_beast.heaven.wood.04:spirit_beast.heaven.wood.05,spirit_beast.heaven.wood.04,碧落青鸞,spirit_beast.heaven.wood.05,花海九色鹿,spirit_beast.saint.wood.04,榮枯九尾,天品,聖品,3,1,10000,named
spirit_fusion.v2:spirit_beast.heaven.wood.04:spirit_beast.heaven.wood.06,spirit_beast.heaven.wood.04,碧落青鸞,spirit_beast.heaven.wood.06,長春麒麟,spirit_beast.saint.wood.03,萬藥仙猿,天品,聖品,3,1,10000,fivephase_fallback
spirit_fusion.v2:spirit_beast.heaven.water.01:spirit_beast.heaven.wood.04,spirit_beast.heaven.water.01,玄冥龍龜,spirit_beast.heaven.wood.04,碧落青鸞,spirit_beast.saint.wood.04,榮枯九尾,天品,聖品,3,1,10000,fivephase_fallback
spirit_fusion.v2:spirit_beast.heaven.water.02:spirit_beast.heaven.wood.04,spirit_beast.heaven.water.02,滄瀾螭龍,spirit_beast.heaven.wood.04,碧落青鸞,spirit_beast.saint.wood.05,百華青鸞,天品,聖品,3,1,10000,fivephase_fallback
spirit_fusion.v2:spirit_beast.heaven.water.03:spirit_beast.heaven.wood.04,spirit_beast.heaven.water.03,寒月鯤鵬,spirit_beast.heaven.wood.04,碧落青鸞,spirit_beast.saint.wood.06,玉枝祖麟,天品,聖品,3,1,10000,fivephase_fallback
spirit_fusion.v2:spirit_beast.heaven.water.04:spirit_beast.heaven.wood.04,spirit_beast.heaven.water.04,天河鮫靈,spirit_beast.heaven.wood.04,碧落青鸞,spirit_beast.saint.wood.01,神木白澤,天品,聖品,3,1,10000,fivephase_fallback
spirit_fusion.v2:spirit_beast.heaven.water.05:spirit_beast.heaven.wood.04,spirit_beast.heaven.water.05,雨師青麟,spirit_beast.heaven.wood.04,碧落青鸞,spirit_beast.saint.wood.02,太初青龍,天品,聖品,3,1,10000,fivephase_fallback
spirit_fusion.v2:spirit_beast.heaven.water.06:spirit_beast.heaven.wood.04,spirit_beast.heaven.water.06,冰鑑應龍,spirit_beast.heaven.wood.04,碧落青鸞,spirit_beast.saint.wood.03,萬藥仙猿,天品,聖品,3,1,10000,fivephase_fallback
spirit_fusion.v2:spirit_beast.heaven.fire.01:spirit_beast.heaven.wood.04,spirit_beast.heaven.fire.01,南離朱雀,spirit_beast.heaven.wood.04,碧落青鸞,spirit_beast.saint.fire.04,赤帝狻猊,天品,聖品,3,1,10000,fivephase_fallback
spirit_fusion.v2:spirit_beast.heaven.fire.02:spirit_beast.heaven.wood.04,spirit_beast.heaven.fire.02,九轉丹凰,spirit_beast.heaven.wood.04,碧落青鸞,spirit_beast.saint.fire.05,南明畢方,天品,聖品,3,1,10000,fivephase_fallback
spirit_fusion.v2:spirit_beast.heaven.fire.03:spirit_beast.heaven.wood.04,spirit_beast.heaven.fire.03,赤霄金烏,spirit_beast.heaven.wood.04,碧落青鸞,spirit_beast.saint.fire.06,永燼燭龍,天品,聖品,3,1,10000,fivephase_fallback
spirit_fusion.v2:spirit_beast.heaven.fire.04:spirit_beast.heaven.wood.04,spirit_beast.heaven.fire.04,焚天狻猊,spirit_beast.heaven.wood.04,碧落青鸞,spirit_beast.saint.fire.01,涅槃丹凰,天品,聖品,3,1,10000,fivephase_fallback
spirit_fusion.v2:spirit_beast.heaven.fire.05:spirit_beast.heaven.wood.04,spirit_beast.heaven.fire.05,流火畢方,spirit_beast.heaven.wood.04,碧落青鸞,spirit_beast.saint.fire.02,九曜丹凰,天品,聖品,3,1,10000,fivephase_fallback
spirit_fusion.v2:spirit_beast.heaven.fire.06:spirit_beast.heaven.wood.04,spirit_beast.heaven.fire.06,燭炎天龍,spirit_beast.heaven.wood.04,碧落青鸞,spirit_beast.saint.fire.03,焚霄朱雀,天品,聖品,3,1,10000,fivephase_fallback
spirit_fusion.v2:spirit_beast.heaven.earth.01:spirit_beast.heaven.wood.04,spirit_beast.heaven.earth.01,九天麒麟,spirit_beast.heaven.wood.04,碧落青鸞,spirit_beast.saint.wood.04,榮枯九尾,天品,聖品,3,1,10000,fivephase_fallback
spirit_fusion.v2:spirit_beast.heaven.earth.02:spirit_beast.heaven.wood.04,spirit_beast.heaven.earth.02,不周神羆,spirit_beast.heaven.wood.04,碧落青鸞,spirit_beast.saint.wood.05,百華青鸞,天品,聖品,3,1,10000,fivephase_fallback
spirit_fusion.v2:spirit_beast.heaven.earth.03:spirit_beast.heaven.wood.04,spirit_beast.heaven.earth.03,崑崙陸吾,spirit_beast.heaven.wood.04,碧落青鸞,spirit_beast.saint.wood.06,玉枝祖麟,天品,聖品,3,1,10000,fivephase_fallback
spirit_fusion.v2:spirit_beast.heaven.earth.04:spirit_beast.heaven.wood.04,spirit_beast.heaven.earth.04,壘嶽麒麟,spirit_beast.heaven.wood.04,碧落青鸞,spirit_beast.saint.wood.01,神木白澤,天品,聖品,3,1,10000,fivephase_fallback
spirit_fusion.v2:spirit_beast.heaven.earth.05:spirit_beast.heaven.wood.04,spirit_beast.heaven.earth.05,地脈贔屭,spirit_beast.heaven.wood.04,碧落青鸞,spirit_beast.saint.wood.02,太初青龍,天品,聖品,3,1,10000,fivephase_fallback
spirit_fusion.v2:spirit_beast.heaven.earth.06:spirit_beast.heaven.wood.04,spirit_beast.heaven.earth.06,黃泉虯龍,spirit_beast.heaven.wood.04,碧落青鸞,spirit_beast.saint.wood.03,萬藥仙猿,天品,聖品,3,1,10000,fivephase_fallback
spirit_fusion.v2:spirit_beast.heaven.wood.05:spirit_beast.heaven.wood.05,spirit_beast.heaven.wood.05,花海九色鹿,spirit_beast.heaven.wood.05,花海九色鹿,spirit_beast.saint.wood.05,百華青鸞,天品,聖品,3,1,10000,same_species
spirit_fusion.v2:spirit_beast.heaven.wood.05:spirit_beast.heaven.wood.06,spirit_beast.heaven.wood.05,花海九色鹿,spirit_beast.heaven.wood.06,長春麒麟,spirit_beast.saint.wood.05,百華青鸞,天品,聖品,3,1,10000,named
spirit_fusion.v2:spirit_beast.heaven.water.01:spirit_beast.heaven.wood.05,spirit_beast.heaven.water.01,玄冥龍龜,spirit_beast.heaven.wood.05,花海九色鹿,spirit_beast.saint.wood.05,百華青鸞,天品,聖品,3,1,10000,fivephase_fallback
spirit_fusion.v2:spirit_beast.heaven.water.02:spirit_beast.heaven.wood.05,spirit_beast.heaven.water.02,滄瀾螭龍,spirit_beast.heaven.wood.05,花海九色鹿,spirit_beast.saint.wood.06,玉枝祖麟,天品,聖品,3,1,10000,fivephase_fallback
spirit_fusion.v2:spirit_beast.heaven.water.03:spirit_beast.heaven.wood.05,spirit_beast.heaven.water.03,寒月鯤鵬,spirit_beast.heaven.wood.05,花海九色鹿,spirit_beast.saint.wood.01,神木白澤,天品,聖品,3,1,10000,fivephase_fallback
spirit_fusion.v2:spirit_beast.heaven.water.04:spirit_beast.heaven.wood.05,spirit_beast.heaven.water.04,天河鮫靈,spirit_beast.heaven.wood.05,花海九色鹿,spirit_beast.saint.wood.02,太初青龍,天品,聖品,3,1,10000,fivephase_fallback
spirit_fusion.v2:spirit_beast.heaven.water.05:spirit_beast.heaven.wood.05,spirit_beast.heaven.water.05,雨師青麟,spirit_beast.heaven.wood.05,花海九色鹿,spirit_beast.saint.wood.03,萬藥仙猿,天品,聖品,3,1,10000,fivephase_fallback
spirit_fusion.v2:spirit_beast.heaven.water.06:spirit_beast.heaven.wood.05,spirit_beast.heaven.water.06,冰鑑應龍,spirit_beast.heaven.wood.05,花海九色鹿,spirit_beast.saint.wood.04,榮枯九尾,天品,聖品,3,1,10000,fivephase_fallback
spirit_fusion.v2:spirit_beast.heaven.fire.01:spirit_beast.heaven.wood.05,spirit_beast.heaven.fire.01,南離朱雀,spirit_beast.heaven.wood.05,花海九色鹿,spirit_beast.saint.fire.05,南明畢方,天品,聖品,3,1,10000,fivephase_fallback
spirit_fusion.v2:spirit_beast.heaven.fire.02:spirit_beast.heaven.wood.05,spirit_beast.heaven.fire.02,九轉丹凰,spirit_beast.heaven.wood.05,花海九色鹿,spirit_beast.saint.fire.06,永燼燭龍,天品,聖品,3,1,10000,fivephase_fallback
spirit_fusion.v2:spirit_beast.heaven.fire.03:spirit_beast.heaven.wood.05,spirit_beast.heaven.fire.03,赤霄金烏,spirit_beast.heaven.wood.05,花海九色鹿,spirit_beast.saint.fire.01,涅槃丹凰,天品,聖品,3,1,10000,fivephase_fallback
spirit_fusion.v2:spirit_beast.heaven.fire.04:spirit_beast.heaven.wood.05,spirit_beast.heaven.fire.04,焚天狻猊,spirit_beast.heaven.wood.05,花海九色鹿,spirit_beast.saint.fire.02,九曜丹凰,天品,聖品,3,1,10000,fivephase_fallback
spirit_fusion.v2:spirit_beast.heaven.fire.05:spirit_beast.heaven.wood.05,spirit_beast.heaven.fire.05,流火畢方,spirit_beast.heaven.wood.05,花海九色鹿,spirit_beast.saint.fire.03,焚霄朱雀,天品,聖品,3,1,10000,fivephase_fallback
spirit_fusion.v2:spirit_beast.heaven.fire.06:spirit_beast.heaven.wood.05,spirit_beast.heaven.fire.06,燭炎天龍,spirit_beast.heaven.wood.05,花海九色鹿,spirit_beast.saint.fire.04,赤帝狻猊,天品,聖品,3,1,10000,fivephase_fallback
spirit_fusion.v2:spirit_beast.heaven.earth.01:spirit_beast.heaven.wood.05,spirit_beast.heaven.earth.01,九天麒麟,spirit_beast.heaven.wood.05,花海九色鹿,spirit_beast.saint.wood.05,百華青鸞,天品,聖品,3,1,10000,fivephase_fallback
spirit_fusion.v2:spirit_beast.heaven.earth.02:spirit_beast.heaven.wood.05,spirit_beast.heaven.earth.02,不周神羆,spirit_beast.heaven.wood.05,花海九色鹿,spirit_beast.saint.wood.06,玉枝祖麟,天品,聖品,3,1,10000,fivephase_fallback
spirit_fusion.v2:spirit_beast.heaven.earth.03:spirit_beast.heaven.wood.05,spirit_beast.heaven.earth.03,崑崙陸吾,spirit_beast.heaven.wood.05,花海九色鹿,spirit_beast.saint.wood.01,神木白澤,天品,聖品,3,1,10000,fivephase_fallback
spirit_fusion.v2:spirit_beast.heaven.earth.04:spirit_beast.heaven.wood.05,spirit_beast.heaven.earth.04,壘嶽麒麟,spirit_beast.heaven.wood.05,花海九色鹿,spirit_beast.saint.wood.02,太初青龍,天品,聖品,3,1,10000,fivephase_fallback
spirit_fusion.v2:spirit_beast.heaven.earth.05:spirit_beast.heaven.wood.05,spirit_beast.heaven.earth.05,地脈贔屭,spirit_beast.heaven.wood.05,花海九色鹿,spirit_beast.saint.wood.03,萬藥仙猿,天品,聖品,3,1,10000,fivephase_fallback
spirit_fusion.v2:spirit_beast.heaven.earth.06:spirit_beast.heaven.wood.05,spirit_beast.heaven.earth.06,黃泉虯龍,spirit_beast.heaven.wood.05,花海九色鹿,spirit_beast.saint.wood.04,榮枯九尾,天品,聖品,3,1,10000,fivephase_fallback
spirit_fusion.v2:spirit_beast.heaven.wood.06:spirit_beast.heaven.wood.06,spirit_beast.heaven.wood.06,長春麒麟,spirit_beast.heaven.wood.06,長春麒麟,spirit_beast.saint.wood.06,玉枝祖麟,天品,聖品,3,1,10000,same_species
spirit_fusion.v2:spirit_beast.heaven.water.01:spirit_beast.heaven.wood.06,spirit_beast.heaven.water.01,玄冥龍龜,spirit_beast.heaven.wood.06,長春麒麟,spirit_beast.saint.wood.06,玉枝祖麟,天品,聖品,3,1,10000,fivephase_fallback
spirit_fusion.v2:spirit_beast.heaven.water.02:spirit_beast.heaven.wood.06,spirit_beast.heaven.water.02,滄瀾螭龍,spirit_beast.heaven.wood.06,長春麒麟,spirit_beast.saint.wood.01,神木白澤,天品,聖品,3,1,10000,fivephase_fallback
spirit_fusion.v2:spirit_beast.heaven.water.03:spirit_beast.heaven.wood.06,spirit_beast.heaven.water.03,寒月鯤鵬,spirit_beast.heaven.wood.06,長春麒麟,spirit_beast.saint.wood.02,太初青龍,天品,聖品,3,1,10000,fivephase_fallback
spirit_fusion.v2:spirit_beast.heaven.water.04:spirit_beast.heaven.wood.06,spirit_beast.heaven.water.04,天河鮫靈,spirit_beast.heaven.wood.06,長春麒麟,spirit_beast.saint.wood.03,萬藥仙猿,天品,聖品,3,1,10000,fivephase_fallback
spirit_fusion.v2:spirit_beast.heaven.water.05:spirit_beast.heaven.wood.06,spirit_beast.heaven.water.05,雨師青麟,spirit_beast.heaven.wood.06,長春麒麟,spirit_beast.saint.wood.04,榮枯九尾,天品,聖品,3,1,10000,fivephase_fallback
spirit_fusion.v2:spirit_beast.heaven.water.06:spirit_beast.heaven.wood.06,spirit_beast.heaven.water.06,冰鑑應龍,spirit_beast.heaven.wood.06,長春麒麟,spirit_beast.saint.wood.05,百華青鸞,天品,聖品,3,1,10000,fivephase_fallback
spirit_fusion.v2:spirit_beast.heaven.fire.01:spirit_beast.heaven.wood.06,spirit_beast.heaven.fire.01,南離朱雀,spirit_beast.heaven.wood.06,長春麒麟,spirit_beast.saint.fire.06,永燼燭龍,天品,聖品,3,1,10000,fivephase_fallback
spirit_fusion.v2:spirit_beast.heaven.fire.02:spirit_beast.heaven.wood.06,spirit_beast.heaven.fire.02,九轉丹凰,spirit_beast.heaven.wood.06,長春麒麟,spirit_beast.saint.fire.01,涅槃丹凰,天品,聖品,3,1,10000,fivephase_fallback
spirit_fusion.v2:spirit_beast.heaven.fire.03:spirit_beast.heaven.wood.06,spirit_beast.heaven.fire.03,赤霄金烏,spirit_beast.heaven.wood.06,長春麒麟,spirit_beast.saint.fire.02,九曜丹凰,天品,聖品,3,1,10000,fivephase_fallback
spirit_fusion.v2:spirit_beast.heaven.fire.04:spirit_beast.heaven.wood.06,spirit_beast.heaven.fire.04,焚天狻猊,spirit_beast.heaven.wood.06,長春麒麟,spirit_beast.saint.fire.03,焚霄朱雀,天品,聖品,3,1,10000,fivephase_fallback
spirit_fusion.v2:spirit_beast.heaven.fire.05:spirit_beast.heaven.wood.06,spirit_beast.heaven.fire.05,流火畢方,spirit_beast.heaven.wood.06,長春麒麟,spirit_beast.saint.fire.04,赤帝狻猊,天品,聖品,3,1,10000,fivephase_fallback
spirit_fusion.v2:spirit_beast.heaven.fire.06:spirit_beast.heaven.wood.06,spirit_beast.heaven.fire.06,燭炎天龍,spirit_beast.heaven.wood.06,長春麒麟,spirit_beast.saint.fire.05,南明畢方,天品,聖品,3,1,10000,fivephase_fallback
spirit_fusion.v2:spirit_beast.heaven.earth.01:spirit_beast.heaven.wood.06,spirit_beast.heaven.earth.01,九天麒麟,spirit_beast.heaven.wood.06,長春麒麟,spirit_beast.saint.wood.06,玉枝祖麟,天品,聖品,3,1,10000,fivephase_fallback
spirit_fusion.v2:spirit_beast.heaven.earth.02:spirit_beast.heaven.wood.06,spirit_beast.heaven.earth.02,不周神羆,spirit_beast.heaven.wood.06,長春麒麟,spirit_beast.saint.wood.01,神木白澤,天品,聖品,3,1,10000,fivephase_fallback
spirit_fusion.v2:spirit_beast.heaven.earth.03:spirit_beast.heaven.wood.06,spirit_beast.heaven.earth.03,崑崙陸吾,spirit_beast.heaven.wood.06,長春麒麟,spirit_beast.saint.wood.02,太初青龍,天品,聖品,3,1,10000,fivephase_fallback
spirit_fusion.v2:spirit_beast.heaven.earth.04:spirit_beast.heaven.wood.06,spirit_beast.heaven.earth.04,壘嶽麒麟,spirit_beast.heaven.wood.06,長春麒麟,spirit_beast.saint.wood.03,萬藥仙猿,天品,聖品,3,1,10000,fivephase_fallback
spirit_fusion.v2:spirit_beast.heaven.earth.05:spirit_beast.heaven.wood.06,spirit_beast.heaven.earth.05,地脈贔屭,spirit_beast.heaven.wood.06,長春麒麟,spirit_beast.saint.wood.04,榮枯九尾,天品,聖品,3,1,10000,fivephase_fallback
spirit_fusion.v2:spirit_beast.heaven.earth.06:spirit_beast.heaven.wood.06,spirit_beast.heaven.earth.06,黃泉虯龍,spirit_beast.heaven.wood.06,長春麒麟,spirit_beast.saint.wood.05,百華青鸞,天品,聖品,3,1,10000,fivephase_fallback
spirit_fusion.v2:spirit_beast.heaven.water.01:spirit_beast.heaven.water.01,spirit_beast.heaven.water.01,玄冥龍龜,spirit_beast.heaven.water.01,玄冥龍龜,spirit_beast.saint.water.01,覆海玄武,天品,聖品,3,1,10000,same_species
spirit_fusion.v2:spirit_beast.heaven.water.01:spirit_beast.heaven.water.02,spirit_beast.heaven.water.01,玄冥龍龜,spirit_beast.heaven.water.02,滄瀾螭龍,spirit_beast.saint.water.01,覆海玄武,天品,聖品,3,1,10000,named
spirit_fusion.v2:spirit_beast.heaven.water.01:spirit_beast.heaven.water.03,spirit_beast.heaven.water.01,玄冥龍龜,spirit_beast.heaven.water.03,寒月鯤鵬,spirit_beast.saint.water.03,洛川應龍,天品,聖品,3,1,10000,fivephase_fallback
spirit_fusion.v2:spirit_beast.heaven.water.01:spirit_beast.heaven.water.04,spirit_beast.heaven.water.01,玄冥龍龜,spirit_beast.heaven.water.04,天河鮫靈,spirit_beast.saint.water.04,雲夢鮫皇,天品,聖品,3,1,10000,fivephase_fallback
spirit_fusion.v2:spirit_beast.heaven.water.01:spirit_beast.heaven.water.05,spirit_beast.heaven.water.01,玄冥龍龜,spirit_beast.heaven.water.05,雨師青麟,spirit_beast.saint.water.05,九曲水麒麟,天品,聖品,3,1,10000,fivephase_fallback
spirit_fusion.v2:spirit_beast.heaven.water.01:spirit_beast.heaven.water.06,spirit_beast.heaven.water.01,玄冥龍龜,spirit_beast.heaven.water.06,冰鑑應龍,spirit_beast.saint.water.06,玄淵蒼龍,天品,聖品,3,1,10000,named
spirit_fusion.v2:spirit_beast.heaven.fire.01:spirit_beast.heaven.water.01,spirit_beast.heaven.fire.01,南離朱雀,spirit_beast.heaven.water.01,玄冥龍龜,spirit_beast.saint.water.01,覆海玄武,天品,聖品,3,1,10000,fivephase_fallback
spirit_fusion.v2:spirit_beast.heaven.fire.02:spirit_beast.heaven.water.01,spirit_beast.heaven.fire.02,九轉丹凰,spirit_beast.heaven.water.01,玄冥龍龜,spirit_beast.saint.water.02,北溟鯤鵬,天品,聖品,3,1,10000,fivephase_fallback
spirit_fusion.v2:spirit_beast.heaven.fire.03:spirit_beast.heaven.water.01,spirit_beast.heaven.fire.03,赤霄金烏,spirit_beast.heaven.water.01,玄冥龍龜,spirit_beast.saint.water.03,洛川應龍,天品,聖品,3,1,10000,fivephase_fallback
spirit_fusion.v2:spirit_beast.heaven.fire.04:spirit_beast.heaven.water.01,spirit_beast.heaven.fire.04,焚天狻猊,spirit_beast.heaven.water.01,玄冥龍龜,spirit_beast.saint.water.04,雲夢鮫皇,天品,聖品,3,1,10000,fivephase_fallback
spirit_fusion.v2:spirit_beast.heaven.fire.05:spirit_beast.heaven.water.01,spirit_beast.heaven.fire.05,流火畢方,spirit_beast.heaven.water.01,玄冥龍龜,spirit_beast.saint.water.05,九曲水麒麟,天品,聖品,3,1,10000,fivephase_fallback
spirit_fusion.v2:spirit_beast.heaven.fire.06:spirit_beast.heaven.water.01,spirit_beast.heaven.fire.06,燭炎天龍,spirit_beast.heaven.water.01,玄冥龍龜,spirit_beast.saint.water.06,玄淵蒼龍,天品,聖品,3,1,10000,fivephase_fallback
spirit_fusion.v2:spirit_beast.heaven.earth.01:spirit_beast.heaven.water.01,spirit_beast.heaven.earth.01,九天麒麟,spirit_beast.heaven.water.01,玄冥龍龜,spirit_beast.saint.earth.01,九天麒麟,天品,聖品,3,1,10000,fivephase_fallback
spirit_fusion.v2:spirit_beast.heaven.earth.02:spirit_beast.heaven.water.01,spirit_beast.heaven.earth.02,不周神羆,spirit_beast.heaven.water.01,玄冥龍龜,spirit_beast.saint.earth.02,鎮界贔屭,天品,聖品,3,1,10000,fivephase_fallback
spirit_fusion.v2:spirit_beast.heaven.earth.03:spirit_beast.heaven.water.01,spirit_beast.heaven.earth.03,崑崙陸吾,spirit_beast.heaven.water.01,玄冥龍龜,spirit_beast.saint.earth.03,不周巨靈,天品,聖品,3,1,10000,fivephase_fallback
spirit_fusion.v2:spirit_beast.heaven.earth.04:spirit_beast.heaven.water.01,spirit_beast.heaven.earth.04,壘嶽麒麟,spirit_beast.heaven.water.01,玄冥龍龜,spirit_beast.saint.earth.04,開明神獸,天品,聖品,3,1,10000,fivephase_fallback
spirit_fusion.v2:spirit_beast.heaven.earth.05:spirit_beast.heaven.water.01,spirit_beast.heaven.earth.05,地脈贔屭,spirit_beast.heaven.water.01,玄冥龍龜,spirit_beast.saint.earth.05,太荒騰蛇,天品,聖品,3,1,10000,fivephase_fallback
spirit_fusion.v2:spirit_beast.heaven.earth.06:spirit_beast.heaven.water.01,spirit_beast.heaven.earth.06,黃泉虯龍,spirit_beast.heaven.water.01,玄冥龍龜,spirit_beast.saint.earth.06,幽冥諦聽,天品,聖品,3,1,10000,fivephase_fallback
spirit_fusion.v2:spirit_beast.heaven.water.02:spirit_beast.heaven.water.02,spirit_beast.heaven.water.02,滄瀾螭龍,spirit_beast.heaven.water.02,滄瀾螭龍,spirit_beast.saint.water.02,北溟鯤鵬,天品,聖品,3,1,10000,same_species
spirit_fusion.v2:spirit_beast.heaven.water.02:spirit_beast.heaven.water.03,spirit_beast.heaven.water.02,滄瀾螭龍,spirit_beast.heaven.water.03,寒月鯤鵬,spirit_beast.saint.water.02,北溟鯤鵬,天品,聖品,3,1,10000,named
spirit_fusion.v2:spirit_beast.heaven.water.02:spirit_beast.heaven.water.04,spirit_beast.heaven.water.02,滄瀾螭龍,spirit_beast.heaven.water.04,天河鮫靈,spirit_beast.saint.water.05,九曲水麒麟,天品,聖品,3,1,10000,fivephase_fallback
spirit_fusion.v2:spirit_beast.heaven.water.02:spirit_beast.heaven.water.05,spirit_beast.heaven.water.02,滄瀾螭龍,spirit_beast.heaven.water.05,雨師青麟,spirit_beast.saint.water.06,玄淵蒼龍,天品,聖品,3,1,10000,fivephase_fallback
spirit_fusion.v2:spirit_beast.heaven.water.02:spirit_beast.heaven.water.06,spirit_beast.heaven.water.02,滄瀾螭龍,spirit_beast.heaven.water.06,冰鑑應龍,spirit_beast.saint.water.01,覆海玄武,天品,聖品,3,1,10000,fivephase_fallback
spirit_fusion.v2:spirit_beast.heaven.fire.01:spirit_beast.heaven.water.02,spirit_beast.heaven.fire.01,南離朱雀,spirit_beast.heaven.water.02,滄瀾螭龍,spirit_beast.saint.water.02,北溟鯤鵬,天品,聖品,3,1,10000,fivephase_fallback
spirit_fusion.v2:spirit_beast.heaven.fire.02:spirit_beast.heaven.water.02,spirit_beast.heaven.fire.02,九轉丹凰,spirit_beast.heaven.water.02,滄瀾螭龍,spirit_beast.saint.water.03,洛川應龍,天品,聖品,3,1,10000,fivephase_fallback
spirit_fusion.v2:spirit_beast.heaven.fire.03:spirit_beast.heaven.water.02,spirit_beast.heaven.fire.03,赤霄金烏,spirit_beast.heaven.water.02,滄瀾螭龍,spirit_beast.saint.water.04,雲夢鮫皇,天品,聖品,3,1,10000,fivephase_fallback
spirit_fusion.v2:spirit_beast.heaven.fire.04:spirit_beast.heaven.water.02,spirit_beast.heaven.fire.04,焚天狻猊,spirit_beast.heaven.water.02,滄瀾螭龍,spirit_beast.saint.water.05,九曲水麒麟,天品,聖品,3,1,10000,fivephase_fallback
spirit_fusion.v2:spirit_beast.heaven.fire.05:spirit_beast.heaven.water.02,spirit_beast.heaven.fire.05,流火畢方,spirit_beast.heaven.water.02,滄瀾螭龍,spirit_beast.saint.water.06,玄淵蒼龍,天品,聖品,3,1,10000,fivephase_fallback
spirit_fusion.v2:spirit_beast.heaven.fire.06:spirit_beast.heaven.water.02,spirit_beast.heaven.fire.06,燭炎天龍,spirit_beast.heaven.water.02,滄瀾螭龍,spirit_beast.saint.water.01,覆海玄武,天品,聖品,3,1,10000,fivephase_fallback
spirit_fusion.v2:spirit_beast.heaven.earth.01:spirit_beast.heaven.water.02,spirit_beast.heaven.earth.01,九天麒麟,spirit_beast.heaven.water.02,滄瀾螭龍,spirit_beast.saint.earth.02,鎮界贔屭,天品,聖品,3,1,10000,fivephase_fallback
spirit_fusion.v2:spirit_beast.heaven.earth.02:spirit_beast.heaven.water.02,spirit_beast.heaven.earth.02,不周神羆,spirit_beast.heaven.water.02,滄瀾螭龍,spirit_beast.saint.earth.03,不周巨靈,天品,聖品,3,1,10000,fivephase_fallback
spirit_fusion.v2:spirit_beast.heaven.earth.03:spirit_beast.heaven.water.02,spirit_beast.heaven.earth.03,崑崙陸吾,spirit_beast.heaven.water.02,滄瀾螭龍,spirit_beast.saint.earth.04,開明神獸,天品,聖品,3,1,10000,fivephase_fallback
spirit_fusion.v2:spirit_beast.heaven.earth.04:spirit_beast.heaven.water.02,spirit_beast.heaven.earth.04,壘嶽麒麟,spirit_beast.heaven.water.02,滄瀾螭龍,spirit_beast.saint.earth.05,太荒騰蛇,天品,聖品,3,1,10000,fivephase_fallback
spirit_fusion.v2:spirit_beast.heaven.earth.05:spirit_beast.heaven.water.02,spirit_beast.heaven.earth.05,地脈贔屭,spirit_beast.heaven.water.02,滄瀾螭龍,spirit_beast.saint.earth.06,幽冥諦聽,天品,聖品,3,1,10000,fivephase_fallback
spirit_fusion.v2:spirit_beast.heaven.earth.06:spirit_beast.heaven.water.02,spirit_beast.heaven.earth.06,黃泉虯龍,spirit_beast.heaven.water.02,滄瀾螭龍,spirit_beast.saint.earth.01,九天麒麟,天品,聖品,3,1,10000,fivephase_fallback
spirit_fusion.v2:spirit_beast.heaven.water.03:spirit_beast.heaven.water.03,spirit_beast.heaven.water.03,寒月鯤鵬,spirit_beast.heaven.water.03,寒月鯤鵬,spirit_beast.saint.water.03,洛川應龍,天品,聖品,3,1,10000,same_species
spirit_fusion.v2:spirit_beast.heaven.water.03:spirit_beast.heaven.water.04,spirit_beast.heaven.water.03,寒月鯤鵬,spirit_beast.heaven.water.04,天河鮫靈,spirit_beast.saint.water.03,洛川應龍,天品,聖品,3,1,10000,named
spirit_fusion.v2:spirit_beast.heaven.water.03:spirit_beast.heaven.water.05,spirit_beast.heaven.water.03,寒月鯤鵬,spirit_beast.heaven.water.05,雨師青麟,spirit_beast.saint.water.01,覆海玄武,天品,聖品,3,1,10000,fivephase_fallback
spirit_fusion.v2:spirit_beast.heaven.water.03:spirit_beast.heaven.water.06,spirit_beast.heaven.water.03,寒月鯤鵬,spirit_beast.heaven.water.06,冰鑑應龍,spirit_beast.saint.water.02,北溟鯤鵬,天品,聖品,3,1,10000,fivephase_fallback
spirit_fusion.v2:spirit_beast.heaven.fire.01:spirit_beast.heaven.water.03,spirit_beast.heaven.fire.01,南離朱雀,spirit_beast.heaven.water.03,寒月鯤鵬,spirit_beast.saint.water.03,洛川應龍,天品,聖品,3,1,10000,fivephase_fallback
spirit_fusion.v2:spirit_beast.heaven.fire.02:spirit_beast.heaven.water.03,spirit_beast.heaven.fire.02,九轉丹凰,spirit_beast.heaven.water.03,寒月鯤鵬,spirit_beast.saint.water.04,雲夢鮫皇,天品,聖品,3,1,10000,fivephase_fallback
spirit_fusion.v2:spirit_beast.heaven.fire.03:spirit_beast.heaven.water.03,spirit_beast.heaven.fire.03,赤霄金烏,spirit_beast.heaven.water.03,寒月鯤鵬,spirit_beast.saint.water.05,九曲水麒麟,天品,聖品,3,1,10000,fivephase_fallback
spirit_fusion.v2:spirit_beast.heaven.fire.04:spirit_beast.heaven.water.03,spirit_beast.heaven.fire.04,焚天狻猊,spirit_beast.heaven.water.03,寒月鯤鵬,spirit_beast.saint.water.06,玄淵蒼龍,天品,聖品,3,1,10000,fivephase_fallback
spirit_fusion.v2:spirit_beast.heaven.fire.05:spirit_beast.heaven.water.03,spirit_beast.heaven.fire.05,流火畢方,spirit_beast.heaven.water.03,寒月鯤鵬,spirit_beast.saint.water.01,覆海玄武,天品,聖品,3,1,10000,fivephase_fallback
spirit_fusion.v2:spirit_beast.heaven.fire.06:spirit_beast.heaven.water.03,spirit_beast.heaven.fire.06,燭炎天龍,spirit_beast.heaven.water.03,寒月鯤鵬,spirit_beast.saint.water.02,北溟鯤鵬,天品,聖品,3,1,10000,fivephase_fallback
spirit_fusion.v2:spirit_beast.heaven.earth.01:spirit_beast.heaven.water.03,spirit_beast.heaven.earth.01,九天麒麟,spirit_beast.heaven.water.03,寒月鯤鵬,spirit_beast.saint.earth.03,不周巨靈,天品,聖品,3,1,10000,fivephase_fallback
spirit_fusion.v2:spirit_beast.heaven.earth.02:spirit_beast.heaven.water.03,spirit_beast.heaven.earth.02,不周神羆,spirit_beast.heaven.water.03,寒月鯤鵬,spirit_beast.saint.earth.04,開明神獸,天品,聖品,3,1,10000,fivephase_fallback
spirit_fusion.v2:spirit_beast.heaven.earth.03:spirit_beast.heaven.water.03,spirit_beast.heaven.earth.03,崑崙陸吾,spirit_beast.heaven.water.03,寒月鯤鵬,spirit_beast.saint.earth.05,太荒騰蛇,天品,聖品,3,1,10000,fivephase_fallback
spirit_fusion.v2:spirit_beast.heaven.earth.04:spirit_beast.heaven.water.03,spirit_beast.heaven.earth.04,壘嶽麒麟,spirit_beast.heaven.water.03,寒月鯤鵬,spirit_beast.saint.earth.06,幽冥諦聽,天品,聖品,3,1,10000,fivephase_fallback
spirit_fusion.v2:spirit_beast.heaven.earth.05:spirit_beast.heaven.water.03,spirit_beast.heaven.earth.05,地脈贔屭,spirit_beast.heaven.water.03,寒月鯤鵬,spirit_beast.saint.earth.01,九天麒麟,天品,聖品,3,1,10000,fivephase_fallback
spirit_fusion.v2:spirit_beast.heaven.earth.06:spirit_beast.heaven.water.03,spirit_beast.heaven.earth.06,黃泉虯龍,spirit_beast.heaven.water.03,寒月鯤鵬,spirit_beast.saint.earth.02,鎮界贔屭,天品,聖品,3,1,10000,fivephase_fallback
spirit_fusion.v2:spirit_beast.heaven.water.04:spirit_beast.heaven.water.04,spirit_beast.heaven.water.04,天河鮫靈,spirit_beast.heaven.water.04,天河鮫靈,spirit_beast.saint.water.04,雲夢鮫皇,天品,聖品,3,1,10000,same_species
spirit_fusion.v2:spirit_beast.heaven.water.04:spirit_beast.heaven.water.05,spirit_beast.heaven.water.04,天河鮫靈,spirit_beast.heaven.water.05,雨師青麟,spirit_beast.saint.water.04,雲夢鮫皇,天品,聖品,3,1,10000,named
spirit_fusion.v2:spirit_beast.heaven.water.04:spirit_beast.heaven.water.06,spirit_beast.heaven.water.04,天河鮫靈,spirit_beast.heaven.water.06,冰鑑應龍,spirit_beast.saint.water.03,洛川應龍,天品,聖品,3,1,10000,fivephase_fallback
spirit_fusion.v2:spirit_beast.heaven.fire.01:spirit_beast.heaven.water.04,spirit_beast.heaven.fire.01,南離朱雀,spirit_beast.heaven.water.04,天河鮫靈,spirit_beast.saint.water.04,雲夢鮫皇,天品,聖品,3,1,10000,fivephase_fallback
spirit_fusion.v2:spirit_beast.heaven.fire.02:spirit_beast.heaven.water.04,spirit_beast.heaven.fire.02,九轉丹凰,spirit_beast.heaven.water.04,天河鮫靈,spirit_beast.saint.water.05,九曲水麒麟,天品,聖品,3,1,10000,fivephase_fallback
spirit_fusion.v2:spirit_beast.heaven.fire.03:spirit_beast.heaven.water.04,spirit_beast.heaven.fire.03,赤霄金烏,spirit_beast.heaven.water.04,天河鮫靈,spirit_beast.saint.water.06,玄淵蒼龍,天品,聖品,3,1,10000,fivephase_fallback
spirit_fusion.v2:spirit_beast.heaven.fire.04:spirit_beast.heaven.water.04,spirit_beast.heaven.fire.04,焚天狻猊,spirit_beast.heaven.water.04,天河鮫靈,spirit_beast.saint.water.01,覆海玄武,天品,聖品,3,1,10000,fivephase_fallback
spirit_fusion.v2:spirit_beast.heaven.fire.05:spirit_beast.heaven.water.04,spirit_beast.heaven.fire.05,流火畢方,spirit_beast.heaven.water.04,天河鮫靈,spirit_beast.saint.water.02,北溟鯤鵬,天品,聖品,3,1,10000,fivephase_fallback
spirit_fusion.v2:spirit_beast.heaven.fire.06:spirit_beast.heaven.water.04,spirit_beast.heaven.fire.06,燭炎天龍,spirit_beast.heaven.water.04,天河鮫靈,spirit_beast.saint.water.03,洛川應龍,天品,聖品,3,1,10000,fivephase_fallback
spirit_fusion.v2:spirit_beast.heaven.earth.01:spirit_beast.heaven.water.04,spirit_beast.heaven.earth.01,九天麒麟,spirit_beast.heaven.water.04,天河鮫靈,spirit_beast.saint.earth.04,開明神獸,天品,聖品,3,1,10000,fivephase_fallback
spirit_fusion.v2:spirit_beast.heaven.earth.02:spirit_beast.heaven.water.04,spirit_beast.heaven.earth.02,不周神羆,spirit_beast.heaven.water.04,天河鮫靈,spirit_beast.saint.earth.05,太荒騰蛇,天品,聖品,3,1,10000,fivephase_fallback
spirit_fusion.v2:spirit_beast.heaven.earth.03:spirit_beast.heaven.water.04,spirit_beast.heaven.earth.03,崑崙陸吾,spirit_beast.heaven.water.04,天河鮫靈,spirit_beast.saint.earth.06,幽冥諦聽,天品,聖品,3,1,10000,fivephase_fallback
spirit_fusion.v2:spirit_beast.heaven.earth.04:spirit_beast.heaven.water.04,spirit_beast.heaven.earth.04,壘嶽麒麟,spirit_beast.heaven.water.04,天河鮫靈,spirit_beast.saint.earth.01,九天麒麟,天品,聖品,3,1,10000,fivephase_fallback
spirit_fusion.v2:spirit_beast.heaven.earth.05:spirit_beast.heaven.water.04,spirit_beast.heaven.earth.05,地脈贔屭,spirit_beast.heaven.water.04,天河鮫靈,spirit_beast.saint.earth.02,鎮界贔屭,天品,聖品,3,1,10000,fivephase_fallback
spirit_fusion.v2:spirit_beast.heaven.earth.06:spirit_beast.heaven.water.04,spirit_beast.heaven.earth.06,黃泉虯龍,spirit_beast.heaven.water.04,天河鮫靈,spirit_beast.saint.earth.03,不周巨靈,天品,聖品,3,1,10000,fivephase_fallback
spirit_fusion.v2:spirit_beast.heaven.water.05:spirit_beast.heaven.water.05,spirit_beast.heaven.water.05,雨師青麟,spirit_beast.heaven.water.05,雨師青麟,spirit_beast.saint.water.05,九曲水麒麟,天品,聖品,3,1,10000,same_species
spirit_fusion.v2:spirit_beast.heaven.water.05:spirit_beast.heaven.water.06,spirit_beast.heaven.water.05,雨師青麟,spirit_beast.heaven.water.06,冰鑑應龍,spirit_beast.saint.water.05,九曲水麒麟,天品,聖品,3,1,10000,named
spirit_fusion.v2:spirit_beast.heaven.fire.01:spirit_beast.heaven.water.05,spirit_beast.heaven.fire.01,南離朱雀,spirit_beast.heaven.water.05,雨師青麟,spirit_beast.saint.water.05,九曲水麒麟,天品,聖品,3,1,10000,fivephase_fallback
spirit_fusion.v2:spirit_beast.heaven.fire.02:spirit_beast.heaven.water.05,spirit_beast.heaven.fire.02,九轉丹凰,spirit_beast.heaven.water.05,雨師青麟,spirit_beast.saint.water.06,玄淵蒼龍,天品,聖品,3,1,10000,fivephase_fallback
spirit_fusion.v2:spirit_beast.heaven.fire.03:spirit_beast.heaven.water.05,spirit_beast.heaven.fire.03,赤霄金烏,spirit_beast.heaven.water.05,雨師青麟,spirit_beast.saint.water.01,覆海玄武,天品,聖品,3,1,10000,fivephase_fallback
spirit_fusion.v2:spirit_beast.heaven.fire.04:spirit_beast.heaven.water.05,spirit_beast.heaven.fire.04,焚天狻猊,spirit_beast.heaven.water.05,雨師青麟,spirit_beast.saint.water.02,北溟鯤鵬,天品,聖品,3,1,10000,fivephase_fallback
spirit_fusion.v2:spirit_beast.heaven.fire.05:spirit_beast.heaven.water.05,spirit_beast.heaven.fire.05,流火畢方,spirit_beast.heaven.water.05,雨師青麟,spirit_beast.saint.water.03,洛川應龍,天品,聖品,3,1,10000,fivephase_fallback
spirit_fusion.v2:spirit_beast.heaven.fire.06:spirit_beast.heaven.water.05,spirit_beast.heaven.fire.06,燭炎天龍,spirit_beast.heaven.water.05,雨師青麟,spirit_beast.saint.water.04,雲夢鮫皇,天品,聖品,3,1,10000,fivephase_fallback
spirit_fusion.v2:spirit_beast.heaven.earth.01:spirit_beast.heaven.water.05,spirit_beast.heaven.earth.01,九天麒麟,spirit_beast.heaven.water.05,雨師青麟,spirit_beast.saint.earth.05,太荒騰蛇,天品,聖品,3,1,10000,fivephase_fallback
spirit_fusion.v2:spirit_beast.heaven.earth.02:spirit_beast.heaven.water.05,spirit_beast.heaven.earth.02,不周神羆,spirit_beast.heaven.water.05,雨師青麟,spirit_beast.saint.earth.06,幽冥諦聽,天品,聖品,3,1,10000,fivephase_fallback
spirit_fusion.v2:spirit_beast.heaven.earth.03:spirit_beast.heaven.water.05,spirit_beast.heaven.earth.03,崑崙陸吾,spirit_beast.heaven.water.05,雨師青麟,spirit_beast.saint.earth.01,九天麒麟,天品,聖品,3,1,10000,fivephase_fallback
spirit_fusion.v2:spirit_beast.heaven.earth.04:spirit_beast.heaven.water.05,spirit_beast.heaven.earth.04,壘嶽麒麟,spirit_beast.heaven.water.05,雨師青麟,spirit_beast.saint.earth.02,鎮界贔屭,天品,聖品,3,1,10000,fivephase_fallback
spirit_fusion.v2:spirit_beast.heaven.earth.05:spirit_beast.heaven.water.05,spirit_beast.heaven.earth.05,地脈贔屭,spirit_beast.heaven.water.05,雨師青麟,spirit_beast.saint.earth.03,不周巨靈,天品,聖品,3,1,10000,fivephase_fallback
spirit_fusion.v2:spirit_beast.heaven.earth.06:spirit_beast.heaven.water.05,spirit_beast.heaven.earth.06,黃泉虯龍,spirit_beast.heaven.water.05,雨師青麟,spirit_beast.saint.earth.04,開明神獸,天品,聖品,3,1,10000,fivephase_fallback
spirit_fusion.v2:spirit_beast.heaven.water.06:spirit_beast.heaven.water.06,spirit_beast.heaven.water.06,冰鑑應龍,spirit_beast.heaven.water.06,冰鑑應龍,spirit_beast.saint.water.06,玄淵蒼龍,天品,聖品,3,1,10000,same_species
spirit_fusion.v2:spirit_beast.heaven.fire.01:spirit_beast.heaven.water.06,spirit_beast.heaven.fire.01,南離朱雀,spirit_beast.heaven.water.06,冰鑑應龍,spirit_beast.saint.water.06,玄淵蒼龍,天品,聖品,3,1,10000,fivephase_fallback
spirit_fusion.v2:spirit_beast.heaven.fire.02:spirit_beast.heaven.water.06,spirit_beast.heaven.fire.02,九轉丹凰,spirit_beast.heaven.water.06,冰鑑應龍,spirit_beast.saint.water.01,覆海玄武,天品,聖品,3,1,10000,fivephase_fallback
spirit_fusion.v2:spirit_beast.heaven.fire.03:spirit_beast.heaven.water.06,spirit_beast.heaven.fire.03,赤霄金烏,spirit_beast.heaven.water.06,冰鑑應龍,spirit_beast.saint.water.02,北溟鯤鵬,天品,聖品,3,1,10000,fivephase_fallback
spirit_fusion.v2:spirit_beast.heaven.fire.04:spirit_beast.heaven.water.06,spirit_beast.heaven.fire.04,焚天狻猊,spirit_beast.heaven.water.06,冰鑑應龍,spirit_beast.saint.water.03,洛川應龍,天品,聖品,3,1,10000,fivephase_fallback
spirit_fusion.v2:spirit_beast.heaven.fire.05:spirit_beast.heaven.water.06,spirit_beast.heaven.fire.05,流火畢方,spirit_beast.heaven.water.06,冰鑑應龍,spirit_beast.saint.water.04,雲夢鮫皇,天品,聖品,3,1,10000,fivephase_fallback
spirit_fusion.v2:spirit_beast.heaven.fire.06:spirit_beast.heaven.water.06,spirit_beast.heaven.fire.06,燭炎天龍,spirit_beast.heaven.water.06,冰鑑應龍,spirit_beast.saint.water.05,九曲水麒麟,天品,聖品,3,1,10000,fivephase_fallback
spirit_fusion.v2:spirit_beast.heaven.earth.01:spirit_beast.heaven.water.06,spirit_beast.heaven.earth.01,九天麒麟,spirit_beast.heaven.water.06,冰鑑應龍,spirit_beast.saint.earth.06,幽冥諦聽,天品,聖品,3,1,10000,fivephase_fallback
spirit_fusion.v2:spirit_beast.heaven.earth.02:spirit_beast.heaven.water.06,spirit_beast.heaven.earth.02,不周神羆,spirit_beast.heaven.water.06,冰鑑應龍,spirit_beast.saint.earth.01,九天麒麟,天品,聖品,3,1,10000,fivephase_fallback
spirit_fusion.v2:spirit_beast.heaven.earth.03:spirit_beast.heaven.water.06,spirit_beast.heaven.earth.03,崑崙陸吾,spirit_beast.heaven.water.06,冰鑑應龍,spirit_beast.saint.earth.02,鎮界贔屭,天品,聖品,3,1,10000,fivephase_fallback
spirit_fusion.v2:spirit_beast.heaven.earth.04:spirit_beast.heaven.water.06,spirit_beast.heaven.earth.04,壘嶽麒麟,spirit_beast.heaven.water.06,冰鑑應龍,spirit_beast.saint.earth.03,不周巨靈,天品,聖品,3,1,10000,fivephase_fallback
spirit_fusion.v2:spirit_beast.heaven.earth.05:spirit_beast.heaven.water.06,spirit_beast.heaven.earth.05,地脈贔屭,spirit_beast.heaven.water.06,冰鑑應龍,spirit_beast.saint.earth.04,開明神獸,天品,聖品,3,1,10000,fivephase_fallback
spirit_fusion.v2:spirit_beast.heaven.earth.06:spirit_beast.heaven.water.06,spirit_beast.heaven.earth.06,黃泉虯龍,spirit_beast.heaven.water.06,冰鑑應龍,spirit_beast.saint.earth.05,太荒騰蛇,天品,聖品,3,1,10000,fivephase_fallback
spirit_fusion.v2:spirit_beast.heaven.fire.01:spirit_beast.heaven.fire.01,spirit_beast.heaven.fire.01,南離朱雀,spirit_beast.heaven.fire.01,南離朱雀,spirit_beast.saint.fire.01,涅槃丹凰,天品,聖品,3,1,10000,same_species
spirit_fusion.v2:spirit_beast.heaven.fire.01:spirit_beast.heaven.fire.02,spirit_beast.heaven.fire.01,南離朱雀,spirit_beast.heaven.fire.02,九轉丹凰,spirit_beast.saint.fire.01,涅槃丹凰,天品,聖品,3,1,10000,named
spirit_fusion.v2:spirit_beast.heaven.fire.01:spirit_beast.heaven.fire.03,spirit_beast.heaven.fire.01,南離朱雀,spirit_beast.heaven.fire.03,赤霄金烏,spirit_beast.saint.fire.03,焚霄朱雀,天品,聖品,3,1,10000,fivephase_fallback
spirit_fusion.v2:spirit_beast.heaven.fire.01:spirit_beast.heaven.fire.04,spirit_beast.heaven.fire.01,南離朱雀,spirit_beast.heaven.fire.04,焚天狻猊,spirit_beast.saint.fire.04,赤帝狻猊,天品,聖品,3,1,10000,fivephase_fallback
spirit_fusion.v2:spirit_beast.heaven.fire.01:spirit_beast.heaven.fire.05,spirit_beast.heaven.fire.01,南離朱雀,spirit_beast.heaven.fire.05,流火畢方,spirit_beast.saint.fire.05,南明畢方,天品,聖品,3,1,10000,fivephase_fallback
spirit_fusion.v2:spirit_beast.heaven.fire.01:spirit_beast.heaven.fire.06,spirit_beast.heaven.fire.01,南離朱雀,spirit_beast.heaven.fire.06,燭炎天龍,spirit_beast.saint.fire.06,永燼燭龍,天品,聖品,3,1,10000,named
spirit_fusion.v2:spirit_beast.heaven.earth.01:spirit_beast.heaven.fire.01,spirit_beast.heaven.earth.01,九天麒麟,spirit_beast.heaven.fire.01,南離朱雀,spirit_beast.saint.earth.01,九天麒麟,天品,聖品,3,1,10000,fivephase_fallback
spirit_fusion.v2:spirit_beast.heaven.earth.02:spirit_beast.heaven.fire.01,spirit_beast.heaven.earth.02,不周神羆,spirit_beast.heaven.fire.01,南離朱雀,spirit_beast.saint.earth.02,鎮界贔屭,天品,聖品,3,1,10000,fivephase_fallback
spirit_fusion.v2:spirit_beast.heaven.earth.03:spirit_beast.heaven.fire.01,spirit_beast.heaven.earth.03,崑崙陸吾,spirit_beast.heaven.fire.01,南離朱雀,spirit_beast.saint.earth.03,不周巨靈,天品,聖品,3,1,10000,fivephase_fallback
spirit_fusion.v2:spirit_beast.heaven.earth.04:spirit_beast.heaven.fire.01,spirit_beast.heaven.earth.04,壘嶽麒麟,spirit_beast.heaven.fire.01,南離朱雀,spirit_beast.saint.earth.04,開明神獸,天品,聖品,3,1,10000,fivephase_fallback
spirit_fusion.v2:spirit_beast.heaven.earth.05:spirit_beast.heaven.fire.01,spirit_beast.heaven.earth.05,地脈贔屭,spirit_beast.heaven.fire.01,南離朱雀,spirit_beast.saint.earth.05,太荒騰蛇,天品,聖品,3,1,10000,fivephase_fallback
spirit_fusion.v2:spirit_beast.heaven.earth.06:spirit_beast.heaven.fire.01,spirit_beast.heaven.earth.06,黃泉虯龍,spirit_beast.heaven.fire.01,南離朱雀,spirit_beast.saint.earth.06,幽冥諦聽,天品,聖品,3,1,10000,fivephase_fallback
spirit_fusion.v2:spirit_beast.heaven.fire.02:spirit_beast.heaven.fire.02,spirit_beast.heaven.fire.02,九轉丹凰,spirit_beast.heaven.fire.02,九轉丹凰,spirit_beast.saint.fire.02,九曜丹凰,天品,聖品,3,1,10000,same_species
spirit_fusion.v2:spirit_beast.heaven.fire.02:spirit_beast.heaven.fire.03,spirit_beast.heaven.fire.02,九轉丹凰,spirit_beast.heaven.fire.03,赤霄金烏,spirit_beast.saint.fire.02,九曜丹凰,天品,聖品,3,1,10000,named
spirit_fusion.v2:spirit_beast.heaven.fire.02:spirit_beast.heaven.fire.04,spirit_beast.heaven.fire.02,九轉丹凰,spirit_beast.heaven.fire.04,焚天狻猊,spirit_beast.saint.fire.05,南明畢方,天品,聖品,3,1,10000,fivephase_fallback
spirit_fusion.v2:spirit_beast.heaven.fire.02:spirit_beast.heaven.fire.05,spirit_beast.heaven.fire.02,九轉丹凰,spirit_beast.heaven.fire.05,流火畢方,spirit_beast.saint.fire.06,永燼燭龍,天品,聖品,3,1,10000,fivephase_fallback
spirit_fusion.v2:spirit_beast.heaven.fire.02:spirit_beast.heaven.fire.06,spirit_beast.heaven.fire.02,九轉丹凰,spirit_beast.heaven.fire.06,燭炎天龍,spirit_beast.saint.fire.01,涅槃丹凰,天品,聖品,3,1,10000,fivephase_fallback
spirit_fusion.v2:spirit_beast.heaven.earth.01:spirit_beast.heaven.fire.02,spirit_beast.heaven.earth.01,九天麒麟,spirit_beast.heaven.fire.02,九轉丹凰,spirit_beast.saint.earth.02,鎮界贔屭,天品,聖品,3,1,10000,fivephase_fallback
spirit_fusion.v2:spirit_beast.heaven.earth.02:spirit_beast.heaven.fire.02,spirit_beast.heaven.earth.02,不周神羆,spirit_beast.heaven.fire.02,九轉丹凰,spirit_beast.saint.earth.03,不周巨靈,天品,聖品,3,1,10000,fivephase_fallback
spirit_fusion.v2:spirit_beast.heaven.earth.03:spirit_beast.heaven.fire.02,spirit_beast.heaven.earth.03,崑崙陸吾,spirit_beast.heaven.fire.02,九轉丹凰,spirit_beast.saint.earth.04,開明神獸,天品,聖品,3,1,10000,fivephase_fallback
spirit_fusion.v2:spirit_beast.heaven.earth.04:spirit_beast.heaven.fire.02,spirit_beast.heaven.earth.04,壘嶽麒麟,spirit_beast.heaven.fire.02,九轉丹凰,spirit_beast.saint.earth.05,太荒騰蛇,天品,聖品,3,1,10000,fivephase_fallback
spirit_fusion.v2:spirit_beast.heaven.earth.05:spirit_beast.heaven.fire.02,spirit_beast.heaven.earth.05,地脈贔屭,spirit_beast.heaven.fire.02,九轉丹凰,spirit_beast.saint.earth.06,幽冥諦聽,天品,聖品,3,1,10000,fivephase_fallback
spirit_fusion.v2:spirit_beast.heaven.earth.06:spirit_beast.heaven.fire.02,spirit_beast.heaven.earth.06,黃泉虯龍,spirit_beast.heaven.fire.02,九轉丹凰,spirit_beast.saint.earth.01,九天麒麟,天品,聖品,3,1,10000,fivephase_fallback
spirit_fusion.v2:spirit_beast.heaven.fire.03:spirit_beast.heaven.fire.03,spirit_beast.heaven.fire.03,赤霄金烏,spirit_beast.heaven.fire.03,赤霄金烏,spirit_beast.saint.fire.03,焚霄朱雀,天品,聖品,3,1,10000,same_species
spirit_fusion.v2:spirit_beast.heaven.fire.03:spirit_beast.heaven.fire.04,spirit_beast.heaven.fire.03,赤霄金烏,spirit_beast.heaven.fire.04,焚天狻猊,spirit_beast.saint.fire.03,焚霄朱雀,天品,聖品,3,1,10000,named
spirit_fusion.v2:spirit_beast.heaven.fire.03:spirit_beast.heaven.fire.05,spirit_beast.heaven.fire.03,赤霄金烏,spirit_beast.heaven.fire.05,流火畢方,spirit_beast.saint.fire.01,涅槃丹凰,天品,聖品,3,1,10000,fivephase_fallback
spirit_fusion.v2:spirit_beast.heaven.fire.03:spirit_beast.heaven.fire.06,spirit_beast.heaven.fire.03,赤霄金烏,spirit_beast.heaven.fire.06,燭炎天龍,spirit_beast.saint.fire.02,九曜丹凰,天品,聖品,3,1,10000,fivephase_fallback
spirit_fusion.v2:spirit_beast.heaven.earth.01:spirit_beast.heaven.fire.03,spirit_beast.heaven.earth.01,九天麒麟,spirit_beast.heaven.fire.03,赤霄金烏,spirit_beast.saint.earth.03,不周巨靈,天品,聖品,3,1,10000,fivephase_fallback
spirit_fusion.v2:spirit_beast.heaven.earth.02:spirit_beast.heaven.fire.03,spirit_beast.heaven.earth.02,不周神羆,spirit_beast.heaven.fire.03,赤霄金烏,spirit_beast.saint.earth.04,開明神獸,天品,聖品,3,1,10000,fivephase_fallback
spirit_fusion.v2:spirit_beast.heaven.earth.03:spirit_beast.heaven.fire.03,spirit_beast.heaven.earth.03,崑崙陸吾,spirit_beast.heaven.fire.03,赤霄金烏,spirit_beast.saint.earth.05,太荒騰蛇,天品,聖品,3,1,10000,fivephase_fallback
spirit_fusion.v2:spirit_beast.heaven.earth.04:spirit_beast.heaven.fire.03,spirit_beast.heaven.earth.04,壘嶽麒麟,spirit_beast.heaven.fire.03,赤霄金烏,spirit_beast.saint.earth.06,幽冥諦聽,天品,聖品,3,1,10000,fivephase_fallback
spirit_fusion.v2:spirit_beast.heaven.earth.05:spirit_beast.heaven.fire.03,spirit_beast.heaven.earth.05,地脈贔屭,spirit_beast.heaven.fire.03,赤霄金烏,spirit_beast.saint.earth.01,九天麒麟,天品,聖品,3,1,10000,fivephase_fallback
spirit_fusion.v2:spirit_beast.heaven.earth.06:spirit_beast.heaven.fire.03,spirit_beast.heaven.earth.06,黃泉虯龍,spirit_beast.heaven.fire.03,赤霄金烏,spirit_beast.saint.earth.02,鎮界贔屭,天品,聖品,3,1,10000,fivephase_fallback
spirit_fusion.v2:spirit_beast.heaven.fire.04:spirit_beast.heaven.fire.04,spirit_beast.heaven.fire.04,焚天狻猊,spirit_beast.heaven.fire.04,焚天狻猊,spirit_beast.saint.fire.04,赤帝狻猊,天品,聖品,3,1,10000,same_species
spirit_fusion.v2:spirit_beast.heaven.fire.04:spirit_beast.heaven.fire.05,spirit_beast.heaven.fire.04,焚天狻猊,spirit_beast.heaven.fire.05,流火畢方,spirit_beast.saint.fire.04,赤帝狻猊,天品,聖品,3,1,10000,named
spirit_fusion.v2:spirit_beast.heaven.fire.04:spirit_beast.heaven.fire.06,spirit_beast.heaven.fire.04,焚天狻猊,spirit_beast.heaven.fire.06,燭炎天龍,spirit_beast.saint.fire.03,焚霄朱雀,天品,聖品,3,1,10000,fivephase_fallback
spirit_fusion.v2:spirit_beast.heaven.earth.01:spirit_beast.heaven.fire.04,spirit_beast.heaven.earth.01,九天麒麟,spirit_beast.heaven.fire.04,焚天狻猊,spirit_beast.saint.earth.04,開明神獸,天品,聖品,3,1,10000,fivephase_fallback
spirit_fusion.v2:spirit_beast.heaven.earth.02:spirit_beast.heaven.fire.04,spirit_beast.heaven.earth.02,不周神羆,spirit_beast.heaven.fire.04,焚天狻猊,spirit_beast.saint.earth.05,太荒騰蛇,天品,聖品,3,1,10000,fivephase_fallback
spirit_fusion.v2:spirit_beast.heaven.earth.03:spirit_beast.heaven.fire.04,spirit_beast.heaven.earth.03,崑崙陸吾,spirit_beast.heaven.fire.04,焚天狻猊,spirit_beast.saint.earth.06,幽冥諦聽,天品,聖品,3,1,10000,fivephase_fallback
spirit_fusion.v2:spirit_beast.heaven.earth.04:spirit_beast.heaven.fire.04,spirit_beast.heaven.earth.04,壘嶽麒麟,spirit_beast.heaven.fire.04,焚天狻猊,spirit_beast.saint.earth.01,九天麒麟,天品,聖品,3,1,10000,fivephase_fallback
spirit_fusion.v2:spirit_beast.heaven.earth.05:spirit_beast.heaven.fire.04,spirit_beast.heaven.earth.05,地脈贔屭,spirit_beast.heaven.fire.04,焚天狻猊,spirit_beast.saint.earth.02,鎮界贔屭,天品,聖品,3,1,10000,fivephase_fallback
spirit_fusion.v2:spirit_beast.heaven.earth.06:spirit_beast.heaven.fire.04,spirit_beast.heaven.earth.06,黃泉虯龍,spirit_beast.heaven.fire.04,焚天狻猊,spirit_beast.saint.earth.03,不周巨靈,天品,聖品,3,1,10000,fivephase_fallback
spirit_fusion.v2:spirit_beast.heaven.fire.05:spirit_beast.heaven.fire.05,spirit_beast.heaven.fire.05,流火畢方,spirit_beast.heaven.fire.05,流火畢方,spirit_beast.saint.fire.05,南明畢方,天品,聖品,3,1,10000,same_species
spirit_fusion.v2:spirit_beast.heaven.fire.05:spirit_beast.heaven.fire.06,spirit_beast.heaven.fire.05,流火畢方,spirit_beast.heaven.fire.06,燭炎天龍,spirit_beast.saint.fire.05,南明畢方,天品,聖品,3,1,10000,named
spirit_fusion.v2:spirit_beast.heaven.earth.01:spirit_beast.heaven.fire.05,spirit_beast.heaven.earth.01,九天麒麟,spirit_beast.heaven.fire.05,流火畢方,spirit_beast.saint.earth.05,太荒騰蛇,天品,聖品,3,1,10000,fivephase_fallback
spirit_fusion.v2:spirit_beast.heaven.earth.02:spirit_beast.heaven.fire.05,spirit_beast.heaven.earth.02,不周神羆,spirit_beast.heaven.fire.05,流火畢方,spirit_beast.saint.earth.06,幽冥諦聽,天品,聖品,3,1,10000,fivephase_fallback
spirit_fusion.v2:spirit_beast.heaven.earth.03:spirit_beast.heaven.fire.05,spirit_beast.heaven.earth.03,崑崙陸吾,spirit_beast.heaven.fire.05,流火畢方,spirit_beast.saint.earth.01,九天麒麟,天品,聖品,3,1,10000,fivephase_fallback
spirit_fusion.v2:spirit_beast.heaven.earth.04:spirit_beast.heaven.fire.05,spirit_beast.heaven.earth.04,壘嶽麒麟,spirit_beast.heaven.fire.05,流火畢方,spirit_beast.saint.earth.02,鎮界贔屭,天品,聖品,3,1,10000,fivephase_fallback
spirit_fusion.v2:spirit_beast.heaven.earth.05:spirit_beast.heaven.fire.05,spirit_beast.heaven.earth.05,地脈贔屭,spirit_beast.heaven.fire.05,流火畢方,spirit_beast.saint.earth.03,不周巨靈,天品,聖品,3,1,10000,fivephase_fallback
spirit_fusion.v2:spirit_beast.heaven.earth.06:spirit_beast.heaven.fire.05,spirit_beast.heaven.earth.06,黃泉虯龍,spirit_beast.heaven.fire.05,流火畢方,spirit_beast.saint.earth.04,開明神獸,天品,聖品,3,1,10000,fivephase_fallback
spirit_fusion.v2:spirit_beast.heaven.fire.06:spirit_beast.heaven.fire.06,spirit_beast.heaven.fire.06,燭炎天龍,spirit_beast.heaven.fire.06,燭炎天龍,spirit_beast.saint.fire.06,永燼燭龍,天品,聖品,3,1,10000,same_species
spirit_fusion.v2:spirit_beast.heaven.earth.01:spirit_beast.heaven.fire.06,spirit_beast.heaven.earth.01,九天麒麟,spirit_beast.heaven.fire.06,燭炎天龍,spirit_beast.saint.earth.06,幽冥諦聽,天品,聖品,3,1,10000,fivephase_fallback
spirit_fusion.v2:spirit_beast.heaven.earth.02:spirit_beast.heaven.fire.06,spirit_beast.heaven.earth.02,不周神羆,spirit_beast.heaven.fire.06,燭炎天龍,spirit_beast.saint.earth.01,九天麒麟,天品,聖品,3,1,10000,fivephase_fallback
spirit_fusion.v2:spirit_beast.heaven.earth.03:spirit_beast.heaven.fire.06,spirit_beast.heaven.earth.03,崑崙陸吾,spirit_beast.heaven.fire.06,燭炎天龍,spirit_beast.saint.earth.02,鎮界贔屭,天品,聖品,3,1,10000,fivephase_fallback
spirit_fusion.v2:spirit_beast.heaven.earth.04:spirit_beast.heaven.fire.06,spirit_beast.heaven.earth.04,壘嶽麒麟,spirit_beast.heaven.fire.06,燭炎天龍,spirit_beast.saint.earth.03,不周巨靈,天品,聖品,3,1,10000,fivephase_fallback
spirit_fusion.v2:spirit_beast.heaven.earth.05:spirit_beast.heaven.fire.06,spirit_beast.heaven.earth.05,地脈贔屭,spirit_beast.heaven.fire.06,燭炎天龍,spirit_beast.saint.earth.04,開明神獸,天品,聖品,3,1,10000,fivephase_fallback
spirit_fusion.v2:spirit_beast.heaven.earth.06:spirit_beast.heaven.fire.06,spirit_beast.heaven.earth.06,黃泉虯龍,spirit_beast.heaven.fire.06,燭炎天龍,spirit_beast.saint.earth.05,太荒騰蛇,天品,聖品,3,1,10000,fivephase_fallback
spirit_fusion.v2:spirit_beast.heaven.earth.01:spirit_beast.heaven.earth.01,spirit_beast.heaven.earth.01,九天麒麟,spirit_beast.heaven.earth.01,九天麒麟,spirit_beast.saint.earth.01,九天麒麟,天品,聖品,3,1,10000,same_species
spirit_fusion.v2:spirit_beast.heaven.earth.01:spirit_beast.heaven.earth.02,spirit_beast.heaven.earth.01,九天麒麟,spirit_beast.heaven.earth.02,不周神羆,spirit_beast.saint.earth.01,九天麒麟,天品,聖品,3,1,10000,named
spirit_fusion.v2:spirit_beast.heaven.earth.01:spirit_beast.heaven.earth.03,spirit_beast.heaven.earth.01,九天麒麟,spirit_beast.heaven.earth.03,崑崙陸吾,spirit_beast.saint.earth.03,不周巨靈,天品,聖品,3,1,10000,fivephase_fallback
spirit_fusion.v2:spirit_beast.heaven.earth.01:spirit_beast.heaven.earth.04,spirit_beast.heaven.earth.01,九天麒麟,spirit_beast.heaven.earth.04,壘嶽麒麟,spirit_beast.saint.earth.04,開明神獸,天品,聖品,3,1,10000,fivephase_fallback
spirit_fusion.v2:spirit_beast.heaven.earth.01:spirit_beast.heaven.earth.05,spirit_beast.heaven.earth.01,九天麒麟,spirit_beast.heaven.earth.05,地脈贔屭,spirit_beast.saint.earth.05,太荒騰蛇,天品,聖品,3,1,10000,fivephase_fallback
spirit_fusion.v2:spirit_beast.heaven.earth.01:spirit_beast.heaven.earth.06,spirit_beast.heaven.earth.01,九天麒麟,spirit_beast.heaven.earth.06,黃泉虯龍,spirit_beast.saint.earth.06,幽冥諦聽,天品,聖品,3,1,10000,named
spirit_fusion.v2:spirit_beast.heaven.earth.02:spirit_beast.heaven.earth.02,spirit_beast.heaven.earth.02,不周神羆,spirit_beast.heaven.earth.02,不周神羆,spirit_beast.saint.earth.02,鎮界贔屭,天品,聖品,3,1,10000,same_species
spirit_fusion.v2:spirit_beast.heaven.earth.02:spirit_beast.heaven.earth.03,spirit_beast.heaven.earth.02,不周神羆,spirit_beast.heaven.earth.03,崑崙陸吾,spirit_beast.saint.earth.02,鎮界贔屭,天品,聖品,3,1,10000,named
spirit_fusion.v2:spirit_beast.heaven.earth.02:spirit_beast.heaven.earth.04,spirit_beast.heaven.earth.02,不周神羆,spirit_beast.heaven.earth.04,壘嶽麒麟,spirit_beast.saint.earth.05,太荒騰蛇,天品,聖品,3,1,10000,fivephase_fallback
spirit_fusion.v2:spirit_beast.heaven.earth.02:spirit_beast.heaven.earth.05,spirit_beast.heaven.earth.02,不周神羆,spirit_beast.heaven.earth.05,地脈贔屭,spirit_beast.saint.earth.06,幽冥諦聽,天品,聖品,3,1,10000,fivephase_fallback
spirit_fusion.v2:spirit_beast.heaven.earth.02:spirit_beast.heaven.earth.06,spirit_beast.heaven.earth.02,不周神羆,spirit_beast.heaven.earth.06,黃泉虯龍,spirit_beast.saint.earth.01,九天麒麟,天品,聖品,3,1,10000,fivephase_fallback
spirit_fusion.v2:spirit_beast.heaven.earth.03:spirit_beast.heaven.earth.03,spirit_beast.heaven.earth.03,崑崙陸吾,spirit_beast.heaven.earth.03,崑崙陸吾,spirit_beast.saint.earth.03,不周巨靈,天品,聖品,3,1,10000,same_species
spirit_fusion.v2:spirit_beast.heaven.earth.03:spirit_beast.heaven.earth.04,spirit_beast.heaven.earth.03,崑崙陸吾,spirit_beast.heaven.earth.04,壘嶽麒麟,spirit_beast.saint.earth.03,不周巨靈,天品,聖品,3,1,10000,named
spirit_fusion.v2:spirit_beast.heaven.earth.03:spirit_beast.heaven.earth.05,spirit_beast.heaven.earth.03,崑崙陸吾,spirit_beast.heaven.earth.05,地脈贔屭,spirit_beast.saint.earth.01,九天麒麟,天品,聖品,3,1,10000,fivephase_fallback
spirit_fusion.v2:spirit_beast.heaven.earth.03:spirit_beast.heaven.earth.06,spirit_beast.heaven.earth.03,崑崙陸吾,spirit_beast.heaven.earth.06,黃泉虯龍,spirit_beast.saint.earth.02,鎮界贔屭,天品,聖品,3,1,10000,fivephase_fallback
spirit_fusion.v2:spirit_beast.heaven.earth.04:spirit_beast.heaven.earth.04,spirit_beast.heaven.earth.04,壘嶽麒麟,spirit_beast.heaven.earth.04,壘嶽麒麟,spirit_beast.saint.earth.04,開明神獸,天品,聖品,3,1,10000,same_species
spirit_fusion.v2:spirit_beast.heaven.earth.04:spirit_beast.heaven.earth.05,spirit_beast.heaven.earth.04,壘嶽麒麟,spirit_beast.heaven.earth.05,地脈贔屭,spirit_beast.saint.earth.04,開明神獸,天品,聖品,3,1,10000,named
spirit_fusion.v2:spirit_beast.heaven.earth.04:spirit_beast.heaven.earth.06,spirit_beast.heaven.earth.04,壘嶽麒麟,spirit_beast.heaven.earth.06,黃泉虯龍,spirit_beast.saint.earth.03,不周巨靈,天品,聖品,3,1,10000,fivephase_fallback
spirit_fusion.v2:spirit_beast.heaven.earth.05:spirit_beast.heaven.earth.05,spirit_beast.heaven.earth.05,地脈贔屭,spirit_beast.heaven.earth.05,地脈贔屭,spirit_beast.saint.earth.05,太荒騰蛇,天品,聖品,3,1,10000,same_species
spirit_fusion.v2:spirit_beast.heaven.earth.05:spirit_beast.heaven.earth.06,spirit_beast.heaven.earth.05,地脈贔屭,spirit_beast.heaven.earth.06,黃泉虯龍,spirit_beast.saint.earth.05,太荒騰蛇,天品,聖品,3,1,10000,named
spirit_fusion.v2:spirit_beast.heaven.earth.06:spirit_beast.heaven.earth.06,spirit_beast.heaven.earth.06,黃泉虯龍,spirit_beast.heaven.earth.06,黃泉虯龍,spirit_beast.saint.earth.06,幽冥諦聽,天品,聖品,3,1,10000,same_species
spirit_fusion.v2:spirit_beast.saint.metal.01:spirit_beast.saint.metal.01,spirit_beast.saint.metal.01,白帝虎尊,spirit_beast.saint.metal.01,白帝虎尊,spirit_beast.immortal.metal.01,混元白虎,聖品,仙品,3,1,10000,same_species
spirit_fusion.v2:spirit_beast.saint.metal.01:spirit_beast.saint.metal.02,spirit_beast.saint.metal.01,白帝虎尊,spirit_beast.saint.metal.02,鎮界金鵬,spirit_beast.immortal.metal.01,混元白虎,聖品,仙品,3,1,10000,named
spirit_fusion.v2:spirit_beast.saint.metal.01:spirit_beast.saint.metal.03,spirit_beast.saint.metal.01,白帝虎尊,spirit_beast.saint.metal.03,太鋒天猙,spirit_beast.immortal.metal.03,誅仙天猙,聖品,仙品,3,1,10000,fivephase_fallback
spirit_fusion.v2:spirit_beast.saint.metal.01:spirit_beast.saint.metal.04,spirit_beast.saint.metal.01,白帝虎尊,spirit_beast.saint.metal.04,九曜貔貅,spirit_beast.immortal.metal.04,乾坤貔貅,聖品,仙品,3,1,10000,fivephase_fallback
spirit_fusion.v2:spirit_beast.saint.metal.01:spirit_beast.saint.metal.05,spirit_beast.saint.metal.01,白帝虎尊,spirit_beast.saint.metal.05,裂空金犀,spirit_beast.immortal.metal.05,斷界金翅鯤,聖品,仙品,3,1,10000,fivephase_fallback
spirit_fusion.v2:spirit_beast.saint.metal.01:spirit_beast.saint.metal.06,spirit_beast.saint.metal.01,白帝虎尊,spirit_beast.saint.metal.06,萬器祖龍,spirit_beast.immortal.metal.06,萬劫應龍,聖品,仙品,3,1,10000,named
spirit_fusion.v2:spirit_beast.saint.metal.01:spirit_beast.saint.wood.01,spirit_beast.saint.metal.01,白帝虎尊,spirit_beast.saint.wood.01,神木白澤,spirit_beast.immortal.metal.01,混元白虎,聖品,仙品,3,1,10000,fivephase_fallback
spirit_fusion.v2:spirit_beast.saint.metal.01:spirit_beast.saint.wood.02,spirit_beast.saint.metal.01,白帝虎尊,spirit_beast.saint.wood.02,太初青龍,spirit_beast.immortal.metal.02,太虛金鵬,聖品,仙品,3,1,10000,fivephase_fallback
spirit_fusion.v2:spirit_beast.saint.metal.01:spirit_beast.saint.wood.03,spirit_beast.saint.metal.01,白帝虎尊,spirit_beast.saint.wood.03,萬藥仙猿,spirit_beast.immortal.metal.03,誅仙天猙,聖品,仙品,3,1,10000,fivephase_fallback
spirit_fusion.v2:spirit_beast.saint.metal.01:spirit_beast.saint.wood.04,spirit_beast.saint.metal.01,白帝虎尊,spirit_beast.saint.wood.04,榮枯九尾,spirit_beast.immortal.metal.04,乾坤貔貅,聖品,仙品,3,1,10000,fivephase_fallback
spirit_fusion.v2:spirit_beast.saint.metal.01:spirit_beast.saint.wood.05,spirit_beast.saint.metal.01,白帝虎尊,spirit_beast.saint.wood.05,百華青鸞,spirit_beast.immortal.metal.05,斷界金翅鯤,聖品,仙品,3,1,10000,fivephase_fallback
spirit_fusion.v2:spirit_beast.saint.metal.01:spirit_beast.saint.wood.06,spirit_beast.saint.metal.01,白帝虎尊,spirit_beast.saint.wood.06,玉枝祖麟,spirit_beast.immortal.metal.06,萬劫應龍,聖品,仙品,3,1,10000,fivephase_fallback
spirit_fusion.v2:spirit_beast.saint.metal.01:spirit_beast.saint.water.01,spirit_beast.saint.metal.01,白帝虎尊,spirit_beast.saint.water.01,覆海玄武,spirit_beast.immortal.water.01,滄海玄武,聖品,仙品,3,1,10000,fivephase_fallback
spirit_fusion.v2:spirit_beast.saint.metal.01:spirit_beast.saint.water.02,spirit_beast.saint.metal.01,白帝虎尊,spirit_beast.saint.water.02,北溟鯤鵬,spirit_beast.immortal.water.02,北冥鯤祖,聖品,仙品,3,1,10000,fivephase_fallback
spirit_fusion.v2:spirit_beast.saint.metal.01:spirit_beast.saint.water.03,spirit_beast.saint.metal.01,白帝虎尊,spirit_beast.saint.water.03,洛川應龍,spirit_beast.immortal.water.03,銀河應龍,聖品,仙品,3,1,10000,fivephase_fallback
spirit_fusion.v2:spirit_beast.saint.metal.01:spirit_beast.saint.water.04,spirit_beast.saint.metal.01,白帝虎尊,spirit_beast.saint.water.04,雲夢鮫皇,spirit_beast.immortal.water.04,玄冥冰夷,聖品,仙品,3,1,10000,fivephase_fallback
spirit_fusion.v2:spirit_beast.saint.metal.01:spirit_beast.saint.water.05,spirit_beast.saint.metal.01,白帝虎尊,spirit_beast.saint.water.05,九曲水麒麟,spirit_beast.immortal.water.05,天河九嬰,聖品,仙品,3,1,10000,fivephase_fallback
spirit_fusion.v2:spirit_beast.saint.metal.01:spirit_beast.saint.water.06,spirit_beast.saint.metal.01,白帝虎尊,spirit_beast.saint.water.06,玄淵蒼龍,spirit_beast.immortal.water.06,溯源白螭,聖品,仙品,3,1,10000,fivephase_fallback
spirit_fusion.v2:spirit_beast.saint.fire.01:spirit_beast.saint.metal.01,spirit_beast.saint.fire.01,涅槃丹凰,spirit_beast.saint.metal.01,白帝虎尊,spirit_beast.immortal.fire.01,大日金烏,聖品,仙品,3,1,10000,fivephase_fallback
spirit_fusion.v2:spirit_beast.saint.fire.02:spirit_beast.saint.metal.01,spirit_beast.saint.fire.02,九曜丹凰,spirit_beast.saint.metal.01,白帝虎尊,spirit_beast.immortal.fire.02,涅槃丹凰,聖品,仙品,3,1,10000,fivephase_fallback
spirit_fusion.v2:spirit_beast.saint.fire.03:spirit_beast.saint.metal.01,spirit_beast.saint.fire.03,焚霄朱雀,spirit_beast.saint.metal.01,白帝虎尊,spirit_beast.immortal.fire.03,丹霄鳳皇,聖品,仙品,3,1,10000,fivephase_fallback
spirit_fusion.v2:spirit_beast.saint.fire.04:spirit_beast.saint.metal.01,spirit_beast.saint.fire.04,赤帝狻猊,spirit_beast.saint.metal.01,白帝虎尊,spirit_beast.immortal.fire.04,赤霄畢方,聖品,仙品,3,1,10000,fivephase_fallback
spirit_fusion.v2:spirit_beast.saint.fire.05:spirit_beast.saint.metal.01,spirit_beast.saint.fire.05,南明畢方,spirit_beast.saint.metal.01,白帝虎尊,spirit_beast.immortal.fire.05,永燼燭龍,聖品,仙品,3,1,10000,fivephase_fallback
spirit_fusion.v2:spirit_beast.saint.fire.06:spirit_beast.saint.metal.01,spirit_beast.saint.fire.06,永燼燭龍,spirit_beast.saint.metal.01,白帝虎尊,spirit_beast.immortal.fire.06,離天狻猊,聖品,仙品,3,1,10000,fivephase_fallback
spirit_fusion.v2:spirit_beast.saint.earth.01:spirit_beast.saint.metal.01,spirit_beast.saint.earth.01,九天麒麟,spirit_beast.saint.metal.01,白帝虎尊,spirit_beast.immortal.metal.01,混元白虎,聖品,仙品,3,1,10000,fivephase_fallback
spirit_fusion.v2:spirit_beast.saint.earth.02:spirit_beast.saint.metal.01,spirit_beast.saint.earth.02,鎮界贔屭,spirit_beast.saint.metal.01,白帝虎尊,spirit_beast.immortal.metal.02,太虛金鵬,聖品,仙品,3,1,10000,fivephase_fallback
spirit_fusion.v2:spirit_beast.saint.earth.03:spirit_beast.saint.metal.01,spirit_beast.saint.earth.03,不周巨靈,spirit_beast.saint.metal.01,白帝虎尊,spirit_beast.immortal.metal.03,誅仙天猙,聖品,仙品,3,1,10000,fivephase_fallback
spirit_fusion.v2:spirit_beast.saint.earth.04:spirit_beast.saint.metal.01,spirit_beast.saint.earth.04,開明神獸,spirit_beast.saint.metal.01,白帝虎尊,spirit_beast.immortal.metal.04,乾坤貔貅,聖品,仙品,3,1,10000,fivephase_fallback
spirit_fusion.v2:spirit_beast.saint.earth.05:spirit_beast.saint.metal.01,spirit_beast.saint.earth.05,太荒騰蛇,spirit_beast.saint.metal.01,白帝虎尊,spirit_beast.immortal.metal.05,斷界金翅鯤,聖品,仙品,3,1,10000,fivephase_fallback
spirit_fusion.v2:spirit_beast.saint.earth.06:spirit_beast.saint.metal.01,spirit_beast.saint.earth.06,幽冥諦聽,spirit_beast.saint.metal.01,白帝虎尊,spirit_beast.immortal.metal.06,萬劫應龍,聖品,仙品,3,1,10000,fivephase_fallback
spirit_fusion.v2:spirit_beast.saint.metal.02:spirit_beast.saint.metal.02,spirit_beast.saint.metal.02,鎮界金鵬,spirit_beast.saint.metal.02,鎮界金鵬,spirit_beast.immortal.metal.02,太虛金鵬,聖品,仙品,3,1,10000,same_species
spirit_fusion.v2:spirit_beast.saint.metal.02:spirit_beast.saint.metal.03,spirit_beast.saint.metal.02,鎮界金鵬,spirit_beast.saint.metal.03,太鋒天猙,spirit_beast.immortal.metal.02,太虛金鵬,聖品,仙品,3,1,10000,named
spirit_fusion.v2:spirit_beast.saint.metal.02:spirit_beast.saint.metal.04,spirit_beast.saint.metal.02,鎮界金鵬,spirit_beast.saint.metal.04,九曜貔貅,spirit_beast.immortal.metal.05,斷界金翅鯤,聖品,仙品,3,1,10000,fivephase_fallback
spirit_fusion.v2:spirit_beast.saint.metal.02:spirit_beast.saint.metal.05,spirit_beast.saint.metal.02,鎮界金鵬,spirit_beast.saint.metal.05,裂空金犀,spirit_beast.immortal.metal.06,萬劫應龍,聖品,仙品,3,1,10000,fivephase_fallback
spirit_fusion.v2:spirit_beast.saint.metal.02:spirit_beast.saint.metal.06,spirit_beast.saint.metal.02,鎮界金鵬,spirit_beast.saint.metal.06,萬器祖龍,spirit_beast.immortal.metal.01,混元白虎,聖品,仙品,3,1,10000,fivephase_fallback
spirit_fusion.v2:spirit_beast.saint.metal.02:spirit_beast.saint.wood.01,spirit_beast.saint.metal.02,鎮界金鵬,spirit_beast.saint.wood.01,神木白澤,spirit_beast.immortal.metal.02,太虛金鵬,聖品,仙品,3,1,10000,fivephase_fallback
spirit_fusion.v2:spirit_beast.saint.metal.02:spirit_beast.saint.wood.02,spirit_beast.saint.metal.02,鎮界金鵬,spirit_beast.saint.wood.02,太初青龍,spirit_beast.immortal.metal.03,誅仙天猙,聖品,仙品,3,1,10000,fivephase_fallback
spirit_fusion.v2:spirit_beast.saint.metal.02:spirit_beast.saint.wood.03,spirit_beast.saint.metal.02,鎮界金鵬,spirit_beast.saint.wood.03,萬藥仙猿,spirit_beast.immortal.metal.04,乾坤貔貅,聖品,仙品,3,1,10000,fivephase_fallback
spirit_fusion.v2:spirit_beast.saint.metal.02:spirit_beast.saint.wood.04,spirit_beast.saint.metal.02,鎮界金鵬,spirit_beast.saint.wood.04,榮枯九尾,spirit_beast.immortal.metal.05,斷界金翅鯤,聖品,仙品,3,1,10000,fivephase_fallback
spirit_fusion.v2:spirit_beast.saint.metal.02:spirit_beast.saint.wood.05,spirit_beast.saint.metal.02,鎮界金鵬,spirit_beast.saint.wood.05,百華青鸞,spirit_beast.immortal.metal.06,萬劫應龍,聖品,仙品,3,1,10000,fivephase_fallback
spirit_fusion.v2:spirit_beast.saint.metal.02:spirit_beast.saint.wood.06,spirit_beast.saint.metal.02,鎮界金鵬,spirit_beast.saint.wood.06,玉枝祖麟,spirit_beast.immortal.metal.01,混元白虎,聖品,仙品,3,1,10000,fivephase_fallback
spirit_fusion.v2:spirit_beast.saint.metal.02:spirit_beast.saint.water.01,spirit_beast.saint.metal.02,鎮界金鵬,spirit_beast.saint.water.01,覆海玄武,spirit_beast.immortal.water.02,北冥鯤祖,聖品,仙品,3,1,10000,fivephase_fallback
spirit_fusion.v2:spirit_beast.saint.metal.02:spirit_beast.saint.water.02,spirit_beast.saint.metal.02,鎮界金鵬,spirit_beast.saint.water.02,北溟鯤鵬,spirit_beast.immortal.water.03,銀河應龍,聖品,仙品,3,1,10000,fivephase_fallback
spirit_fusion.v2:spirit_beast.saint.metal.02:spirit_beast.saint.water.03,spirit_beast.saint.metal.02,鎮界金鵬,spirit_beast.saint.water.03,洛川應龍,spirit_beast.immortal.water.04,玄冥冰夷,聖品,仙品,3,1,10000,fivephase_fallback
spirit_fusion.v2:spirit_beast.saint.metal.02:spirit_beast.saint.water.04,spirit_beast.saint.metal.02,鎮界金鵬,spirit_beast.saint.water.04,雲夢鮫皇,spirit_beast.immortal.water.05,天河九嬰,聖品,仙品,3,1,10000,fivephase_fallback
spirit_fusion.v2:spirit_beast.saint.metal.02:spirit_beast.saint.water.05,spirit_beast.saint.metal.02,鎮界金鵬,spirit_beast.saint.water.05,九曲水麒麟,spirit_beast.immortal.water.06,溯源白螭,聖品,仙品,3,1,10000,fivephase_fallback
spirit_fusion.v2:spirit_beast.saint.metal.02:spirit_beast.saint.water.06,spirit_beast.saint.metal.02,鎮界金鵬,spirit_beast.saint.water.06,玄淵蒼龍,spirit_beast.immortal.water.01,滄海玄武,聖品,仙品,3,1,10000,fivephase_fallback
spirit_fusion.v2:spirit_beast.saint.fire.01:spirit_beast.saint.metal.02,spirit_beast.saint.fire.01,涅槃丹凰,spirit_beast.saint.metal.02,鎮界金鵬,spirit_beast.immortal.fire.02,涅槃丹凰,聖品,仙品,3,1,10000,fivephase_fallback
spirit_fusion.v2:spirit_beast.saint.fire.02:spirit_beast.saint.metal.02,spirit_beast.saint.fire.02,九曜丹凰,spirit_beast.saint.metal.02,鎮界金鵬,spirit_beast.immortal.fire.03,丹霄鳳皇,聖品,仙品,3,1,10000,fivephase_fallback
spirit_fusion.v2:spirit_beast.saint.fire.03:spirit_beast.saint.metal.02,spirit_beast.saint.fire.03,焚霄朱雀,spirit_beast.saint.metal.02,鎮界金鵬,spirit_beast.immortal.fire.04,赤霄畢方,聖品,仙品,3,1,10000,fivephase_fallback
spirit_fusion.v2:spirit_beast.saint.fire.04:spirit_beast.saint.metal.02,spirit_beast.saint.fire.04,赤帝狻猊,spirit_beast.saint.metal.02,鎮界金鵬,spirit_beast.immortal.fire.05,永燼燭龍,聖品,仙品,3,1,10000,fivephase_fallback
spirit_fusion.v2:spirit_beast.saint.fire.05:spirit_beast.saint.metal.02,spirit_beast.saint.fire.05,南明畢方,spirit_beast.saint.metal.02,鎮界金鵬,spirit_beast.immortal.fire.06,離天狻猊,聖品,仙品,3,1,10000,fivephase_fallback
spirit_fusion.v2:spirit_beast.saint.fire.06:spirit_beast.saint.metal.02,spirit_beast.saint.fire.06,永燼燭龍,spirit_beast.saint.metal.02,鎮界金鵬,spirit_beast.immortal.fire.01,大日金烏,聖品,仙品,3,1,10000,fivephase_fallback
spirit_fusion.v2:spirit_beast.saint.earth.01:spirit_beast.saint.metal.02,spirit_beast.saint.earth.01,九天麒麟,spirit_beast.saint.metal.02,鎮界金鵬,spirit_beast.immortal.metal.02,太虛金鵬,聖品,仙品,3,1,10000,fivephase_fallback
spirit_fusion.v2:spirit_beast.saint.earth.02:spirit_beast.saint.metal.02,spirit_beast.saint.earth.02,鎮界贔屭,spirit_beast.saint.metal.02,鎮界金鵬,spirit_beast.immortal.metal.03,誅仙天猙,聖品,仙品,3,1,10000,fivephase_fallback
spirit_fusion.v2:spirit_beast.saint.earth.03:spirit_beast.saint.metal.02,spirit_beast.saint.earth.03,不周巨靈,spirit_beast.saint.metal.02,鎮界金鵬,spirit_beast.immortal.metal.04,乾坤貔貅,聖品,仙品,3,1,10000,fivephase_fallback
spirit_fusion.v2:spirit_beast.saint.earth.04:spirit_beast.saint.metal.02,spirit_beast.saint.earth.04,開明神獸,spirit_beast.saint.metal.02,鎮界金鵬,spirit_beast.immortal.metal.05,斷界金翅鯤,聖品,仙品,3,1,10000,fivephase_fallback
spirit_fusion.v2:spirit_beast.saint.earth.05:spirit_beast.saint.metal.02,spirit_beast.saint.earth.05,太荒騰蛇,spirit_beast.saint.metal.02,鎮界金鵬,spirit_beast.immortal.metal.06,萬劫應龍,聖品,仙品,3,1,10000,fivephase_fallback
spirit_fusion.v2:spirit_beast.saint.earth.06:spirit_beast.saint.metal.02,spirit_beast.saint.earth.06,幽冥諦聽,spirit_beast.saint.metal.02,鎮界金鵬,spirit_beast.immortal.metal.01,混元白虎,聖品,仙品,3,1,10000,fivephase_fallback
spirit_fusion.v2:spirit_beast.saint.metal.03:spirit_beast.saint.metal.03,spirit_beast.saint.metal.03,太鋒天猙,spirit_beast.saint.metal.03,太鋒天猙,spirit_beast.immortal.metal.03,誅仙天猙,聖品,仙品,3,1,10000,same_species
spirit_fusion.v2:spirit_beast.saint.metal.03:spirit_beast.saint.metal.04,spirit_beast.saint.metal.03,太鋒天猙,spirit_beast.saint.metal.04,九曜貔貅,spirit_beast.immortal.metal.03,誅仙天猙,聖品,仙品,3,1,10000,named
spirit_fusion.v2:spirit_beast.saint.metal.03:spirit_beast.saint.metal.05,spirit_beast.saint.metal.03,太鋒天猙,spirit_beast.saint.metal.05,裂空金犀,spirit_beast.immortal.metal.01,混元白虎,聖品,仙品,3,1,10000,fivephase_fallback
spirit_fusion.v2:spirit_beast.saint.metal.03:spirit_beast.saint.metal.06,spirit_beast.saint.metal.03,太鋒天猙,spirit_beast.saint.metal.06,萬器祖龍,spirit_beast.immortal.metal.02,太虛金鵬,聖品,仙品,3,1,10000,fivephase_fallback
spirit_fusion.v2:spirit_beast.saint.metal.03:spirit_beast.saint.wood.01,spirit_beast.saint.metal.03,太鋒天猙,spirit_beast.saint.wood.01,神木白澤,spirit_beast.immortal.metal.03,誅仙天猙,聖品,仙品,3,1,10000,fivephase_fallback
spirit_fusion.v2:spirit_beast.saint.metal.03:spirit_beast.saint.wood.02,spirit_beast.saint.metal.03,太鋒天猙,spirit_beast.saint.wood.02,太初青龍,spirit_beast.immortal.metal.04,乾坤貔貅,聖品,仙品,3,1,10000,fivephase_fallback
spirit_fusion.v2:spirit_beast.saint.metal.03:spirit_beast.saint.wood.03,spirit_beast.saint.metal.03,太鋒天猙,spirit_beast.saint.wood.03,萬藥仙猿,spirit_beast.immortal.metal.05,斷界金翅鯤,聖品,仙品,3,1,10000,fivephase_fallback
spirit_fusion.v2:spirit_beast.saint.metal.03:spirit_beast.saint.wood.04,spirit_beast.saint.metal.03,太鋒天猙,spirit_beast.saint.wood.04,榮枯九尾,spirit_beast.immortal.metal.06,萬劫應龍,聖品,仙品,3,1,10000,fivephase_fallback
spirit_fusion.v2:spirit_beast.saint.metal.03:spirit_beast.saint.wood.05,spirit_beast.saint.metal.03,太鋒天猙,spirit_beast.saint.wood.05,百華青鸞,spirit_beast.immortal.metal.01,混元白虎,聖品,仙品,3,1,10000,fivephase_fallback
spirit_fusion.v2:spirit_beast.saint.metal.03:spirit_beast.saint.wood.06,spirit_beast.saint.metal.03,太鋒天猙,spirit_beast.saint.wood.06,玉枝祖麟,spirit_beast.immortal.metal.02,太虛金鵬,聖品,仙品,3,1,10000,fivephase_fallback
spirit_fusion.v2:spirit_beast.saint.metal.03:spirit_beast.saint.water.01,spirit_beast.saint.metal.03,太鋒天猙,spirit_beast.saint.water.01,覆海玄武,spirit_beast.immortal.water.03,銀河應龍,聖品,仙品,3,1,10000,fivephase_fallback
spirit_fusion.v2:spirit_beast.saint.metal.03:spirit_beast.saint.water.02,spirit_beast.saint.metal.03,太鋒天猙,spirit_beast.saint.water.02,北溟鯤鵬,spirit_beast.immortal.water.04,玄冥冰夷,聖品,仙品,3,1,10000,fivephase_fallback
spirit_fusion.v2:spirit_beast.saint.metal.03:spirit_beast.saint.water.03,spirit_beast.saint.metal.03,太鋒天猙,spirit_beast.saint.water.03,洛川應龍,spirit_beast.immortal.water.05,天河九嬰,聖品,仙品,3,1,10000,fivephase_fallback
spirit_fusion.v2:spirit_beast.saint.metal.03:spirit_beast.saint.water.04,spirit_beast.saint.metal.03,太鋒天猙,spirit_beast.saint.water.04,雲夢鮫皇,spirit_beast.immortal.water.06,溯源白螭,聖品,仙品,3,1,10000,fivephase_fallback
spirit_fusion.v2:spirit_beast.saint.metal.03:spirit_beast.saint.water.05,spirit_beast.saint.metal.03,太鋒天猙,spirit_beast.saint.water.05,九曲水麒麟,spirit_beast.immortal.water.01,滄海玄武,聖品,仙品,3,1,10000,fivephase_fallback
spirit_fusion.v2:spirit_beast.saint.metal.03:spirit_beast.saint.water.06,spirit_beast.saint.metal.03,太鋒天猙,spirit_beast.saint.water.06,玄淵蒼龍,spirit_beast.immortal.water.02,北冥鯤祖,聖品,仙品,3,1,10000,fivephase_fallback
spirit_fusion.v2:spirit_beast.saint.fire.01:spirit_beast.saint.metal.03,spirit_beast.saint.fire.01,涅槃丹凰,spirit_beast.saint.metal.03,太鋒天猙,spirit_beast.immortal.fire.03,丹霄鳳皇,聖品,仙品,3,1,10000,fivephase_fallback
spirit_fusion.v2:spirit_beast.saint.fire.02:spirit_beast.saint.metal.03,spirit_beast.saint.fire.02,九曜丹凰,spirit_beast.saint.metal.03,太鋒天猙,spirit_beast.immortal.fire.04,赤霄畢方,聖品,仙品,3,1,10000,fivephase_fallback
spirit_fusion.v2:spirit_beast.saint.fire.03:spirit_beast.saint.metal.03,spirit_beast.saint.fire.03,焚霄朱雀,spirit_beast.saint.metal.03,太鋒天猙,spirit_beast.immortal.fire.05,永燼燭龍,聖品,仙品,3,1,10000,fivephase_fallback
spirit_fusion.v2:spirit_beast.saint.fire.04:spirit_beast.saint.metal.03,spirit_beast.saint.fire.04,赤帝狻猊,spirit_beast.saint.metal.03,太鋒天猙,spirit_beast.immortal.fire.06,離天狻猊,聖品,仙品,3,1,10000,fivephase_fallback
spirit_fusion.v2:spirit_beast.saint.fire.05:spirit_beast.saint.metal.03,spirit_beast.saint.fire.05,南明畢方,spirit_beast.saint.metal.03,太鋒天猙,spirit_beast.immortal.fire.01,大日金烏,聖品,仙品,3,1,10000,fivephase_fallback
spirit_fusion.v2:spirit_beast.saint.fire.06:spirit_beast.saint.metal.03,spirit_beast.saint.fire.06,永燼燭龍,spirit_beast.saint.metal.03,太鋒天猙,spirit_beast.immortal.fire.02,涅槃丹凰,聖品,仙品,3,1,10000,fivephase_fallback
spirit_fusion.v2:spirit_beast.saint.earth.01:spirit_beast.saint.metal.03,spirit_beast.saint.earth.01,九天麒麟,spirit_beast.saint.metal.03,太鋒天猙,spirit_beast.immortal.metal.03,誅仙天猙,聖品,仙品,3,1,10000,fivephase_fallback
spirit_fusion.v2:spirit_beast.saint.earth.02:spirit_beast.saint.metal.03,spirit_beast.saint.earth.02,鎮界贔屭,spirit_beast.saint.metal.03,太鋒天猙,spirit_beast.immortal.metal.04,乾坤貔貅,聖品,仙品,3,1,10000,fivephase_fallback
spirit_fusion.v2:spirit_beast.saint.earth.03:spirit_beast.saint.metal.03,spirit_beast.saint.earth.03,不周巨靈,spirit_beast.saint.metal.03,太鋒天猙,spirit_beast.immortal.metal.05,斷界金翅鯤,聖品,仙品,3,1,10000,fivephase_fallback
spirit_fusion.v2:spirit_beast.saint.earth.04:spirit_beast.saint.metal.03,spirit_beast.saint.earth.04,開明神獸,spirit_beast.saint.metal.03,太鋒天猙,spirit_beast.immortal.metal.06,萬劫應龍,聖品,仙品,3,1,10000,fivephase_fallback
spirit_fusion.v2:spirit_beast.saint.earth.05:spirit_beast.saint.metal.03,spirit_beast.saint.earth.05,太荒騰蛇,spirit_beast.saint.metal.03,太鋒天猙,spirit_beast.immortal.metal.01,混元白虎,聖品,仙品,3,1,10000,fivephase_fallback
spirit_fusion.v2:spirit_beast.saint.earth.06:spirit_beast.saint.metal.03,spirit_beast.saint.earth.06,幽冥諦聽,spirit_beast.saint.metal.03,太鋒天猙,spirit_beast.immortal.metal.02,太虛金鵬,聖品,仙品,3,1,10000,fivephase_fallback
spirit_fusion.v2:spirit_beast.saint.metal.04:spirit_beast.saint.metal.04,spirit_beast.saint.metal.04,九曜貔貅,spirit_beast.saint.metal.04,九曜貔貅,spirit_beast.immortal.metal.04,乾坤貔貅,聖品,仙品,3,1,10000,same_species
spirit_fusion.v2:spirit_beast.saint.metal.04:spirit_beast.saint.metal.05,spirit_beast.saint.metal.04,九曜貔貅,spirit_beast.saint.metal.05,裂空金犀,spirit_beast.immortal.metal.04,乾坤貔貅,聖品,仙品,3,1,10000,named
spirit_fusion.v2:spirit_beast.saint.metal.04:spirit_beast.saint.metal.06,spirit_beast.saint.metal.04,九曜貔貅,spirit_beast.saint.metal.06,萬器祖龍,spirit_beast.immortal.metal.03,誅仙天猙,聖品,仙品,3,1,10000,fivephase_fallback
spirit_fusion.v2:spirit_beast.saint.metal.04:spirit_beast.saint.wood.01,spirit_beast.saint.metal.04,九曜貔貅,spirit_beast.saint.wood.01,神木白澤,spirit_beast.immortal.metal.04,乾坤貔貅,聖品,仙品,3,1,10000,fivephase_fallback
spirit_fusion.v2:spirit_beast.saint.metal.04:spirit_beast.saint.wood.02,spirit_beast.saint.metal.04,九曜貔貅,spirit_beast.saint.wood.02,太初青龍,spirit_beast.immortal.metal.05,斷界金翅鯤,聖品,仙品,3,1,10000,fivephase_fallback
spirit_fusion.v2:spirit_beast.saint.metal.04:spirit_beast.saint.wood.03,spirit_beast.saint.metal.04,九曜貔貅,spirit_beast.saint.wood.03,萬藥仙猿,spirit_beast.immortal.metal.06,萬劫應龍,聖品,仙品,3,1,10000,fivephase_fallback
spirit_fusion.v2:spirit_beast.saint.metal.04:spirit_beast.saint.wood.04,spirit_beast.saint.metal.04,九曜貔貅,spirit_beast.saint.wood.04,榮枯九尾,spirit_beast.immortal.metal.01,混元白虎,聖品,仙品,3,1,10000,fivephase_fallback
spirit_fusion.v2:spirit_beast.saint.metal.04:spirit_beast.saint.wood.05,spirit_beast.saint.metal.04,九曜貔貅,spirit_beast.saint.wood.05,百華青鸞,spirit_beast.immortal.metal.02,太虛金鵬,聖品,仙品,3,1,10000,fivephase_fallback
spirit_fusion.v2:spirit_beast.saint.metal.04:spirit_beast.saint.wood.06,spirit_beast.saint.metal.04,九曜貔貅,spirit_beast.saint.wood.06,玉枝祖麟,spirit_beast.immortal.metal.03,誅仙天猙,聖品,仙品,3,1,10000,fivephase_fallback
spirit_fusion.v2:spirit_beast.saint.metal.04:spirit_beast.saint.water.01,spirit_beast.saint.metal.04,九曜貔貅,spirit_beast.saint.water.01,覆海玄武,spirit_beast.immortal.water.04,玄冥冰夷,聖品,仙品,3,1,10000,fivephase_fallback
spirit_fusion.v2:spirit_beast.saint.metal.04:spirit_beast.saint.water.02,spirit_beast.saint.metal.04,九曜貔貅,spirit_beast.saint.water.02,北溟鯤鵬,spirit_beast.immortal.water.05,天河九嬰,聖品,仙品,3,1,10000,fivephase_fallback
spirit_fusion.v2:spirit_beast.saint.metal.04:spirit_beast.saint.water.03,spirit_beast.saint.metal.04,九曜貔貅,spirit_beast.saint.water.03,洛川應龍,spirit_beast.immortal.water.06,溯源白螭,聖品,仙品,3,1,10000,fivephase_fallback
spirit_fusion.v2:spirit_beast.saint.metal.04:spirit_beast.saint.water.04,spirit_beast.saint.metal.04,九曜貔貅,spirit_beast.saint.water.04,雲夢鮫皇,spirit_beast.immortal.water.01,滄海玄武,聖品,仙品,3,1,10000,fivephase_fallback
spirit_fusion.v2:spirit_beast.saint.metal.04:spirit_beast.saint.water.05,spirit_beast.saint.metal.04,九曜貔貅,spirit_beast.saint.water.05,九曲水麒麟,spirit_beast.immortal.water.02,北冥鯤祖,聖品,仙品,3,1,10000,fivephase_fallback
spirit_fusion.v2:spirit_beast.saint.metal.04:spirit_beast.saint.water.06,spirit_beast.saint.metal.04,九曜貔貅,spirit_beast.saint.water.06,玄淵蒼龍,spirit_beast.immortal.water.03,銀河應龍,聖品,仙品,3,1,10000,fivephase_fallback
spirit_fusion.v2:spirit_beast.saint.fire.01:spirit_beast.saint.metal.04,spirit_beast.saint.fire.01,涅槃丹凰,spirit_beast.saint.metal.04,九曜貔貅,spirit_beast.immortal.fire.04,赤霄畢方,聖品,仙品,3,1,10000,fivephase_fallback
spirit_fusion.v2:spirit_beast.saint.fire.02:spirit_beast.saint.metal.04,spirit_beast.saint.fire.02,九曜丹凰,spirit_beast.saint.metal.04,九曜貔貅,spirit_beast.immortal.fire.05,永燼燭龍,聖品,仙品,3,1,10000,fivephase_fallback
spirit_fusion.v2:spirit_beast.saint.fire.03:spirit_beast.saint.metal.04,spirit_beast.saint.fire.03,焚霄朱雀,spirit_beast.saint.metal.04,九曜貔貅,spirit_beast.immortal.fire.06,離天狻猊,聖品,仙品,3,1,10000,fivephase_fallback
spirit_fusion.v2:spirit_beast.saint.fire.04:spirit_beast.saint.metal.04,spirit_beast.saint.fire.04,赤帝狻猊,spirit_beast.saint.metal.04,九曜貔貅,spirit_beast.immortal.fire.01,大日金烏,聖品,仙品,3,1,10000,fivephase_fallback
spirit_fusion.v2:spirit_beast.saint.fire.05:spirit_beast.saint.metal.04,spirit_beast.saint.fire.05,南明畢方,spirit_beast.saint.metal.04,九曜貔貅,spirit_beast.immortal.fire.02,涅槃丹凰,聖品,仙品,3,1,10000,fivephase_fallback
spirit_fusion.v2:spirit_beast.saint.fire.06:spirit_beast.saint.metal.04,spirit_beast.saint.fire.06,永燼燭龍,spirit_beast.saint.metal.04,九曜貔貅,spirit_beast.immortal.fire.03,丹霄鳳皇,聖品,仙品,3,1,10000,fivephase_fallback
spirit_fusion.v2:spirit_beast.saint.earth.01:spirit_beast.saint.metal.04,spirit_beast.saint.earth.01,九天麒麟,spirit_beast.saint.metal.04,九曜貔貅,spirit_beast.immortal.metal.04,乾坤貔貅,聖品,仙品,3,1,10000,fivephase_fallback
spirit_fusion.v2:spirit_beast.saint.earth.02:spirit_beast.saint.metal.04,spirit_beast.saint.earth.02,鎮界贔屭,spirit_beast.saint.metal.04,九曜貔貅,spirit_beast.immortal.metal.05,斷界金翅鯤,聖品,仙品,3,1,10000,fivephase_fallback
spirit_fusion.v2:spirit_beast.saint.earth.03:spirit_beast.saint.metal.04,spirit_beast.saint.earth.03,不周巨靈,spirit_beast.saint.metal.04,九曜貔貅,spirit_beast.immortal.metal.06,萬劫應龍,聖品,仙品,3,1,10000,fivephase_fallback
spirit_fusion.v2:spirit_beast.saint.earth.04:spirit_beast.saint.metal.04,spirit_beast.saint.earth.04,開明神獸,spirit_beast.saint.metal.04,九曜貔貅,spirit_beast.immortal.metal.01,混元白虎,聖品,仙品,3,1,10000,fivephase_fallback
spirit_fusion.v2:spirit_beast.saint.earth.05:spirit_beast.saint.metal.04,spirit_beast.saint.earth.05,太荒騰蛇,spirit_beast.saint.metal.04,九曜貔貅,spirit_beast.immortal.metal.02,太虛金鵬,聖品,仙品,3,1,10000,fivephase_fallback
spirit_fusion.v2:spirit_beast.saint.earth.06:spirit_beast.saint.metal.04,spirit_beast.saint.earth.06,幽冥諦聽,spirit_beast.saint.metal.04,九曜貔貅,spirit_beast.immortal.metal.03,誅仙天猙,聖品,仙品,3,1,10000,fivephase_fallback
spirit_fusion.v2:spirit_beast.saint.metal.05:spirit_beast.saint.metal.05,spirit_beast.saint.metal.05,裂空金犀,spirit_beast.saint.metal.05,裂空金犀,spirit_beast.immortal.metal.05,斷界金翅鯤,聖品,仙品,3,1,10000,same_species
spirit_fusion.v2:spirit_beast.saint.metal.05:spirit_beast.saint.metal.06,spirit_beast.saint.metal.05,裂空金犀,spirit_beast.saint.metal.06,萬器祖龍,spirit_beast.immortal.metal.05,斷界金翅鯤,聖品,仙品,3,1,10000,named
spirit_fusion.v2:spirit_beast.saint.metal.05:spirit_beast.saint.wood.01,spirit_beast.saint.metal.05,裂空金犀,spirit_beast.saint.wood.01,神木白澤,spirit_beast.immortal.metal.05,斷界金翅鯤,聖品,仙品,3,1,10000,fivephase_fallback
spirit_fusion.v2:spirit_beast.saint.metal.05:spirit_beast.saint.wood.02,spirit_beast.saint.metal.05,裂空金犀,spirit_beast.saint.wood.02,太初青龍,spirit_beast.immortal.metal.06,萬劫應龍,聖品,仙品,3,1,10000,fivephase_fallback
spirit_fusion.v2:spirit_beast.saint.metal.05:spirit_beast.saint.wood.03,spirit_beast.saint.metal.05,裂空金犀,spirit_beast.saint.wood.03,萬藥仙猿,spirit_beast.immortal.metal.01,混元白虎,聖品,仙品,3,1,10000,fivephase_fallback
spirit_fusion.v2:spirit_beast.saint.metal.05:spirit_beast.saint.wood.04,spirit_beast.saint.metal.05,裂空金犀,spirit_beast.saint.wood.04,榮枯九尾,spirit_beast.immortal.metal.02,太虛金鵬,聖品,仙品,3,1,10000,fivephase_fallback
spirit_fusion.v2:spirit_beast.saint.metal.05:spirit_beast.saint.wood.05,spirit_beast.saint.metal.05,裂空金犀,spirit_beast.saint.wood.05,百華青鸞,spirit_beast.immortal.metal.03,誅仙天猙,聖品,仙品,3,1,10000,fivephase_fallback
spirit_fusion.v2:spirit_beast.saint.metal.05:spirit_beast.saint.wood.06,spirit_beast.saint.metal.05,裂空金犀,spirit_beast.saint.wood.06,玉枝祖麟,spirit_beast.immortal.metal.04,乾坤貔貅,聖品,仙品,3,1,10000,fivephase_fallback
spirit_fusion.v2:spirit_beast.saint.metal.05:spirit_beast.saint.water.01,spirit_beast.saint.metal.05,裂空金犀,spirit_beast.saint.water.01,覆海玄武,spirit_beast.immortal.water.05,天河九嬰,聖品,仙品,3,1,10000,fivephase_fallback
spirit_fusion.v2:spirit_beast.saint.metal.05:spirit_beast.saint.water.02,spirit_beast.saint.metal.05,裂空金犀,spirit_beast.saint.water.02,北溟鯤鵬,spirit_beast.immortal.water.06,溯源白螭,聖品,仙品,3,1,10000,fivephase_fallback
spirit_fusion.v2:spirit_beast.saint.metal.05:spirit_beast.saint.water.03,spirit_beast.saint.metal.05,裂空金犀,spirit_beast.saint.water.03,洛川應龍,spirit_beast.immortal.water.01,滄海玄武,聖品,仙品,3,1,10000,fivephase_fallback
spirit_fusion.v2:spirit_beast.saint.metal.05:spirit_beast.saint.water.04,spirit_beast.saint.metal.05,裂空金犀,spirit_beast.saint.water.04,雲夢鮫皇,spirit_beast.immortal.water.02,北冥鯤祖,聖品,仙品,3,1,10000,fivephase_fallback
spirit_fusion.v2:spirit_beast.saint.metal.05:spirit_beast.saint.water.05,spirit_beast.saint.metal.05,裂空金犀,spirit_beast.saint.water.05,九曲水麒麟,spirit_beast.immortal.water.03,銀河應龍,聖品,仙品,3,1,10000,fivephase_fallback
spirit_fusion.v2:spirit_beast.saint.metal.05:spirit_beast.saint.water.06,spirit_beast.saint.metal.05,裂空金犀,spirit_beast.saint.water.06,玄淵蒼龍,spirit_beast.immortal.water.04,玄冥冰夷,聖品,仙品,3,1,10000,fivephase_fallback
spirit_fusion.v2:spirit_beast.saint.fire.01:spirit_beast.saint.metal.05,spirit_beast.saint.fire.01,涅槃丹凰,spirit_beast.saint.metal.05,裂空金犀,spirit_beast.immortal.fire.05,永燼燭龍,聖品,仙品,3,1,10000,fivephase_fallback
spirit_fusion.v2:spirit_beast.saint.fire.02:spirit_beast.saint.metal.05,spirit_beast.saint.fire.02,九曜丹凰,spirit_beast.saint.metal.05,裂空金犀,spirit_beast.immortal.fire.06,離天狻猊,聖品,仙品,3,1,10000,fivephase_fallback
spirit_fusion.v2:spirit_beast.saint.fire.03:spirit_beast.saint.metal.05,spirit_beast.saint.fire.03,焚霄朱雀,spirit_beast.saint.metal.05,裂空金犀,spirit_beast.immortal.fire.01,大日金烏,聖品,仙品,3,1,10000,fivephase_fallback
spirit_fusion.v2:spirit_beast.saint.fire.04:spirit_beast.saint.metal.05,spirit_beast.saint.fire.04,赤帝狻猊,spirit_beast.saint.metal.05,裂空金犀,spirit_beast.immortal.fire.02,涅槃丹凰,聖品,仙品,3,1,10000,fivephase_fallback
spirit_fusion.v2:spirit_beast.saint.fire.05:spirit_beast.saint.metal.05,spirit_beast.saint.fire.05,南明畢方,spirit_beast.saint.metal.05,裂空金犀,spirit_beast.immortal.fire.03,丹霄鳳皇,聖品,仙品,3,1,10000,fivephase_fallback
spirit_fusion.v2:spirit_beast.saint.fire.06:spirit_beast.saint.metal.05,spirit_beast.saint.fire.06,永燼燭龍,spirit_beast.saint.metal.05,裂空金犀,spirit_beast.immortal.fire.04,赤霄畢方,聖品,仙品,3,1,10000,fivephase_fallback
spirit_fusion.v2:spirit_beast.saint.earth.01:spirit_beast.saint.metal.05,spirit_beast.saint.earth.01,九天麒麟,spirit_beast.saint.metal.05,裂空金犀,spirit_beast.immortal.metal.05,斷界金翅鯤,聖品,仙品,3,1,10000,fivephase_fallback
spirit_fusion.v2:spirit_beast.saint.earth.02:spirit_beast.saint.metal.05,spirit_beast.saint.earth.02,鎮界贔屭,spirit_beast.saint.metal.05,裂空金犀,spirit_beast.immortal.metal.06,萬劫應龍,聖品,仙品,3,1,10000,fivephase_fallback
spirit_fusion.v2:spirit_beast.saint.earth.03:spirit_beast.saint.metal.05,spirit_beast.saint.earth.03,不周巨靈,spirit_beast.saint.metal.05,裂空金犀,spirit_beast.immortal.metal.01,混元白虎,聖品,仙品,3,1,10000,fivephase_fallback
spirit_fusion.v2:spirit_beast.saint.earth.04:spirit_beast.saint.metal.05,spirit_beast.saint.earth.04,開明神獸,spirit_beast.saint.metal.05,裂空金犀,spirit_beast.immortal.metal.02,太虛金鵬,聖品,仙品,3,1,10000,fivephase_fallback
spirit_fusion.v2:spirit_beast.saint.earth.05:spirit_beast.saint.metal.05,spirit_beast.saint.earth.05,太荒騰蛇,spirit_beast.saint.metal.05,裂空金犀,spirit_beast.immortal.metal.03,誅仙天猙,聖品,仙品,3,1,10000,fivephase_fallback
spirit_fusion.v2:spirit_beast.saint.earth.06:spirit_beast.saint.metal.05,spirit_beast.saint.earth.06,幽冥諦聽,spirit_beast.saint.metal.05,裂空金犀,spirit_beast.immortal.metal.04,乾坤貔貅,聖品,仙品,3,1,10000,fivephase_fallback
spirit_fusion.v2:spirit_beast.saint.metal.06:spirit_beast.saint.metal.06,spirit_beast.saint.metal.06,萬器祖龍,spirit_beast.saint.metal.06,萬器祖龍,spirit_beast.immortal.metal.06,萬劫應龍,聖品,仙品,3,1,10000,same_species
spirit_fusion.v2:spirit_beast.saint.metal.06:spirit_beast.saint.wood.01,spirit_beast.saint.metal.06,萬器祖龍,spirit_beast.saint.wood.01,神木白澤,spirit_beast.immortal.metal.06,萬劫應龍,聖品,仙品,3,1,10000,fivephase_fallback
spirit_fusion.v2:spirit_beast.saint.metal.06:spirit_beast.saint.wood.02,spirit_beast.saint.metal.06,萬器祖龍,spirit_beast.saint.wood.02,太初青龍,spirit_beast.immortal.metal.01,混元白虎,聖品,仙品,3,1,10000,fivephase_fallback
spirit_fusion.v2:spirit_beast.saint.metal.06:spirit_beast.saint.wood.03,spirit_beast.saint.metal.06,萬器祖龍,spirit_beast.saint.wood.03,萬藥仙猿,spirit_beast.immortal.metal.02,太虛金鵬,聖品,仙品,3,1,10000,fivephase_fallback
spirit_fusion.v2:spirit_beast.saint.metal.06:spirit_beast.saint.wood.04,spirit_beast.saint.metal.06,萬器祖龍,spirit_beast.saint.wood.04,榮枯九尾,spirit_beast.immortal.metal.03,誅仙天猙,聖品,仙品,3,1,10000,fivephase_fallback
spirit_fusion.v2:spirit_beast.saint.metal.06:spirit_beast.saint.wood.05,spirit_beast.saint.metal.06,萬器祖龍,spirit_beast.saint.wood.05,百華青鸞,spirit_beast.immortal.metal.04,乾坤貔貅,聖品,仙品,3,1,10000,fivephase_fallback
spirit_fusion.v2:spirit_beast.saint.metal.06:spirit_beast.saint.wood.06,spirit_beast.saint.metal.06,萬器祖龍,spirit_beast.saint.wood.06,玉枝祖麟,spirit_beast.immortal.metal.05,斷界金翅鯤,聖品,仙品,3,1,10000,fivephase_fallback
spirit_fusion.v2:spirit_beast.saint.metal.06:spirit_beast.saint.water.01,spirit_beast.saint.metal.06,萬器祖龍,spirit_beast.saint.water.01,覆海玄武,spirit_beast.immortal.water.06,溯源白螭,聖品,仙品,3,1,10000,fivephase_fallback
spirit_fusion.v2:spirit_beast.saint.metal.06:spirit_beast.saint.water.02,spirit_beast.saint.metal.06,萬器祖龍,spirit_beast.saint.water.02,北溟鯤鵬,spirit_beast.immortal.water.01,滄海玄武,聖品,仙品,3,1,10000,fivephase_fallback
spirit_fusion.v2:spirit_beast.saint.metal.06:spirit_beast.saint.water.03,spirit_beast.saint.metal.06,萬器祖龍,spirit_beast.saint.water.03,洛川應龍,spirit_beast.immortal.water.02,北冥鯤祖,聖品,仙品,3,1,10000,fivephase_fallback
spirit_fusion.v2:spirit_beast.saint.metal.06:spirit_beast.saint.water.04,spirit_beast.saint.metal.06,萬器祖龍,spirit_beast.saint.water.04,雲夢鮫皇,spirit_beast.immortal.water.03,銀河應龍,聖品,仙品,3,1,10000,fivephase_fallback
spirit_fusion.v2:spirit_beast.saint.metal.06:spirit_beast.saint.water.05,spirit_beast.saint.metal.06,萬器祖龍,spirit_beast.saint.water.05,九曲水麒麟,spirit_beast.immortal.water.04,玄冥冰夷,聖品,仙品,3,1,10000,fivephase_fallback
spirit_fusion.v2:spirit_beast.saint.metal.06:spirit_beast.saint.water.06,spirit_beast.saint.metal.06,萬器祖龍,spirit_beast.saint.water.06,玄淵蒼龍,spirit_beast.immortal.water.05,天河九嬰,聖品,仙品,3,1,10000,fivephase_fallback
spirit_fusion.v2:spirit_beast.saint.fire.01:spirit_beast.saint.metal.06,spirit_beast.saint.fire.01,涅槃丹凰,spirit_beast.saint.metal.06,萬器祖龍,spirit_beast.immortal.fire.06,離天狻猊,聖品,仙品,3,1,10000,fivephase_fallback
spirit_fusion.v2:spirit_beast.saint.fire.02:spirit_beast.saint.metal.06,spirit_beast.saint.fire.02,九曜丹凰,spirit_beast.saint.metal.06,萬器祖龍,spirit_beast.immortal.fire.01,大日金烏,聖品,仙品,3,1,10000,fivephase_fallback
spirit_fusion.v2:spirit_beast.saint.fire.03:spirit_beast.saint.metal.06,spirit_beast.saint.fire.03,焚霄朱雀,spirit_beast.saint.metal.06,萬器祖龍,spirit_beast.immortal.fire.02,涅槃丹凰,聖品,仙品,3,1,10000,fivephase_fallback
spirit_fusion.v2:spirit_beast.saint.fire.04:spirit_beast.saint.metal.06,spirit_beast.saint.fire.04,赤帝狻猊,spirit_beast.saint.metal.06,萬器祖龍,spirit_beast.immortal.fire.03,丹霄鳳皇,聖品,仙品,3,1,10000,fivephase_fallback
spirit_fusion.v2:spirit_beast.saint.fire.05:spirit_beast.saint.metal.06,spirit_beast.saint.fire.05,南明畢方,spirit_beast.saint.metal.06,萬器祖龍,spirit_beast.immortal.fire.04,赤霄畢方,聖品,仙品,3,1,10000,fivephase_fallback
spirit_fusion.v2:spirit_beast.saint.fire.06:spirit_beast.saint.metal.06,spirit_beast.saint.fire.06,永燼燭龍,spirit_beast.saint.metal.06,萬器祖龍,spirit_beast.immortal.fire.05,永燼燭龍,聖品,仙品,3,1,10000,fivephase_fallback
spirit_fusion.v2:spirit_beast.saint.earth.01:spirit_beast.saint.metal.06,spirit_beast.saint.earth.01,九天麒麟,spirit_beast.saint.metal.06,萬器祖龍,spirit_beast.immortal.metal.06,萬劫應龍,聖品,仙品,3,1,10000,fivephase_fallback
spirit_fusion.v2:spirit_beast.saint.earth.02:spirit_beast.saint.metal.06,spirit_beast.saint.earth.02,鎮界贔屭,spirit_beast.saint.metal.06,萬器祖龍,spirit_beast.immortal.metal.01,混元白虎,聖品,仙品,3,1,10000,fivephase_fallback
spirit_fusion.v2:spirit_beast.saint.earth.03:spirit_beast.saint.metal.06,spirit_beast.saint.earth.03,不周巨靈,spirit_beast.saint.metal.06,萬器祖龍,spirit_beast.immortal.metal.02,太虛金鵬,聖品,仙品,3,1,10000,fivephase_fallback
spirit_fusion.v2:spirit_beast.saint.earth.04:spirit_beast.saint.metal.06,spirit_beast.saint.earth.04,開明神獸,spirit_beast.saint.metal.06,萬器祖龍,spirit_beast.immortal.metal.03,誅仙天猙,聖品,仙品,3,1,10000,fivephase_fallback
spirit_fusion.v2:spirit_beast.saint.earth.05:spirit_beast.saint.metal.06,spirit_beast.saint.earth.05,太荒騰蛇,spirit_beast.saint.metal.06,萬器祖龍,spirit_beast.immortal.metal.04,乾坤貔貅,聖品,仙品,3,1,10000,fivephase_fallback
spirit_fusion.v2:spirit_beast.saint.earth.06:spirit_beast.saint.metal.06,spirit_beast.saint.earth.06,幽冥諦聽,spirit_beast.saint.metal.06,萬器祖龍,spirit_beast.immortal.metal.05,斷界金翅鯤,聖品,仙品,3,1,10000,fivephase_fallback
spirit_fusion.v2:spirit_beast.saint.wood.01:spirit_beast.saint.wood.01,spirit_beast.saint.wood.01,神木白澤,spirit_beast.saint.wood.01,神木白澤,spirit_beast.immortal.wood.01,太初青龍,聖品,仙品,3,1,10000,same_species
spirit_fusion.v2:spirit_beast.saint.wood.01:spirit_beast.saint.wood.02,spirit_beast.saint.wood.01,神木白澤,spirit_beast.saint.wood.02,太初青龍,spirit_beast.immortal.wood.01,太初青龍,聖品,仙品,3,1,10000,named
spirit_fusion.v2:spirit_beast.saint.wood.01:spirit_beast.saint.wood.03,spirit_beast.saint.wood.01,神木白澤,spirit_beast.saint.wood.03,萬藥仙猿,spirit_beast.immortal.wood.03,太古夔皇,聖品,仙品,3,1,10000,fivephase_fallback
spirit_fusion.v2:spirit_beast.saint.wood.01:spirit_beast.saint.wood.04,spirit_beast.saint.wood.01,神木白澤,spirit_beast.saint.wood.04,榮枯九尾,spirit_beast.immortal.wood.04,百草九色鹿,聖品,仙品,3,1,10000,fivephase_fallback
spirit_fusion.v2:spirit_beast.saint.wood.01:spirit_beast.saint.wood.05,spirit_beast.saint.wood.01,神木白澤,spirit_beast.saint.wood.05,百華青鸞,spirit_beast.immortal.wood.05,元春青鸞,聖品,仙品,3,1,10000,fivephase_fallback
spirit_fusion.v2:spirit_beast.saint.wood.01:spirit_beast.saint.wood.06,spirit_beast.saint.wood.01,神木白澤,spirit_beast.saint.wood.06,玉枝祖麟,spirit_beast.immortal.wood.06,萬象祖麟,聖品,仙品,3,1,10000,named
spirit_fusion.v2:spirit_beast.saint.water.01:spirit_beast.saint.wood.01,spirit_beast.saint.water.01,覆海玄武,spirit_beast.saint.wood.01,神木白澤,spirit_beast.immortal.wood.01,太初青龍,聖品,仙品,3,1,10000,fivephase_fallback
spirit_fusion.v2:spirit_beast.saint.water.02:spirit_beast.saint.wood.01,spirit_beast.saint.water.02,北溟鯤鵬,spirit_beast.saint.wood.01,神木白澤,spirit_beast.immortal.wood.02,神木白澤,聖品,仙品,3,1,10000,fivephase_fallback
spirit_fusion.v2:spirit_beast.saint.water.03:spirit_beast.saint.wood.01,spirit_beast.saint.water.03,洛川應龍,spirit_beast.saint.wood.01,神木白澤,spirit_beast.immortal.wood.03,太古夔皇,聖品,仙品,3,1,10000,fivephase_fallback
spirit_fusion.v2:spirit_beast.saint.water.04:spirit_beast.saint.wood.01,spirit_beast.saint.water.04,雲夢鮫皇,spirit_beast.saint.wood.01,神木白澤,spirit_beast.immortal.wood.04,百草九色鹿,聖品,仙品,3,1,10000,fivephase_fallback
spirit_fusion.v2:spirit_beast.saint.water.05:spirit_beast.saint.wood.01,spirit_beast.saint.water.05,九曲水麒麟,spirit_beast.saint.wood.01,神木白澤,spirit_beast.immortal.wood.05,元春青鸞,聖品,仙品,3,1,10000,fivephase_fallback
spirit_fusion.v2:spirit_beast.saint.water.06:spirit_beast.saint.wood.01,spirit_beast.saint.water.06,玄淵蒼龍,spirit_beast.saint.wood.01,神木白澤,spirit_beast.immortal.wood.06,萬象祖麟,聖品,仙品,3,1,10000,fivephase_fallback
spirit_fusion.v2:spirit_beast.saint.fire.01:spirit_beast.saint.wood.01,spirit_beast.saint.fire.01,涅槃丹凰,spirit_beast.saint.wood.01,神木白澤,spirit_beast.immortal.fire.01,大日金烏,聖品,仙品,3,1,10000,fivephase_fallback
spirit_fusion.v2:spirit_beast.saint.fire.02:spirit_beast.saint.wood.01,spirit_beast.saint.fire.02,九曜丹凰,spirit_beast.saint.wood.01,神木白澤,spirit_beast.immortal.fire.02,涅槃丹凰,聖品,仙品,3,1,10000,fivephase_fallback
spirit_fusion.v2:spirit_beast.saint.fire.03:spirit_beast.saint.wood.01,spirit_beast.saint.fire.03,焚霄朱雀,spirit_beast.saint.wood.01,神木白澤,spirit_beast.immortal.fire.03,丹霄鳳皇,聖品,仙品,3,1,10000,fivephase_fallback
spirit_fusion.v2:spirit_beast.saint.fire.04:spirit_beast.saint.wood.01,spirit_beast.saint.fire.04,赤帝狻猊,spirit_beast.saint.wood.01,神木白澤,spirit_beast.immortal.fire.04,赤霄畢方,聖品,仙品,3,1,10000,fivephase_fallback
spirit_fusion.v2:spirit_beast.saint.fire.05:spirit_beast.saint.wood.01,spirit_beast.saint.fire.05,南明畢方,spirit_beast.saint.wood.01,神木白澤,spirit_beast.immortal.fire.05,永燼燭龍,聖品,仙品,3,1,10000,fivephase_fallback
spirit_fusion.v2:spirit_beast.saint.fire.06:spirit_beast.saint.wood.01,spirit_beast.saint.fire.06,永燼燭龍,spirit_beast.saint.wood.01,神木白澤,spirit_beast.immortal.fire.06,離天狻猊,聖品,仙品,3,1,10000,fivephase_fallback
spirit_fusion.v2:spirit_beast.saint.earth.01:spirit_beast.saint.wood.01,spirit_beast.saint.earth.01,九天麒麟,spirit_beast.saint.wood.01,神木白澤,spirit_beast.immortal.wood.01,太初青龍,聖品,仙品,3,1,10000,fivephase_fallback
spirit_fusion.v2:spirit_beast.saint.earth.02:spirit_beast.saint.wood.01,spirit_beast.saint.earth.02,鎮界贔屭,spirit_beast.saint.wood.01,神木白澤,spirit_beast.immortal.wood.02,神木白澤,聖品,仙品,3,1,10000,fivephase_fallback
spirit_fusion.v2:spirit_beast.saint.earth.03:spirit_beast.saint.wood.01,spirit_beast.saint.earth.03,不周巨靈,spirit_beast.saint.wood.01,神木白澤,spirit_beast.immortal.wood.03,太古夔皇,聖品,仙品,3,1,10000,fivephase_fallback
spirit_fusion.v2:spirit_beast.saint.earth.04:spirit_beast.saint.wood.01,spirit_beast.saint.earth.04,開明神獸,spirit_beast.saint.wood.01,神木白澤,spirit_beast.immortal.wood.04,百草九色鹿,聖品,仙品,3,1,10000,fivephase_fallback
spirit_fusion.v2:spirit_beast.saint.earth.05:spirit_beast.saint.wood.01,spirit_beast.saint.earth.05,太荒騰蛇,spirit_beast.saint.wood.01,神木白澤,spirit_beast.immortal.wood.05,元春青鸞,聖品,仙品,3,1,10000,fivephase_fallback
spirit_fusion.v2:spirit_beast.saint.earth.06:spirit_beast.saint.wood.01,spirit_beast.saint.earth.06,幽冥諦聽,spirit_beast.saint.wood.01,神木白澤,spirit_beast.immortal.wood.06,萬象祖麟,聖品,仙品,3,1,10000,fivephase_fallback
spirit_fusion.v2:spirit_beast.saint.wood.02:spirit_beast.saint.wood.02,spirit_beast.saint.wood.02,太初青龍,spirit_beast.saint.wood.02,太初青龍,spirit_beast.immortal.wood.02,神木白澤,聖品,仙品,3,1,10000,same_species
spirit_fusion.v2:spirit_beast.saint.wood.02:spirit_beast.saint.wood.03,spirit_beast.saint.wood.02,太初青龍,spirit_beast.saint.wood.03,萬藥仙猿,spirit_beast.immortal.wood.02,神木白澤,聖品,仙品,3,1,10000,named
spirit_fusion.v2:spirit_beast.saint.wood.02:spirit_beast.saint.wood.04,spirit_beast.saint.wood.02,太初青龍,spirit_beast.saint.wood.04,榮枯九尾,spirit_beast.immortal.wood.05,元春青鸞,聖品,仙品,3,1,10000,fivephase_fallback
spirit_fusion.v2:spirit_beast.saint.wood.02:spirit_beast.saint.wood.05,spirit_beast.saint.wood.02,太初青龍,spirit_beast.saint.wood.05,百華青鸞,spirit_beast.immortal.wood.06,萬象祖麟,聖品,仙品,3,1,10000,fivephase_fallback
spirit_fusion.v2:spirit_beast.saint.wood.02:spirit_beast.saint.wood.06,spirit_beast.saint.wood.02,太初青龍,spirit_beast.saint.wood.06,玉枝祖麟,spirit_beast.immortal.wood.01,太初青龍,聖品,仙品,3,1,10000,fivephase_fallback
spirit_fusion.v2:spirit_beast.saint.water.01:spirit_beast.saint.wood.02,spirit_beast.saint.water.01,覆海玄武,spirit_beast.saint.wood.02,太初青龍,spirit_beast.immortal.wood.02,神木白澤,聖品,仙品,3,1,10000,fivephase_fallback
spirit_fusion.v2:spirit_beast.saint.water.02:spirit_beast.saint.wood.02,spirit_beast.saint.water.02,北溟鯤鵬,spirit_beast.saint.wood.02,太初青龍,spirit_beast.immortal.wood.03,太古夔皇,聖品,仙品,3,1,10000,fivephase_fallback
spirit_fusion.v2:spirit_beast.saint.water.03:spirit_beast.saint.wood.02,spirit_beast.saint.water.03,洛川應龍,spirit_beast.saint.wood.02,太初青龍,spirit_beast.immortal.wood.04,百草九色鹿,聖品,仙品,3,1,10000,fivephase_fallback
spirit_fusion.v2:spirit_beast.saint.water.04:spirit_beast.saint.wood.02,spirit_beast.saint.water.04,雲夢鮫皇,spirit_beast.saint.wood.02,太初青龍,spirit_beast.immortal.wood.05,元春青鸞,聖品,仙品,3,1,10000,fivephase_fallback
spirit_fusion.v2:spirit_beast.saint.water.05:spirit_beast.saint.wood.02,spirit_beast.saint.water.05,九曲水麒麟,spirit_beast.saint.wood.02,太初青龍,spirit_beast.immortal.wood.06,萬象祖麟,聖品,仙品,3,1,10000,fivephase_fallback
spirit_fusion.v2:spirit_beast.saint.water.06:spirit_beast.saint.wood.02,spirit_beast.saint.water.06,玄淵蒼龍,spirit_beast.saint.wood.02,太初青龍,spirit_beast.immortal.wood.01,太初青龍,聖品,仙品,3,1,10000,fivephase_fallback
spirit_fusion.v2:spirit_beast.saint.fire.01:spirit_beast.saint.wood.02,spirit_beast.saint.fire.01,涅槃丹凰,spirit_beast.saint.wood.02,太初青龍,spirit_beast.immortal.fire.02,涅槃丹凰,聖品,仙品,3,1,10000,fivephase_fallback
spirit_fusion.v2:spirit_beast.saint.fire.02:spirit_beast.saint.wood.02,spirit_beast.saint.fire.02,九曜丹凰,spirit_beast.saint.wood.02,太初青龍,spirit_beast.immortal.fire.03,丹霄鳳皇,聖品,仙品,3,1,10000,fivephase_fallback
spirit_fusion.v2:spirit_beast.saint.fire.03:spirit_beast.saint.wood.02,spirit_beast.saint.fire.03,焚霄朱雀,spirit_beast.saint.wood.02,太初青龍,spirit_beast.immortal.fire.04,赤霄畢方,聖品,仙品,3,1,10000,fivephase_fallback
spirit_fusion.v2:spirit_beast.saint.fire.04:spirit_beast.saint.wood.02,spirit_beast.saint.fire.04,赤帝狻猊,spirit_beast.saint.wood.02,太初青龍,spirit_beast.immortal.fire.05,永燼燭龍,聖品,仙品,3,1,10000,fivephase_fallback
spirit_fusion.v2:spirit_beast.saint.fire.05:spirit_beast.saint.wood.02,spirit_beast.saint.fire.05,南明畢方,spirit_beast.saint.wood.02,太初青龍,spirit_beast.immortal.fire.06,離天狻猊,聖品,仙品,3,1,10000,fivephase_fallback
spirit_fusion.v2:spirit_beast.saint.fire.06:spirit_beast.saint.wood.02,spirit_beast.saint.fire.06,永燼燭龍,spirit_beast.saint.wood.02,太初青龍,spirit_beast.immortal.fire.01,大日金烏,聖品,仙品,3,1,10000,fivephase_fallback
spirit_fusion.v2:spirit_beast.saint.earth.01:spirit_beast.saint.wood.02,spirit_beast.saint.earth.01,九天麒麟,spirit_beast.saint.wood.02,太初青龍,spirit_beast.immortal.wood.02,神木白澤,聖品,仙品,3,1,10000,fivephase_fallback
spirit_fusion.v2:spirit_beast.saint.earth.02:spirit_beast.saint.wood.02,spirit_beast.saint.earth.02,鎮界贔屭,spirit_beast.saint.wood.02,太初青龍,spirit_beast.immortal.wood.03,太古夔皇,聖品,仙品,3,1,10000,fivephase_fallback
spirit_fusion.v2:spirit_beast.saint.earth.03:spirit_beast.saint.wood.02,spirit_beast.saint.earth.03,不周巨靈,spirit_beast.saint.wood.02,太初青龍,spirit_beast.immortal.wood.04,百草九色鹿,聖品,仙品,3,1,10000,fivephase_fallback
spirit_fusion.v2:spirit_beast.saint.earth.04:spirit_beast.saint.wood.02,spirit_beast.saint.earth.04,開明神獸,spirit_beast.saint.wood.02,太初青龍,spirit_beast.immortal.wood.05,元春青鸞,聖品,仙品,3,1,10000,fivephase_fallback
spirit_fusion.v2:spirit_beast.saint.earth.05:spirit_beast.saint.wood.02,spirit_beast.saint.earth.05,太荒騰蛇,spirit_beast.saint.wood.02,太初青龍,spirit_beast.immortal.wood.06,萬象祖麟,聖品,仙品,3,1,10000,fivephase_fallback
spirit_fusion.v2:spirit_beast.saint.earth.06:spirit_beast.saint.wood.02,spirit_beast.saint.earth.06,幽冥諦聽,spirit_beast.saint.wood.02,太初青龍,spirit_beast.immortal.wood.01,太初青龍,聖品,仙品,3,1,10000,fivephase_fallback
spirit_fusion.v2:spirit_beast.saint.wood.03:spirit_beast.saint.wood.03,spirit_beast.saint.wood.03,萬藥仙猿,spirit_beast.saint.wood.03,萬藥仙猿,spirit_beast.immortal.wood.03,太古夔皇,聖品,仙品,3,1,10000,same_species
spirit_fusion.v2:spirit_beast.saint.wood.03:spirit_beast.saint.wood.04,spirit_beast.saint.wood.03,萬藥仙猿,spirit_beast.saint.wood.04,榮枯九尾,spirit_beast.immortal.wood.03,太古夔皇,聖品,仙品,3,1,10000,named
spirit_fusion.v2:spirit_beast.saint.wood.03:spirit_beast.saint.wood.05,spirit_beast.saint.wood.03,萬藥仙猿,spirit_beast.saint.wood.05,百華青鸞,spirit_beast.immortal.wood.01,太初青龍,聖品,仙品,3,1,10000,fivephase_fallback
spirit_fusion.v2:spirit_beast.saint.wood.03:spirit_beast.saint.wood.06,spirit_beast.saint.wood.03,萬藥仙猿,spirit_beast.saint.wood.06,玉枝祖麟,spirit_beast.immortal.wood.02,神木白澤,聖品,仙品,3,1,10000,fivephase_fallback
spirit_fusion.v2:spirit_beast.saint.water.01:spirit_beast.saint.wood.03,spirit_beast.saint.water.01,覆海玄武,spirit_beast.saint.wood.03,萬藥仙猿,spirit_beast.immortal.wood.03,太古夔皇,聖品,仙品,3,1,10000,fivephase_fallback
spirit_fusion.v2:spirit_beast.saint.water.02:spirit_beast.saint.wood.03,spirit_beast.saint.water.02,北溟鯤鵬,spirit_beast.saint.wood.03,萬藥仙猿,spirit_beast.immortal.wood.04,百草九色鹿,聖品,仙品,3,1,10000,fivephase_fallback
spirit_fusion.v2:spirit_beast.saint.water.03:spirit_beast.saint.wood.03,spirit_beast.saint.water.03,洛川應龍,spirit_beast.saint.wood.03,萬藥仙猿,spirit_beast.immortal.wood.05,元春青鸞,聖品,仙品,3,1,10000,fivephase_fallback
spirit_fusion.v2:spirit_beast.saint.water.04:spirit_beast.saint.wood.03,spirit_beast.saint.water.04,雲夢鮫皇,spirit_beast.saint.wood.03,萬藥仙猿,spirit_beast.immortal.wood.06,萬象祖麟,聖品,仙品,3,1,10000,fivephase_fallback
spirit_fusion.v2:spirit_beast.saint.water.05:spirit_beast.saint.wood.03,spirit_beast.saint.water.05,九曲水麒麟,spirit_beast.saint.wood.03,萬藥仙猿,spirit_beast.immortal.wood.01,太初青龍,聖品,仙品,3,1,10000,fivephase_fallback
spirit_fusion.v2:spirit_beast.saint.water.06:spirit_beast.saint.wood.03,spirit_beast.saint.water.06,玄淵蒼龍,spirit_beast.saint.wood.03,萬藥仙猿,spirit_beast.immortal.wood.02,神木白澤,聖品,仙品,3,1,10000,fivephase_fallback
spirit_fusion.v2:spirit_beast.saint.fire.01:spirit_beast.saint.wood.03,spirit_beast.saint.fire.01,涅槃丹凰,spirit_beast.saint.wood.03,萬藥仙猿,spirit_beast.immortal.fire.03,丹霄鳳皇,聖品,仙品,3,1,10000,fivephase_fallback
spirit_fusion.v2:spirit_beast.saint.fire.02:spirit_beast.saint.wood.03,spirit_beast.saint.fire.02,九曜丹凰,spirit_beast.saint.wood.03,萬藥仙猿,spirit_beast.immortal.fire.04,赤霄畢方,聖品,仙品,3,1,10000,fivephase_fallback
spirit_fusion.v2:spirit_beast.saint.fire.03:spirit_beast.saint.wood.03,spirit_beast.saint.fire.03,焚霄朱雀,spirit_beast.saint.wood.03,萬藥仙猿,spirit_beast.immortal.fire.05,永燼燭龍,聖品,仙品,3,1,10000,fivephase_fallback
spirit_fusion.v2:spirit_beast.saint.fire.04:spirit_beast.saint.wood.03,spirit_beast.saint.fire.04,赤帝狻猊,spirit_beast.saint.wood.03,萬藥仙猿,spirit_beast.immortal.fire.06,離天狻猊,聖品,仙品,3,1,10000,fivephase_fallback
spirit_fusion.v2:spirit_beast.saint.fire.05:spirit_beast.saint.wood.03,spirit_beast.saint.fire.05,南明畢方,spirit_beast.saint.wood.03,萬藥仙猿,spirit_beast.immortal.fire.01,大日金烏,聖品,仙品,3,1,10000,fivephase_fallback
spirit_fusion.v2:spirit_beast.saint.fire.06:spirit_beast.saint.wood.03,spirit_beast.saint.fire.06,永燼燭龍,spirit_beast.saint.wood.03,萬藥仙猿,spirit_beast.immortal.fire.02,涅槃丹凰,聖品,仙品,3,1,10000,fivephase_fallback
spirit_fusion.v2:spirit_beast.saint.earth.01:spirit_beast.saint.wood.03,spirit_beast.saint.earth.01,九天麒麟,spirit_beast.saint.wood.03,萬藥仙猿,spirit_beast.immortal.wood.03,太古夔皇,聖品,仙品,3,1,10000,fivephase_fallback
spirit_fusion.v2:spirit_beast.saint.earth.02:spirit_beast.saint.wood.03,spirit_beast.saint.earth.02,鎮界贔屭,spirit_beast.saint.wood.03,萬藥仙猿,spirit_beast.immortal.wood.04,百草九色鹿,聖品,仙品,3,1,10000,fivephase_fallback
spirit_fusion.v2:spirit_beast.saint.earth.03:spirit_beast.saint.wood.03,spirit_beast.saint.earth.03,不周巨靈,spirit_beast.saint.wood.03,萬藥仙猿,spirit_beast.immortal.wood.05,元春青鸞,聖品,仙品,3,1,10000,fivephase_fallback
spirit_fusion.v2:spirit_beast.saint.earth.04:spirit_beast.saint.wood.03,spirit_beast.saint.earth.04,開明神獸,spirit_beast.saint.wood.03,萬藥仙猿,spirit_beast.immortal.wood.06,萬象祖麟,聖品,仙品,3,1,10000,fivephase_fallback
spirit_fusion.v2:spirit_beast.saint.earth.05:spirit_beast.saint.wood.03,spirit_beast.saint.earth.05,太荒騰蛇,spirit_beast.saint.wood.03,萬藥仙猿,spirit_beast.immortal.wood.01,太初青龍,聖品,仙品,3,1,10000,fivephase_fallback
spirit_fusion.v2:spirit_beast.saint.earth.06:spirit_beast.saint.wood.03,spirit_beast.saint.earth.06,幽冥諦聽,spirit_beast.saint.wood.03,萬藥仙猿,spirit_beast.immortal.wood.02,神木白澤,聖品,仙品,3,1,10000,fivephase_fallback
spirit_fusion.v2:spirit_beast.saint.wood.04:spirit_beast.saint.wood.04,spirit_beast.saint.wood.04,榮枯九尾,spirit_beast.saint.wood.04,榮枯九尾,spirit_beast.immortal.wood.04,百草九色鹿,聖品,仙品,3,1,10000,same_species
spirit_fusion.v2:spirit_beast.saint.wood.04:spirit_beast.saint.wood.05,spirit_beast.saint.wood.04,榮枯九尾,spirit_beast.saint.wood.05,百華青鸞,spirit_beast.immortal.wood.04,百草九色鹿,聖品,仙品,3,1,10000,named
spirit_fusion.v2:spirit_beast.saint.wood.04:spirit_beast.saint.wood.06,spirit_beast.saint.wood.04,榮枯九尾,spirit_beast.saint.wood.06,玉枝祖麟,spirit_beast.immortal.wood.03,太古夔皇,聖品,仙品,3,1,10000,fivephase_fallback
spirit_fusion.v2:spirit_beast.saint.water.01:spirit_beast.saint.wood.04,spirit_beast.saint.water.01,覆海玄武,spirit_beast.saint.wood.04,榮枯九尾,spirit_beast.immortal.wood.04,百草九色鹿,聖品,仙品,3,1,10000,fivephase_fallback
spirit_fusion.v2:spirit_beast.saint.water.02:spirit_beast.saint.wood.04,spirit_beast.saint.water.02,北溟鯤鵬,spirit_beast.saint.wood.04,榮枯九尾,spirit_beast.immortal.wood.05,元春青鸞,聖品,仙品,3,1,10000,fivephase_fallback
spirit_fusion.v2:spirit_beast.saint.water.03:spirit_beast.saint.wood.04,spirit_beast.saint.water.03,洛川應龍,spirit_beast.saint.wood.04,榮枯九尾,spirit_beast.immortal.wood.06,萬象祖麟,聖品,仙品,3,1,10000,fivephase_fallback
spirit_fusion.v2:spirit_beast.saint.water.04:spirit_beast.saint.wood.04,spirit_beast.saint.water.04,雲夢鮫皇,spirit_beast.saint.wood.04,榮枯九尾,spirit_beast.immortal.wood.01,太初青龍,聖品,仙品,3,1,10000,fivephase_fallback
spirit_fusion.v2:spirit_beast.saint.water.05:spirit_beast.saint.wood.04,spirit_beast.saint.water.05,九曲水麒麟,spirit_beast.saint.wood.04,榮枯九尾,spirit_beast.immortal.wood.02,神木白澤,聖品,仙品,3,1,10000,fivephase_fallback
spirit_fusion.v2:spirit_beast.saint.water.06:spirit_beast.saint.wood.04,spirit_beast.saint.water.06,玄淵蒼龍,spirit_beast.saint.wood.04,榮枯九尾,spirit_beast.immortal.wood.03,太古夔皇,聖品,仙品,3,1,10000,fivephase_fallback
spirit_fusion.v2:spirit_beast.saint.fire.01:spirit_beast.saint.wood.04,spirit_beast.saint.fire.01,涅槃丹凰,spirit_beast.saint.wood.04,榮枯九尾,spirit_beast.immortal.fire.04,赤霄畢方,聖品,仙品,3,1,10000,fivephase_fallback
spirit_fusion.v2:spirit_beast.saint.fire.02:spirit_beast.saint.wood.04,spirit_beast.saint.fire.02,九曜丹凰,spirit_beast.saint.wood.04,榮枯九尾,spirit_beast.immortal.fire.05,永燼燭龍,聖品,仙品,3,1,10000,fivephase_fallback
spirit_fusion.v2:spirit_beast.saint.fire.03:spirit_beast.saint.wood.04,spirit_beast.saint.fire.03,焚霄朱雀,spirit_beast.saint.wood.04,榮枯九尾,spirit_beast.immortal.fire.06,離天狻猊,聖品,仙品,3,1,10000,fivephase_fallback
spirit_fusion.v2:spirit_beast.saint.fire.04:spirit_beast.saint.wood.04,spirit_beast.saint.fire.04,赤帝狻猊,spirit_beast.saint.wood.04,榮枯九尾,spirit_beast.immortal.fire.01,大日金烏,聖品,仙品,3,1,10000,fivephase_fallback
spirit_fusion.v2:spirit_beast.saint.fire.05:spirit_beast.saint.wood.04,spirit_beast.saint.fire.05,南明畢方,spirit_beast.saint.wood.04,榮枯九尾,spirit_beast.immortal.fire.02,涅槃丹凰,聖品,仙品,3,1,10000,fivephase_fallback
spirit_fusion.v2:spirit_beast.saint.fire.06:spirit_beast.saint.wood.04,spirit_beast.saint.fire.06,永燼燭龍,spirit_beast.saint.wood.04,榮枯九尾,spirit_beast.immortal.fire.03,丹霄鳳皇,聖品,仙品,3,1,10000,fivephase_fallback
spirit_fusion.v2:spirit_beast.saint.earth.01:spirit_beast.saint.wood.04,spirit_beast.saint.earth.01,九天麒麟,spirit_beast.saint.wood.04,榮枯九尾,spirit_beast.immortal.wood.04,百草九色鹿,聖品,仙品,3,1,10000,fivephase_fallback
spirit_fusion.v2:spirit_beast.saint.earth.02:spirit_beast.saint.wood.04,spirit_beast.saint.earth.02,鎮界贔屭,spirit_beast.saint.wood.04,榮枯九尾,spirit_beast.immortal.wood.05,元春青鸞,聖品,仙品,3,1,10000,fivephase_fallback
spirit_fusion.v2:spirit_beast.saint.earth.03:spirit_beast.saint.wood.04,spirit_beast.saint.earth.03,不周巨靈,spirit_beast.saint.wood.04,榮枯九尾,spirit_beast.immortal.wood.06,萬象祖麟,聖品,仙品,3,1,10000,fivephase_fallback
spirit_fusion.v2:spirit_beast.saint.earth.04:spirit_beast.saint.wood.04,spirit_beast.saint.earth.04,開明神獸,spirit_beast.saint.wood.04,榮枯九尾,spirit_beast.immortal.wood.01,太初青龍,聖品,仙品,3,1,10000,fivephase_fallback
spirit_fusion.v2:spirit_beast.saint.earth.05:spirit_beast.saint.wood.04,spirit_beast.saint.earth.05,太荒騰蛇,spirit_beast.saint.wood.04,榮枯九尾,spirit_beast.immortal.wood.02,神木白澤,聖品,仙品,3,1,10000,fivephase_fallback
spirit_fusion.v2:spirit_beast.saint.earth.06:spirit_beast.saint.wood.04,spirit_beast.saint.earth.06,幽冥諦聽,spirit_beast.saint.wood.04,榮枯九尾,spirit_beast.immortal.wood.03,太古夔皇,聖品,仙品,3,1,10000,fivephase_fallback
spirit_fusion.v2:spirit_beast.saint.wood.05:spirit_beast.saint.wood.05,spirit_beast.saint.wood.05,百華青鸞,spirit_beast.saint.wood.05,百華青鸞,spirit_beast.immortal.wood.05,元春青鸞,聖品,仙品,3,1,10000,same_species
spirit_fusion.v2:spirit_beast.saint.wood.05:spirit_beast.saint.wood.06,spirit_beast.saint.wood.05,百華青鸞,spirit_beast.saint.wood.06,玉枝祖麟,spirit_beast.immortal.wood.05,元春青鸞,聖品,仙品,3,1,10000,named
spirit_fusion.v2:spirit_beast.saint.water.01:spirit_beast.saint.wood.05,spirit_beast.saint.water.01,覆海玄武,spirit_beast.saint.wood.05,百華青鸞,spirit_beast.immortal.wood.05,元春青鸞,聖品,仙品,3,1,10000,fivephase_fallback
spirit_fusion.v2:spirit_beast.saint.water.02:spirit_beast.saint.wood.05,spirit_beast.saint.water.02,北溟鯤鵬,spirit_beast.saint.wood.05,百華青鸞,spirit_beast.immortal.wood.06,萬象祖麟,聖品,仙品,3,1,10000,fivephase_fallback
spirit_fusion.v2:spirit_beast.saint.water.03:spirit_beast.saint.wood.05,spirit_beast.saint.water.03,洛川應龍,spirit_beast.saint.wood.05,百華青鸞,spirit_beast.immortal.wood.01,太初青龍,聖品,仙品,3,1,10000,fivephase_fallback
spirit_fusion.v2:spirit_beast.saint.water.04:spirit_beast.saint.wood.05,spirit_beast.saint.water.04,雲夢鮫皇,spirit_beast.saint.wood.05,百華青鸞,spirit_beast.immortal.wood.02,神木白澤,聖品,仙品,3,1,10000,fivephase_fallback
spirit_fusion.v2:spirit_beast.saint.water.05:spirit_beast.saint.wood.05,spirit_beast.saint.water.05,九曲水麒麟,spirit_beast.saint.wood.05,百華青鸞,spirit_beast.immortal.wood.03,太古夔皇,聖品,仙品,3,1,10000,fivephase_fallback
spirit_fusion.v2:spirit_beast.saint.water.06:spirit_beast.saint.wood.05,spirit_beast.saint.water.06,玄淵蒼龍,spirit_beast.saint.wood.05,百華青鸞,spirit_beast.immortal.wood.04,百草九色鹿,聖品,仙品,3,1,10000,fivephase_fallback
spirit_fusion.v2:spirit_beast.saint.fire.01:spirit_beast.saint.wood.05,spirit_beast.saint.fire.01,涅槃丹凰,spirit_beast.saint.wood.05,百華青鸞,spirit_beast.immortal.fire.05,永燼燭龍,聖品,仙品,3,1,10000,fivephase_fallback
spirit_fusion.v2:spirit_beast.saint.fire.02:spirit_beast.saint.wood.05,spirit_beast.saint.fire.02,九曜丹凰,spirit_beast.saint.wood.05,百華青鸞,spirit_beast.immortal.fire.06,離天狻猊,聖品,仙品,3,1,10000,fivephase_fallback
spirit_fusion.v2:spirit_beast.saint.fire.03:spirit_beast.saint.wood.05,spirit_beast.saint.fire.03,焚霄朱雀,spirit_beast.saint.wood.05,百華青鸞,spirit_beast.immortal.fire.01,大日金烏,聖品,仙品,3,1,10000,fivephase_fallback
spirit_fusion.v2:spirit_beast.saint.fire.04:spirit_beast.saint.wood.05,spirit_beast.saint.fire.04,赤帝狻猊,spirit_beast.saint.wood.05,百華青鸞,spirit_beast.immortal.fire.02,涅槃丹凰,聖品,仙品,3,1,10000,fivephase_fallback
spirit_fusion.v2:spirit_beast.saint.fire.05:spirit_beast.saint.wood.05,spirit_beast.saint.fire.05,南明畢方,spirit_beast.saint.wood.05,百華青鸞,spirit_beast.immortal.fire.03,丹霄鳳皇,聖品,仙品,3,1,10000,fivephase_fallback
spirit_fusion.v2:spirit_beast.saint.fire.06:spirit_beast.saint.wood.05,spirit_beast.saint.fire.06,永燼燭龍,spirit_beast.saint.wood.05,百華青鸞,spirit_beast.immortal.fire.04,赤霄畢方,聖品,仙品,3,1,10000,fivephase_fallback
spirit_fusion.v2:spirit_beast.saint.earth.01:spirit_beast.saint.wood.05,spirit_beast.saint.earth.01,九天麒麟,spirit_beast.saint.wood.05,百華青鸞,spirit_beast.immortal.wood.05,元春青鸞,聖品,仙品,3,1,10000,fivephase_fallback
spirit_fusion.v2:spirit_beast.saint.earth.02:spirit_beast.saint.wood.05,spirit_beast.saint.earth.02,鎮界贔屭,spirit_beast.saint.wood.05,百華青鸞,spirit_beast.immortal.wood.06,萬象祖麟,聖品,仙品,3,1,10000,fivephase_fallback
spirit_fusion.v2:spirit_beast.saint.earth.03:spirit_beast.saint.wood.05,spirit_beast.saint.earth.03,不周巨靈,spirit_beast.saint.wood.05,百華青鸞,spirit_beast.immortal.wood.01,太初青龍,聖品,仙品,3,1,10000,fivephase_fallback
spirit_fusion.v2:spirit_beast.saint.earth.04:spirit_beast.saint.wood.05,spirit_beast.saint.earth.04,開明神獸,spirit_beast.saint.wood.05,百華青鸞,spirit_beast.immortal.wood.02,神木白澤,聖品,仙品,3,1,10000,fivephase_fallback
spirit_fusion.v2:spirit_beast.saint.earth.05:spirit_beast.saint.wood.05,spirit_beast.saint.earth.05,太荒騰蛇,spirit_beast.saint.wood.05,百華青鸞,spirit_beast.immortal.wood.03,太古夔皇,聖品,仙品,3,1,10000,fivephase_fallback
spirit_fusion.v2:spirit_beast.saint.earth.06:spirit_beast.saint.wood.05,spirit_beast.saint.earth.06,幽冥諦聽,spirit_beast.saint.wood.05,百華青鸞,spirit_beast.immortal.wood.04,百草九色鹿,聖品,仙品,3,1,10000,fivephase_fallback
spirit_fusion.v2:spirit_beast.saint.wood.06:spirit_beast.saint.wood.06,spirit_beast.saint.wood.06,玉枝祖麟,spirit_beast.saint.wood.06,玉枝祖麟,spirit_beast.immortal.wood.06,萬象祖麟,聖品,仙品,3,1,10000,same_species
spirit_fusion.v2:spirit_beast.saint.water.01:spirit_beast.saint.wood.06,spirit_beast.saint.water.01,覆海玄武,spirit_beast.saint.wood.06,玉枝祖麟,spirit_beast.immortal.wood.06,萬象祖麟,聖品,仙品,3,1,10000,fivephase_fallback
spirit_fusion.v2:spirit_beast.saint.water.02:spirit_beast.saint.wood.06,spirit_beast.saint.water.02,北溟鯤鵬,spirit_beast.saint.wood.06,玉枝祖麟,spirit_beast.immortal.wood.01,太初青龍,聖品,仙品,3,1,10000,fivephase_fallback
spirit_fusion.v2:spirit_beast.saint.water.03:spirit_beast.saint.wood.06,spirit_beast.saint.water.03,洛川應龍,spirit_beast.saint.wood.06,玉枝祖麟,spirit_beast.immortal.wood.02,神木白澤,聖品,仙品,3,1,10000,fivephase_fallback
spirit_fusion.v2:spirit_beast.saint.water.04:spirit_beast.saint.wood.06,spirit_beast.saint.water.04,雲夢鮫皇,spirit_beast.saint.wood.06,玉枝祖麟,spirit_beast.immortal.wood.03,太古夔皇,聖品,仙品,3,1,10000,fivephase_fallback
spirit_fusion.v2:spirit_beast.saint.water.05:spirit_beast.saint.wood.06,spirit_beast.saint.water.05,九曲水麒麟,spirit_beast.saint.wood.06,玉枝祖麟,spirit_beast.immortal.wood.04,百草九色鹿,聖品,仙品,3,1,10000,fivephase_fallback
spirit_fusion.v2:spirit_beast.saint.water.06:spirit_beast.saint.wood.06,spirit_beast.saint.water.06,玄淵蒼龍,spirit_beast.saint.wood.06,玉枝祖麟,spirit_beast.immortal.wood.05,元春青鸞,聖品,仙品,3,1,10000,fivephase_fallback
spirit_fusion.v2:spirit_beast.saint.fire.01:spirit_beast.saint.wood.06,spirit_beast.saint.fire.01,涅槃丹凰,spirit_beast.saint.wood.06,玉枝祖麟,spirit_beast.immortal.fire.06,離天狻猊,聖品,仙品,3,1,10000,fivephase_fallback
spirit_fusion.v2:spirit_beast.saint.fire.02:spirit_beast.saint.wood.06,spirit_beast.saint.fire.02,九曜丹凰,spirit_beast.saint.wood.06,玉枝祖麟,spirit_beast.immortal.fire.01,大日金烏,聖品,仙品,3,1,10000,fivephase_fallback
spirit_fusion.v2:spirit_beast.saint.fire.03:spirit_beast.saint.wood.06,spirit_beast.saint.fire.03,焚霄朱雀,spirit_beast.saint.wood.06,玉枝祖麟,spirit_beast.immortal.fire.02,涅槃丹凰,聖品,仙品,3,1,10000,fivephase_fallback
spirit_fusion.v2:spirit_beast.saint.fire.04:spirit_beast.saint.wood.06,spirit_beast.saint.fire.04,赤帝狻猊,spirit_beast.saint.wood.06,玉枝祖麟,spirit_beast.immortal.fire.03,丹霄鳳皇,聖品,仙品,3,1,10000,fivephase_fallback
spirit_fusion.v2:spirit_beast.saint.fire.05:spirit_beast.saint.wood.06,spirit_beast.saint.fire.05,南明畢方,spirit_beast.saint.wood.06,玉枝祖麟,spirit_beast.immortal.fire.04,赤霄畢方,聖品,仙品,3,1,10000,fivephase_fallback
spirit_fusion.v2:spirit_beast.saint.fire.06:spirit_beast.saint.wood.06,spirit_beast.saint.fire.06,永燼燭龍,spirit_beast.saint.wood.06,玉枝祖麟,spirit_beast.immortal.fire.05,永燼燭龍,聖品,仙品,3,1,10000,fivephase_fallback
spirit_fusion.v2:spirit_beast.saint.earth.01:spirit_beast.saint.wood.06,spirit_beast.saint.earth.01,九天麒麟,spirit_beast.saint.wood.06,玉枝祖麟,spirit_beast.immortal.wood.06,萬象祖麟,聖品,仙品,3,1,10000,fivephase_fallback
spirit_fusion.v2:spirit_beast.saint.earth.02:spirit_beast.saint.wood.06,spirit_beast.saint.earth.02,鎮界贔屭,spirit_beast.saint.wood.06,玉枝祖麟,spirit_beast.immortal.wood.01,太初青龍,聖品,仙品,3,1,10000,fivephase_fallback
spirit_fusion.v2:spirit_beast.saint.earth.03:spirit_beast.saint.wood.06,spirit_beast.saint.earth.03,不周巨靈,spirit_beast.saint.wood.06,玉枝祖麟,spirit_beast.immortal.wood.02,神木白澤,聖品,仙品,3,1,10000,fivephase_fallback
spirit_fusion.v2:spirit_beast.saint.earth.04:spirit_beast.saint.wood.06,spirit_beast.saint.earth.04,開明神獸,spirit_beast.saint.wood.06,玉枝祖麟,spirit_beast.immortal.wood.03,太古夔皇,聖品,仙品,3,1,10000,fivephase_fallback
spirit_fusion.v2:spirit_beast.saint.earth.05:spirit_beast.saint.wood.06,spirit_beast.saint.earth.05,太荒騰蛇,spirit_beast.saint.wood.06,玉枝祖麟,spirit_beast.immortal.wood.04,百草九色鹿,聖品,仙品,3,1,10000,fivephase_fallback
spirit_fusion.v2:spirit_beast.saint.earth.06:spirit_beast.saint.wood.06,spirit_beast.saint.earth.06,幽冥諦聽,spirit_beast.saint.wood.06,玉枝祖麟,spirit_beast.immortal.wood.05,元春青鸞,聖品,仙品,3,1,10000,fivephase_fallback
spirit_fusion.v2:spirit_beast.saint.water.01:spirit_beast.saint.water.01,spirit_beast.saint.water.01,覆海玄武,spirit_beast.saint.water.01,覆海玄武,spirit_beast.immortal.water.01,滄海玄武,聖品,仙品,3,1,10000,same_species
spirit_fusion.v2:spirit_beast.saint.water.01:spirit_beast.saint.water.02,spirit_beast.saint.water.01,覆海玄武,spirit_beast.saint.water.02,北溟鯤鵬,spirit_beast.immortal.water.01,滄海玄武,聖品,仙品,3,1,10000,named
spirit_fusion.v2:spirit_beast.saint.water.01:spirit_beast.saint.water.03,spirit_beast.saint.water.01,覆海玄武,spirit_beast.saint.water.03,洛川應龍,spirit_beast.immortal.water.03,銀河應龍,聖品,仙品,3,1,10000,fivephase_fallback
spirit_fusion.v2:spirit_beast.saint.water.01:spirit_beast.saint.water.04,spirit_beast.saint.water.01,覆海玄武,spirit_beast.saint.water.04,雲夢鮫皇,spirit_beast.immortal.water.04,玄冥冰夷,聖品,仙品,3,1,10000,fivephase_fallback
spirit_fusion.v2:spirit_beast.saint.water.01:spirit_beast.saint.water.05,spirit_beast.saint.water.01,覆海玄武,spirit_beast.saint.water.05,九曲水麒麟,spirit_beast.immortal.water.05,天河九嬰,聖品,仙品,3,1,10000,fivephase_fallback
spirit_fusion.v2:spirit_beast.saint.water.01:spirit_beast.saint.water.06,spirit_beast.saint.water.01,覆海玄武,spirit_beast.saint.water.06,玄淵蒼龍,spirit_beast.immortal.water.06,溯源白螭,聖品,仙品,3,1,10000,named
spirit_fusion.v2:spirit_beast.saint.fire.01:spirit_beast.saint.water.01,spirit_beast.saint.fire.01,涅槃丹凰,spirit_beast.saint.water.01,覆海玄武,spirit_beast.immortal.water.01,滄海玄武,聖品,仙品,3,1,10000,fivephase_fallback
spirit_fusion.v2:spirit_beast.saint.fire.02:spirit_beast.saint.water.01,spirit_beast.saint.fire.02,九曜丹凰,spirit_beast.saint.water.01,覆海玄武,spirit_beast.immortal.water.02,北冥鯤祖,聖品,仙品,3,1,10000,fivephase_fallback
spirit_fusion.v2:spirit_beast.saint.fire.03:spirit_beast.saint.water.01,spirit_beast.saint.fire.03,焚霄朱雀,spirit_beast.saint.water.01,覆海玄武,spirit_beast.immortal.water.03,銀河應龍,聖品,仙品,3,1,10000,fivephase_fallback
spirit_fusion.v2:spirit_beast.saint.fire.04:spirit_beast.saint.water.01,spirit_beast.saint.fire.04,赤帝狻猊,spirit_beast.saint.water.01,覆海玄武,spirit_beast.immortal.water.04,玄冥冰夷,聖品,仙品,3,1,10000,fivephase_fallback
spirit_fusion.v2:spirit_beast.saint.fire.05:spirit_beast.saint.water.01,spirit_beast.saint.fire.05,南明畢方,spirit_beast.saint.water.01,覆海玄武,spirit_beast.immortal.water.05,天河九嬰,聖品,仙品,3,1,10000,fivephase_fallback
spirit_fusion.v2:spirit_beast.saint.fire.06:spirit_beast.saint.water.01,spirit_beast.saint.fire.06,永燼燭龍,spirit_beast.saint.water.01,覆海玄武,spirit_beast.immortal.water.06,溯源白螭,聖品,仙品,3,1,10000,fivephase_fallback
spirit_fusion.v2:spirit_beast.saint.earth.01:spirit_beast.saint.water.01,spirit_beast.saint.earth.01,九天麒麟,spirit_beast.saint.water.01,覆海玄武,spirit_beast.immortal.earth.01,九天麒麟,聖品,仙品,3,1,10000,fivephase_fallback
spirit_fusion.v2:spirit_beast.saint.earth.02:spirit_beast.saint.water.01,spirit_beast.saint.earth.02,鎮界贔屭,spirit_beast.saint.water.01,覆海玄武,spirit_beast.immortal.earth.02,鎮界贔屭,聖品,仙品,3,1,10000,fivephase_fallback
spirit_fusion.v2:spirit_beast.saint.earth.03:spirit_beast.saint.water.01,spirit_beast.saint.earth.03,不周巨靈,spirit_beast.saint.water.01,覆海玄武,spirit_beast.immortal.earth.03,崑崙陸吾,聖品,仙品,3,1,10000,fivephase_fallback
spirit_fusion.v2:spirit_beast.saint.earth.04:spirit_beast.saint.water.01,spirit_beast.saint.earth.04,開明神獸,spirit_beast.saint.water.01,覆海玄武,spirit_beast.immortal.earth.04,開天鎮嶽獸,聖品,仙品,3,1,10000,fivephase_fallback
spirit_fusion.v2:spirit_beast.saint.earth.05:spirit_beast.saint.water.01,spirit_beast.saint.earth.05,太荒騰蛇,spirit_beast.saint.water.01,覆海玄武,spirit_beast.immortal.earth.05,太荒騰蛇,聖品,仙品,3,1,10000,fivephase_fallback
spirit_fusion.v2:spirit_beast.saint.earth.06:spirit_beast.saint.water.01,spirit_beast.saint.earth.06,幽冥諦聽,spirit_beast.saint.water.01,覆海玄武,spirit_beast.immortal.earth.06,幽冥諦聽,聖品,仙品,3,1,10000,fivephase_fallback
spirit_fusion.v2:spirit_beast.saint.water.02:spirit_beast.saint.water.02,spirit_beast.saint.water.02,北溟鯤鵬,spirit_beast.saint.water.02,北溟鯤鵬,spirit_beast.immortal.water.02,北冥鯤祖,聖品,仙品,3,1,10000,same_species
spirit_fusion.v2:spirit_beast.saint.water.02:spirit_beast.saint.water.03,spirit_beast.saint.water.02,北溟鯤鵬,spirit_beast.saint.water.03,洛川應龍,spirit_beast.immortal.water.02,北冥鯤祖,聖品,仙品,3,1,10000,named
spirit_fusion.v2:spirit_beast.saint.water.02:spirit_beast.saint.water.04,spirit_beast.saint.water.02,北溟鯤鵬,spirit_beast.saint.water.04,雲夢鮫皇,spirit_beast.immortal.water.05,天河九嬰,聖品,仙品,3,1,10000,fivephase_fallback
spirit_fusion.v2:spirit_beast.saint.water.02:spirit_beast.saint.water.05,spirit_beast.saint.water.02,北溟鯤鵬,spirit_beast.saint.water.05,九曲水麒麟,spirit_beast.immortal.water.06,溯源白螭,聖品,仙品,3,1,10000,fivephase_fallback
spirit_fusion.v2:spirit_beast.saint.water.02:spirit_beast.saint.water.06,spirit_beast.saint.water.02,北溟鯤鵬,spirit_beast.saint.water.06,玄淵蒼龍,spirit_beast.immortal.water.01,滄海玄武,聖品,仙品,3,1,10000,fivephase_fallback
spirit_fusion.v2:spirit_beast.saint.fire.01:spirit_beast.saint.water.02,spirit_beast.saint.fire.01,涅槃丹凰,spirit_beast.saint.water.02,北溟鯤鵬,spirit_beast.immortal.water.02,北冥鯤祖,聖品,仙品,3,1,10000,fivephase_fallback
spirit_fusion.v2:spirit_beast.saint.fire.02:spirit_beast.saint.water.02,spirit_beast.saint.fire.02,九曜丹凰,spirit_beast.saint.water.02,北溟鯤鵬,spirit_beast.immortal.water.03,銀河應龍,聖品,仙品,3,1,10000,fivephase_fallback
spirit_fusion.v2:spirit_beast.saint.fire.03:spirit_beast.saint.water.02,spirit_beast.saint.fire.03,焚霄朱雀,spirit_beast.saint.water.02,北溟鯤鵬,spirit_beast.immortal.water.04,玄冥冰夷,聖品,仙品,3,1,10000,fivephase_fallback
spirit_fusion.v2:spirit_beast.saint.fire.04:spirit_beast.saint.water.02,spirit_beast.saint.fire.04,赤帝狻猊,spirit_beast.saint.water.02,北溟鯤鵬,spirit_beast.immortal.water.05,天河九嬰,聖品,仙品,3,1,10000,fivephase_fallback
spirit_fusion.v2:spirit_beast.saint.fire.05:spirit_beast.saint.water.02,spirit_beast.saint.fire.05,南明畢方,spirit_beast.saint.water.02,北溟鯤鵬,spirit_beast.immortal.water.06,溯源白螭,聖品,仙品,3,1,10000,fivephase_fallback
spirit_fusion.v2:spirit_beast.saint.fire.06:spirit_beast.saint.water.02,spirit_beast.saint.fire.06,永燼燭龍,spirit_beast.saint.water.02,北溟鯤鵬,spirit_beast.immortal.water.01,滄海玄武,聖品,仙品,3,1,10000,fivephase_fallback
spirit_fusion.v2:spirit_beast.saint.earth.01:spirit_beast.saint.water.02,spirit_beast.saint.earth.01,九天麒麟,spirit_beast.saint.water.02,北溟鯤鵬,spirit_beast.immortal.earth.02,鎮界贔屭,聖品,仙品,3,1,10000,fivephase_fallback
spirit_fusion.v2:spirit_beast.saint.earth.02:spirit_beast.saint.water.02,spirit_beast.saint.earth.02,鎮界贔屭,spirit_beast.saint.water.02,北溟鯤鵬,spirit_beast.immortal.earth.03,崑崙陸吾,聖品,仙品,3,1,10000,fivephase_fallback
spirit_fusion.v2:spirit_beast.saint.earth.03:spirit_beast.saint.water.02,spirit_beast.saint.earth.03,不周巨靈,spirit_beast.saint.water.02,北溟鯤鵬,spirit_beast.immortal.earth.04,開天鎮嶽獸,聖品,仙品,3,1,10000,fivephase_fallback
spirit_fusion.v2:spirit_beast.saint.earth.04:spirit_beast.saint.water.02,spirit_beast.saint.earth.04,開明神獸,spirit_beast.saint.water.02,北溟鯤鵬,spirit_beast.immortal.earth.05,太荒騰蛇,聖品,仙品,3,1,10000,fivephase_fallback
spirit_fusion.v2:spirit_beast.saint.earth.05:spirit_beast.saint.water.02,spirit_beast.saint.earth.05,太荒騰蛇,spirit_beast.saint.water.02,北溟鯤鵬,spirit_beast.immortal.earth.06,幽冥諦聽,聖品,仙品,3,1,10000,fivephase_fallback
spirit_fusion.v2:spirit_beast.saint.earth.06:spirit_beast.saint.water.02,spirit_beast.saint.earth.06,幽冥諦聽,spirit_beast.saint.water.02,北溟鯤鵬,spirit_beast.immortal.earth.01,九天麒麟,聖品,仙品,3,1,10000,fivephase_fallback
spirit_fusion.v2:spirit_beast.saint.water.03:spirit_beast.saint.water.03,spirit_beast.saint.water.03,洛川應龍,spirit_beast.saint.water.03,洛川應龍,spirit_beast.immortal.water.03,銀河應龍,聖品,仙品,3,1,10000,same_species
spirit_fusion.v2:spirit_beast.saint.water.03:spirit_beast.saint.water.04,spirit_beast.saint.water.03,洛川應龍,spirit_beast.saint.water.04,雲夢鮫皇,spirit_beast.immortal.water.03,銀河應龍,聖品,仙品,3,1,10000,named
spirit_fusion.v2:spirit_beast.saint.water.03:spirit_beast.saint.water.05,spirit_beast.saint.water.03,洛川應龍,spirit_beast.saint.water.05,九曲水麒麟,spirit_beast.immortal.water.01,滄海玄武,聖品,仙品,3,1,10000,fivephase_fallback
spirit_fusion.v2:spirit_beast.saint.water.03:spirit_beast.saint.water.06,spirit_beast.saint.water.03,洛川應龍,spirit_beast.saint.water.06,玄淵蒼龍,spirit_beast.immortal.water.02,北冥鯤祖,聖品,仙品,3,1,10000,fivephase_fallback
spirit_fusion.v2:spirit_beast.saint.fire.01:spirit_beast.saint.water.03,spirit_beast.saint.fire.01,涅槃丹凰,spirit_beast.saint.water.03,洛川應龍,spirit_beast.immortal.water.03,銀河應龍,聖品,仙品,3,1,10000,fivephase_fallback
spirit_fusion.v2:spirit_beast.saint.fire.02:spirit_beast.saint.water.03,spirit_beast.saint.fire.02,九曜丹凰,spirit_beast.saint.water.03,洛川應龍,spirit_beast.immortal.water.04,玄冥冰夷,聖品,仙品,3,1,10000,fivephase_fallback
spirit_fusion.v2:spirit_beast.saint.fire.03:spirit_beast.saint.water.03,spirit_beast.saint.fire.03,焚霄朱雀,spirit_beast.saint.water.03,洛川應龍,spirit_beast.immortal.water.05,天河九嬰,聖品,仙品,3,1,10000,fivephase_fallback
spirit_fusion.v2:spirit_beast.saint.fire.04:spirit_beast.saint.water.03,spirit_beast.saint.fire.04,赤帝狻猊,spirit_beast.saint.water.03,洛川應龍,spirit_beast.immortal.water.06,溯源白螭,聖品,仙品,3,1,10000,fivephase_fallback
spirit_fusion.v2:spirit_beast.saint.fire.05:spirit_beast.saint.water.03,spirit_beast.saint.fire.05,南明畢方,spirit_beast.saint.water.03,洛川應龍,spirit_beast.immortal.water.01,滄海玄武,聖品,仙品,3,1,10000,fivephase_fallback
spirit_fusion.v2:spirit_beast.saint.fire.06:spirit_beast.saint.water.03,spirit_beast.saint.fire.06,永燼燭龍,spirit_beast.saint.water.03,洛川應龍,spirit_beast.immortal.water.02,北冥鯤祖,聖品,仙品,3,1,10000,fivephase_fallback
spirit_fusion.v2:spirit_beast.saint.earth.01:spirit_beast.saint.water.03,spirit_beast.saint.earth.01,九天麒麟,spirit_beast.saint.water.03,洛川應龍,spirit_beast.immortal.earth.03,崑崙陸吾,聖品,仙品,3,1,10000,fivephase_fallback
spirit_fusion.v2:spirit_beast.saint.earth.02:spirit_beast.saint.water.03,spirit_beast.saint.earth.02,鎮界贔屭,spirit_beast.saint.water.03,洛川應龍,spirit_beast.immortal.earth.04,開天鎮嶽獸,聖品,仙品,3,1,10000,fivephase_fallback
spirit_fusion.v2:spirit_beast.saint.earth.03:spirit_beast.saint.water.03,spirit_beast.saint.earth.03,不周巨靈,spirit_beast.saint.water.03,洛川應龍,spirit_beast.immortal.earth.05,太荒騰蛇,聖品,仙品,3,1,10000,fivephase_fallback
spirit_fusion.v2:spirit_beast.saint.earth.04:spirit_beast.saint.water.03,spirit_beast.saint.earth.04,開明神獸,spirit_beast.saint.water.03,洛川應龍,spirit_beast.immortal.earth.06,幽冥諦聽,聖品,仙品,3,1,10000,fivephase_fallback
spirit_fusion.v2:spirit_beast.saint.earth.05:spirit_beast.saint.water.03,spirit_beast.saint.earth.05,太荒騰蛇,spirit_beast.saint.water.03,洛川應龍,spirit_beast.immortal.earth.01,九天麒麟,聖品,仙品,3,1,10000,fivephase_fallback
spirit_fusion.v2:spirit_beast.saint.earth.06:spirit_beast.saint.water.03,spirit_beast.saint.earth.06,幽冥諦聽,spirit_beast.saint.water.03,洛川應龍,spirit_beast.immortal.earth.02,鎮界贔屭,聖品,仙品,3,1,10000,fivephase_fallback
spirit_fusion.v2:spirit_beast.saint.water.04:spirit_beast.saint.water.04,spirit_beast.saint.water.04,雲夢鮫皇,spirit_beast.saint.water.04,雲夢鮫皇,spirit_beast.immortal.water.04,玄冥冰夷,聖品,仙品,3,1,10000,same_species
spirit_fusion.v2:spirit_beast.saint.water.04:spirit_beast.saint.water.05,spirit_beast.saint.water.04,雲夢鮫皇,spirit_beast.saint.water.05,九曲水麒麟,spirit_beast.immortal.water.04,玄冥冰夷,聖品,仙品,3,1,10000,named
spirit_fusion.v2:spirit_beast.saint.water.04:spirit_beast.saint.water.06,spirit_beast.saint.water.04,雲夢鮫皇,spirit_beast.saint.water.06,玄淵蒼龍,spirit_beast.immortal.water.03,銀河應龍,聖品,仙品,3,1,10000,fivephase_fallback
spirit_fusion.v2:spirit_beast.saint.fire.01:spirit_beast.saint.water.04,spirit_beast.saint.fire.01,涅槃丹凰,spirit_beast.saint.water.04,雲夢鮫皇,spirit_beast.immortal.water.04,玄冥冰夷,聖品,仙品,3,1,10000,fivephase_fallback
spirit_fusion.v2:spirit_beast.saint.fire.02:spirit_beast.saint.water.04,spirit_beast.saint.fire.02,九曜丹凰,spirit_beast.saint.water.04,雲夢鮫皇,spirit_beast.immortal.water.05,天河九嬰,聖品,仙品,3,1,10000,fivephase_fallback
spirit_fusion.v2:spirit_beast.saint.fire.03:spirit_beast.saint.water.04,spirit_beast.saint.fire.03,焚霄朱雀,spirit_beast.saint.water.04,雲夢鮫皇,spirit_beast.immortal.water.06,溯源白螭,聖品,仙品,3,1,10000,fivephase_fallback
spirit_fusion.v2:spirit_beast.saint.fire.04:spirit_beast.saint.water.04,spirit_beast.saint.fire.04,赤帝狻猊,spirit_beast.saint.water.04,雲夢鮫皇,spirit_beast.immortal.water.01,滄海玄武,聖品,仙品,3,1,10000,fivephase_fallback
spirit_fusion.v2:spirit_beast.saint.fire.05:spirit_beast.saint.water.04,spirit_beast.saint.fire.05,南明畢方,spirit_beast.saint.water.04,雲夢鮫皇,spirit_beast.immortal.water.02,北冥鯤祖,聖品,仙品,3,1,10000,fivephase_fallback
spirit_fusion.v2:spirit_beast.saint.fire.06:spirit_beast.saint.water.04,spirit_beast.saint.fire.06,永燼燭龍,spirit_beast.saint.water.04,雲夢鮫皇,spirit_beast.immortal.water.03,銀河應龍,聖品,仙品,3,1,10000,fivephase_fallback
spirit_fusion.v2:spirit_beast.saint.earth.01:spirit_beast.saint.water.04,spirit_beast.saint.earth.01,九天麒麟,spirit_beast.saint.water.04,雲夢鮫皇,spirit_beast.immortal.earth.04,開天鎮嶽獸,聖品,仙品,3,1,10000,fivephase_fallback
spirit_fusion.v2:spirit_beast.saint.earth.02:spirit_beast.saint.water.04,spirit_beast.saint.earth.02,鎮界贔屭,spirit_beast.saint.water.04,雲夢鮫皇,spirit_beast.immortal.earth.05,太荒騰蛇,聖品,仙品,3,1,10000,fivephase_fallback
spirit_fusion.v2:spirit_beast.saint.earth.03:spirit_beast.saint.water.04,spirit_beast.saint.earth.03,不周巨靈,spirit_beast.saint.water.04,雲夢鮫皇,spirit_beast.immortal.earth.06,幽冥諦聽,聖品,仙品,3,1,10000,fivephase_fallback
spirit_fusion.v2:spirit_beast.saint.earth.04:spirit_beast.saint.water.04,spirit_beast.saint.earth.04,開明神獸,spirit_beast.saint.water.04,雲夢鮫皇,spirit_beast.immortal.earth.01,九天麒麟,聖品,仙品,3,1,10000,fivephase_fallback
spirit_fusion.v2:spirit_beast.saint.earth.05:spirit_beast.saint.water.04,spirit_beast.saint.earth.05,太荒騰蛇,spirit_beast.saint.water.04,雲夢鮫皇,spirit_beast.immortal.earth.02,鎮界贔屭,聖品,仙品,3,1,10000,fivephase_fallback
spirit_fusion.v2:spirit_beast.saint.earth.06:spirit_beast.saint.water.04,spirit_beast.saint.earth.06,幽冥諦聽,spirit_beast.saint.water.04,雲夢鮫皇,spirit_beast.immortal.earth.03,崑崙陸吾,聖品,仙品,3,1,10000,fivephase_fallback
spirit_fusion.v2:spirit_beast.saint.water.05:spirit_beast.saint.water.05,spirit_beast.saint.water.05,九曲水麒麟,spirit_beast.saint.water.05,九曲水麒麟,spirit_beast.immortal.water.05,天河九嬰,聖品,仙品,3,1,10000,same_species
spirit_fusion.v2:spirit_beast.saint.water.05:spirit_beast.saint.water.06,spirit_beast.saint.water.05,九曲水麒麟,spirit_beast.saint.water.06,玄淵蒼龍,spirit_beast.immortal.water.05,天河九嬰,聖品,仙品,3,1,10000,named
spirit_fusion.v2:spirit_beast.saint.fire.01:spirit_beast.saint.water.05,spirit_beast.saint.fire.01,涅槃丹凰,spirit_beast.saint.water.05,九曲水麒麟,spirit_beast.immortal.water.05,天河九嬰,聖品,仙品,3,1,10000,fivephase_fallback
spirit_fusion.v2:spirit_beast.saint.fire.02:spirit_beast.saint.water.05,spirit_beast.saint.fire.02,九曜丹凰,spirit_beast.saint.water.05,九曲水麒麟,spirit_beast.immortal.water.06,溯源白螭,聖品,仙品,3,1,10000,fivephase_fallback
spirit_fusion.v2:spirit_beast.saint.fire.03:spirit_beast.saint.water.05,spirit_beast.saint.fire.03,焚霄朱雀,spirit_beast.saint.water.05,九曲水麒麟,spirit_beast.immortal.water.01,滄海玄武,聖品,仙品,3,1,10000,fivephase_fallback
spirit_fusion.v2:spirit_beast.saint.fire.04:spirit_beast.saint.water.05,spirit_beast.saint.fire.04,赤帝狻猊,spirit_beast.saint.water.05,九曲水麒麟,spirit_beast.immortal.water.02,北冥鯤祖,聖品,仙品,3,1,10000,fivephase_fallback
spirit_fusion.v2:spirit_beast.saint.fire.05:spirit_beast.saint.water.05,spirit_beast.saint.fire.05,南明畢方,spirit_beast.saint.water.05,九曲水麒麟,spirit_beast.immortal.water.03,銀河應龍,聖品,仙品,3,1,10000,fivephase_fallback
spirit_fusion.v2:spirit_beast.saint.fire.06:spirit_beast.saint.water.05,spirit_beast.saint.fire.06,永燼燭龍,spirit_beast.saint.water.05,九曲水麒麟,spirit_beast.immortal.water.04,玄冥冰夷,聖品,仙品,3,1,10000,fivephase_fallback
spirit_fusion.v2:spirit_beast.saint.earth.01:spirit_beast.saint.water.05,spirit_beast.saint.earth.01,九天麒麟,spirit_beast.saint.water.05,九曲水麒麟,spirit_beast.immortal.earth.05,太荒騰蛇,聖品,仙品,3,1,10000,fivephase_fallback
spirit_fusion.v2:spirit_beast.saint.earth.02:spirit_beast.saint.water.05,spirit_beast.saint.earth.02,鎮界贔屭,spirit_beast.saint.water.05,九曲水麒麟,spirit_beast.immortal.earth.06,幽冥諦聽,聖品,仙品,3,1,10000,fivephase_fallback
spirit_fusion.v2:spirit_beast.saint.earth.03:spirit_beast.saint.water.05,spirit_beast.saint.earth.03,不周巨靈,spirit_beast.saint.water.05,九曲水麒麟,spirit_beast.immortal.earth.01,九天麒麟,聖品,仙品,3,1,10000,fivephase_fallback
spirit_fusion.v2:spirit_beast.saint.earth.04:spirit_beast.saint.water.05,spirit_beast.saint.earth.04,開明神獸,spirit_beast.saint.water.05,九曲水麒麟,spirit_beast.immortal.earth.02,鎮界贔屭,聖品,仙品,3,1,10000,fivephase_fallback
spirit_fusion.v2:spirit_beast.saint.earth.05:spirit_beast.saint.water.05,spirit_beast.saint.earth.05,太荒騰蛇,spirit_beast.saint.water.05,九曲水麒麟,spirit_beast.immortal.earth.03,崑崙陸吾,聖品,仙品,3,1,10000,fivephase_fallback
spirit_fusion.v2:spirit_beast.saint.earth.06:spirit_beast.saint.water.05,spirit_beast.saint.earth.06,幽冥諦聽,spirit_beast.saint.water.05,九曲水麒麟,spirit_beast.immortal.earth.04,開天鎮嶽獸,聖品,仙品,3,1,10000,fivephase_fallback
spirit_fusion.v2:spirit_beast.saint.water.06:spirit_beast.saint.water.06,spirit_beast.saint.water.06,玄淵蒼龍,spirit_beast.saint.water.06,玄淵蒼龍,spirit_beast.immortal.water.06,溯源白螭,聖品,仙品,3,1,10000,same_species
spirit_fusion.v2:spirit_beast.saint.fire.01:spirit_beast.saint.water.06,spirit_beast.saint.fire.01,涅槃丹凰,spirit_beast.saint.water.06,玄淵蒼龍,spirit_beast.immortal.water.06,溯源白螭,聖品,仙品,3,1,10000,fivephase_fallback
spirit_fusion.v2:spirit_beast.saint.fire.02:spirit_beast.saint.water.06,spirit_beast.saint.fire.02,九曜丹凰,spirit_beast.saint.water.06,玄淵蒼龍,spirit_beast.immortal.water.01,滄海玄武,聖品,仙品,3,1,10000,fivephase_fallback
spirit_fusion.v2:spirit_beast.saint.fire.03:spirit_beast.saint.water.06,spirit_beast.saint.fire.03,焚霄朱雀,spirit_beast.saint.water.06,玄淵蒼龍,spirit_beast.immortal.water.02,北冥鯤祖,聖品,仙品,3,1,10000,fivephase_fallback
spirit_fusion.v2:spirit_beast.saint.fire.04:spirit_beast.saint.water.06,spirit_beast.saint.fire.04,赤帝狻猊,spirit_beast.saint.water.06,玄淵蒼龍,spirit_beast.immortal.water.03,銀河應龍,聖品,仙品,3,1,10000,fivephase_fallback
spirit_fusion.v2:spirit_beast.saint.fire.05:spirit_beast.saint.water.06,spirit_beast.saint.fire.05,南明畢方,spirit_beast.saint.water.06,玄淵蒼龍,spirit_beast.immortal.water.04,玄冥冰夷,聖品,仙品,3,1,10000,fivephase_fallback
spirit_fusion.v2:spirit_beast.saint.fire.06:spirit_beast.saint.water.06,spirit_beast.saint.fire.06,永燼燭龍,spirit_beast.saint.water.06,玄淵蒼龍,spirit_beast.immortal.water.05,天河九嬰,聖品,仙品,3,1,10000,fivephase_fallback
spirit_fusion.v2:spirit_beast.saint.earth.01:spirit_beast.saint.water.06,spirit_beast.saint.earth.01,九天麒麟,spirit_beast.saint.water.06,玄淵蒼龍,spirit_beast.immortal.earth.06,幽冥諦聽,聖品,仙品,3,1,10000,fivephase_fallback
spirit_fusion.v2:spirit_beast.saint.earth.02:spirit_beast.saint.water.06,spirit_beast.saint.earth.02,鎮界贔屭,spirit_beast.saint.water.06,玄淵蒼龍,spirit_beast.immortal.earth.01,九天麒麟,聖品,仙品,3,1,10000,fivephase_fallback
spirit_fusion.v2:spirit_beast.saint.earth.03:spirit_beast.saint.water.06,spirit_beast.saint.earth.03,不周巨靈,spirit_beast.saint.water.06,玄淵蒼龍,spirit_beast.immortal.earth.02,鎮界贔屭,聖品,仙品,3,1,10000,fivephase_fallback
spirit_fusion.v2:spirit_beast.saint.earth.04:spirit_beast.saint.water.06,spirit_beast.saint.earth.04,開明神獸,spirit_beast.saint.water.06,玄淵蒼龍,spirit_beast.immortal.earth.03,崑崙陸吾,聖品,仙品,3,1,10000,fivephase_fallback
spirit_fusion.v2:spirit_beast.saint.earth.05:spirit_beast.saint.water.06,spirit_beast.saint.earth.05,太荒騰蛇,spirit_beast.saint.water.06,玄淵蒼龍,spirit_beast.immortal.earth.04,開天鎮嶽獸,聖品,仙品,3,1,10000,fivephase_fallback
spirit_fusion.v2:spirit_beast.saint.earth.06:spirit_beast.saint.water.06,spirit_beast.saint.earth.06,幽冥諦聽,spirit_beast.saint.water.06,玄淵蒼龍,spirit_beast.immortal.earth.05,太荒騰蛇,聖品,仙品,3,1,10000,fivephase_fallback
spirit_fusion.v2:spirit_beast.saint.fire.01:spirit_beast.saint.fire.01,spirit_beast.saint.fire.01,涅槃丹凰,spirit_beast.saint.fire.01,涅槃丹凰,spirit_beast.immortal.fire.01,大日金烏,聖品,仙品,3,1,10000,same_species
spirit_fusion.v2:spirit_beast.saint.fire.01:spirit_beast.saint.fire.02,spirit_beast.saint.fire.01,涅槃丹凰,spirit_beast.saint.fire.02,九曜丹凰,spirit_beast.immortal.fire.01,大日金烏,聖品,仙品,3,1,10000,named
spirit_fusion.v2:spirit_beast.saint.fire.01:spirit_beast.saint.fire.03,spirit_beast.saint.fire.01,涅槃丹凰,spirit_beast.saint.fire.03,焚霄朱雀,spirit_beast.immortal.fire.03,丹霄鳳皇,聖品,仙品,3,1,10000,fivephase_fallback
spirit_fusion.v2:spirit_beast.saint.fire.01:spirit_beast.saint.fire.04,spirit_beast.saint.fire.01,涅槃丹凰,spirit_beast.saint.fire.04,赤帝狻猊,spirit_beast.immortal.fire.04,赤霄畢方,聖品,仙品,3,1,10000,fivephase_fallback
spirit_fusion.v2:spirit_beast.saint.fire.01:spirit_beast.saint.fire.05,spirit_beast.saint.fire.01,涅槃丹凰,spirit_beast.saint.fire.05,南明畢方,spirit_beast.immortal.fire.05,永燼燭龍,聖品,仙品,3,1,10000,fivephase_fallback
spirit_fusion.v2:spirit_beast.saint.fire.01:spirit_beast.saint.fire.06,spirit_beast.saint.fire.01,涅槃丹凰,spirit_beast.saint.fire.06,永燼燭龍,spirit_beast.immortal.fire.06,離天狻猊,聖品,仙品,3,1,10000,named
spirit_fusion.v2:spirit_beast.saint.earth.01:spirit_beast.saint.fire.01,spirit_beast.saint.earth.01,九天麒麟,spirit_beast.saint.fire.01,涅槃丹凰,spirit_beast.immortal.earth.01,九天麒麟,聖品,仙品,3,1,10000,fivephase_fallback
spirit_fusion.v2:spirit_beast.saint.earth.02:spirit_beast.saint.fire.01,spirit_beast.saint.earth.02,鎮界贔屭,spirit_beast.saint.fire.01,涅槃丹凰,spirit_beast.immortal.earth.02,鎮界贔屭,聖品,仙品,3,1,10000,fivephase_fallback
spirit_fusion.v2:spirit_beast.saint.earth.03:spirit_beast.saint.fire.01,spirit_beast.saint.earth.03,不周巨靈,spirit_beast.saint.fire.01,涅槃丹凰,spirit_beast.immortal.earth.03,崑崙陸吾,聖品,仙品,3,1,10000,fivephase_fallback
spirit_fusion.v2:spirit_beast.saint.earth.04:spirit_beast.saint.fire.01,spirit_beast.saint.earth.04,開明神獸,spirit_beast.saint.fire.01,涅槃丹凰,spirit_beast.immortal.earth.04,開天鎮嶽獸,聖品,仙品,3,1,10000,fivephase_fallback
spirit_fusion.v2:spirit_beast.saint.earth.05:spirit_beast.saint.fire.01,spirit_beast.saint.earth.05,太荒騰蛇,spirit_beast.saint.fire.01,涅槃丹凰,spirit_beast.immortal.earth.05,太荒騰蛇,聖品,仙品,3,1,10000,fivephase_fallback
spirit_fusion.v2:spirit_beast.saint.earth.06:spirit_beast.saint.fire.01,spirit_beast.saint.earth.06,幽冥諦聽,spirit_beast.saint.fire.01,涅槃丹凰,spirit_beast.immortal.earth.06,幽冥諦聽,聖品,仙品,3,1,10000,fivephase_fallback
spirit_fusion.v2:spirit_beast.saint.fire.02:spirit_beast.saint.fire.02,spirit_beast.saint.fire.02,九曜丹凰,spirit_beast.saint.fire.02,九曜丹凰,spirit_beast.immortal.fire.02,涅槃丹凰,聖品,仙品,3,1,10000,same_species
spirit_fusion.v2:spirit_beast.saint.fire.02:spirit_beast.saint.fire.03,spirit_beast.saint.fire.02,九曜丹凰,spirit_beast.saint.fire.03,焚霄朱雀,spirit_beast.immortal.fire.02,涅槃丹凰,聖品,仙品,3,1,10000,named
spirit_fusion.v2:spirit_beast.saint.fire.02:spirit_beast.saint.fire.04,spirit_beast.saint.fire.02,九曜丹凰,spirit_beast.saint.fire.04,赤帝狻猊,spirit_beast.immortal.fire.05,永燼燭龍,聖品,仙品,3,1,10000,fivephase_fallback
spirit_fusion.v2:spirit_beast.saint.fire.02:spirit_beast.saint.fire.05,spirit_beast.saint.fire.02,九曜丹凰,spirit_beast.saint.fire.05,南明畢方,spirit_beast.immortal.fire.06,離天狻猊,聖品,仙品,3,1,10000,fivephase_fallback
spirit_fusion.v2:spirit_beast.saint.fire.02:spirit_beast.saint.fire.06,spirit_beast.saint.fire.02,九曜丹凰,spirit_beast.saint.fire.06,永燼燭龍,spirit_beast.immortal.fire.01,大日金烏,聖品,仙品,3,1,10000,fivephase_fallback
spirit_fusion.v2:spirit_beast.saint.earth.01:spirit_beast.saint.fire.02,spirit_beast.saint.earth.01,九天麒麟,spirit_beast.saint.fire.02,九曜丹凰,spirit_beast.immortal.earth.02,鎮界贔屭,聖品,仙品,3,1,10000,fivephase_fallback
spirit_fusion.v2:spirit_beast.saint.earth.02:spirit_beast.saint.fire.02,spirit_beast.saint.earth.02,鎮界贔屭,spirit_beast.saint.fire.02,九曜丹凰,spirit_beast.immortal.earth.03,崑崙陸吾,聖品,仙品,3,1,10000,fivephase_fallback
spirit_fusion.v2:spirit_beast.saint.earth.03:spirit_beast.saint.fire.02,spirit_beast.saint.earth.03,不周巨靈,spirit_beast.saint.fire.02,九曜丹凰,spirit_beast.immortal.earth.04,開天鎮嶽獸,聖品,仙品,3,1,10000,fivephase_fallback
spirit_fusion.v2:spirit_beast.saint.earth.04:spirit_beast.saint.fire.02,spirit_beast.saint.earth.04,開明神獸,spirit_beast.saint.fire.02,九曜丹凰,spirit_beast.immortal.earth.05,太荒騰蛇,聖品,仙品,3,1,10000,fivephase_fallback
spirit_fusion.v2:spirit_beast.saint.earth.05:spirit_beast.saint.fire.02,spirit_beast.saint.earth.05,太荒騰蛇,spirit_beast.saint.fire.02,九曜丹凰,spirit_beast.immortal.earth.06,幽冥諦聽,聖品,仙品,3,1,10000,fivephase_fallback
spirit_fusion.v2:spirit_beast.saint.earth.06:spirit_beast.saint.fire.02,spirit_beast.saint.earth.06,幽冥諦聽,spirit_beast.saint.fire.02,九曜丹凰,spirit_beast.immortal.earth.01,九天麒麟,聖品,仙品,3,1,10000,fivephase_fallback
spirit_fusion.v2:spirit_beast.saint.fire.03:spirit_beast.saint.fire.03,spirit_beast.saint.fire.03,焚霄朱雀,spirit_beast.saint.fire.03,焚霄朱雀,spirit_beast.immortal.fire.03,丹霄鳳皇,聖品,仙品,3,1,10000,same_species
spirit_fusion.v2:spirit_beast.saint.fire.03:spirit_beast.saint.fire.04,spirit_beast.saint.fire.03,焚霄朱雀,spirit_beast.saint.fire.04,赤帝狻猊,spirit_beast.immortal.fire.03,丹霄鳳皇,聖品,仙品,3,1,10000,named
spirit_fusion.v2:spirit_beast.saint.fire.03:spirit_beast.saint.fire.05,spirit_beast.saint.fire.03,焚霄朱雀,spirit_beast.saint.fire.05,南明畢方,spirit_beast.immortal.fire.01,大日金烏,聖品,仙品,3,1,10000,fivephase_fallback
spirit_fusion.v2:spirit_beast.saint.fire.03:spirit_beast.saint.fire.06,spirit_beast.saint.fire.03,焚霄朱雀,spirit_beast.saint.fire.06,永燼燭龍,spirit_beast.immortal.fire.02,涅槃丹凰,聖品,仙品,3,1,10000,fivephase_fallback
spirit_fusion.v2:spirit_beast.saint.earth.01:spirit_beast.saint.fire.03,spirit_beast.saint.earth.01,九天麒麟,spirit_beast.saint.fire.03,焚霄朱雀,spirit_beast.immortal.earth.03,崑崙陸吾,聖品,仙品,3,1,10000,fivephase_fallback
spirit_fusion.v2:spirit_beast.saint.earth.02:spirit_beast.saint.fire.03,spirit_beast.saint.earth.02,鎮界贔屭,spirit_beast.saint.fire.03,焚霄朱雀,spirit_beast.immortal.earth.04,開天鎮嶽獸,聖品,仙品,3,1,10000,fivephase_fallback
spirit_fusion.v2:spirit_beast.saint.earth.03:spirit_beast.saint.fire.03,spirit_beast.saint.earth.03,不周巨靈,spirit_beast.saint.fire.03,焚霄朱雀,spirit_beast.immortal.earth.05,太荒騰蛇,聖品,仙品,3,1,10000,fivephase_fallback
spirit_fusion.v2:spirit_beast.saint.earth.04:spirit_beast.saint.fire.03,spirit_beast.saint.earth.04,開明神獸,spirit_beast.saint.fire.03,焚霄朱雀,spirit_beast.immortal.earth.06,幽冥諦聽,聖品,仙品,3,1,10000,fivephase_fallback
spirit_fusion.v2:spirit_beast.saint.earth.05:spirit_beast.saint.fire.03,spirit_beast.saint.earth.05,太荒騰蛇,spirit_beast.saint.fire.03,焚霄朱雀,spirit_beast.immortal.earth.01,九天麒麟,聖品,仙品,3,1,10000,fivephase_fallback
spirit_fusion.v2:spirit_beast.saint.earth.06:spirit_beast.saint.fire.03,spirit_beast.saint.earth.06,幽冥諦聽,spirit_beast.saint.fire.03,焚霄朱雀,spirit_beast.immortal.earth.02,鎮界贔屭,聖品,仙品,3,1,10000,fivephase_fallback
spirit_fusion.v2:spirit_beast.saint.fire.04:spirit_beast.saint.fire.04,spirit_beast.saint.fire.04,赤帝狻猊,spirit_beast.saint.fire.04,赤帝狻猊,spirit_beast.immortal.fire.04,赤霄畢方,聖品,仙品,3,1,10000,same_species
spirit_fusion.v2:spirit_beast.saint.fire.04:spirit_beast.saint.fire.05,spirit_beast.saint.fire.04,赤帝狻猊,spirit_beast.saint.fire.05,南明畢方,spirit_beast.immortal.fire.04,赤霄畢方,聖品,仙品,3,1,10000,named
spirit_fusion.v2:spirit_beast.saint.fire.04:spirit_beast.saint.fire.06,spirit_beast.saint.fire.04,赤帝狻猊,spirit_beast.saint.fire.06,永燼燭龍,spirit_beast.immortal.fire.03,丹霄鳳皇,聖品,仙品,3,1,10000,fivephase_fallback
spirit_fusion.v2:spirit_beast.saint.earth.01:spirit_beast.saint.fire.04,spirit_beast.saint.earth.01,九天麒麟,spirit_beast.saint.fire.04,赤帝狻猊,spirit_beast.immortal.earth.04,開天鎮嶽獸,聖品,仙品,3,1,10000,fivephase_fallback
spirit_fusion.v2:spirit_beast.saint.earth.02:spirit_beast.saint.fire.04,spirit_beast.saint.earth.02,鎮界贔屭,spirit_beast.saint.fire.04,赤帝狻猊,spirit_beast.immortal.earth.05,太荒騰蛇,聖品,仙品,3,1,10000,fivephase_fallback
spirit_fusion.v2:spirit_beast.saint.earth.03:spirit_beast.saint.fire.04,spirit_beast.saint.earth.03,不周巨靈,spirit_beast.saint.fire.04,赤帝狻猊,spirit_beast.immortal.earth.06,幽冥諦聽,聖品,仙品,3,1,10000,fivephase_fallback
spirit_fusion.v2:spirit_beast.saint.earth.04:spirit_beast.saint.fire.04,spirit_beast.saint.earth.04,開明神獸,spirit_beast.saint.fire.04,赤帝狻猊,spirit_beast.immortal.earth.01,九天麒麟,聖品,仙品,3,1,10000,fivephase_fallback
spirit_fusion.v2:spirit_beast.saint.earth.05:spirit_beast.saint.fire.04,spirit_beast.saint.earth.05,太荒騰蛇,spirit_beast.saint.fire.04,赤帝狻猊,spirit_beast.immortal.earth.02,鎮界贔屭,聖品,仙品,3,1,10000,fivephase_fallback
spirit_fusion.v2:spirit_beast.saint.earth.06:spirit_beast.saint.fire.04,spirit_beast.saint.earth.06,幽冥諦聽,spirit_beast.saint.fire.04,赤帝狻猊,spirit_beast.immortal.earth.03,崑崙陸吾,聖品,仙品,3,1,10000,fivephase_fallback
spirit_fusion.v2:spirit_beast.saint.fire.05:spirit_beast.saint.fire.05,spirit_beast.saint.fire.05,南明畢方,spirit_beast.saint.fire.05,南明畢方,spirit_beast.immortal.fire.05,永燼燭龍,聖品,仙品,3,1,10000,same_species
spirit_fusion.v2:spirit_beast.saint.fire.05:spirit_beast.saint.fire.06,spirit_beast.saint.fire.05,南明畢方,spirit_beast.saint.fire.06,永燼燭龍,spirit_beast.immortal.fire.05,永燼燭龍,聖品,仙品,3,1,10000,named
spirit_fusion.v2:spirit_beast.saint.earth.01:spirit_beast.saint.fire.05,spirit_beast.saint.earth.01,九天麒麟,spirit_beast.saint.fire.05,南明畢方,spirit_beast.immortal.earth.05,太荒騰蛇,聖品,仙品,3,1,10000,fivephase_fallback
spirit_fusion.v2:spirit_beast.saint.earth.02:spirit_beast.saint.fire.05,spirit_beast.saint.earth.02,鎮界贔屭,spirit_beast.saint.fire.05,南明畢方,spirit_beast.immortal.earth.06,幽冥諦聽,聖品,仙品,3,1,10000,fivephase_fallback
spirit_fusion.v2:spirit_beast.saint.earth.03:spirit_beast.saint.fire.05,spirit_beast.saint.earth.03,不周巨靈,spirit_beast.saint.fire.05,南明畢方,spirit_beast.immortal.earth.01,九天麒麟,聖品,仙品,3,1,10000,fivephase_fallback
spirit_fusion.v2:spirit_beast.saint.earth.04:spirit_beast.saint.fire.05,spirit_beast.saint.earth.04,開明神獸,spirit_beast.saint.fire.05,南明畢方,spirit_beast.immortal.earth.02,鎮界贔屭,聖品,仙品,3,1,10000,fivephase_fallback
spirit_fusion.v2:spirit_beast.saint.earth.05:spirit_beast.saint.fire.05,spirit_beast.saint.earth.05,太荒騰蛇,spirit_beast.saint.fire.05,南明畢方,spirit_beast.immortal.earth.03,崑崙陸吾,聖品,仙品,3,1,10000,fivephase_fallback
spirit_fusion.v2:spirit_beast.saint.earth.06:spirit_beast.saint.fire.05,spirit_beast.saint.earth.06,幽冥諦聽,spirit_beast.saint.fire.05,南明畢方,spirit_beast.immortal.earth.04,開天鎮嶽獸,聖品,仙品,3,1,10000,fivephase_fallback
spirit_fusion.v2:spirit_beast.saint.fire.06:spirit_beast.saint.fire.06,spirit_beast.saint.fire.06,永燼燭龍,spirit_beast.saint.fire.06,永燼燭龍,spirit_beast.immortal.fire.06,離天狻猊,聖品,仙品,3,1,10000,same_species
spirit_fusion.v2:spirit_beast.saint.earth.01:spirit_beast.saint.fire.06,spirit_beast.saint.earth.01,九天麒麟,spirit_beast.saint.fire.06,永燼燭龍,spirit_beast.immortal.earth.06,幽冥諦聽,聖品,仙品,3,1,10000,fivephase_fallback
spirit_fusion.v2:spirit_beast.saint.earth.02:spirit_beast.saint.fire.06,spirit_beast.saint.earth.02,鎮界贔屭,spirit_beast.saint.fire.06,永燼燭龍,spirit_beast.immortal.earth.01,九天麒麟,聖品,仙品,3,1,10000,fivephase_fallback
spirit_fusion.v2:spirit_beast.saint.earth.03:spirit_beast.saint.fire.06,spirit_beast.saint.earth.03,不周巨靈,spirit_beast.saint.fire.06,永燼燭龍,spirit_beast.immortal.earth.02,鎮界贔屭,聖品,仙品,3,1,10000,fivephase_fallback
spirit_fusion.v2:spirit_beast.saint.earth.04:spirit_beast.saint.fire.06,spirit_beast.saint.earth.04,開明神獸,spirit_beast.saint.fire.06,永燼燭龍,spirit_beast.immortal.earth.03,崑崙陸吾,聖品,仙品,3,1,10000,fivephase_fallback
spirit_fusion.v2:spirit_beast.saint.earth.05:spirit_beast.saint.fire.06,spirit_beast.saint.earth.05,太荒騰蛇,spirit_beast.saint.fire.06,永燼燭龍,spirit_beast.immortal.earth.04,開天鎮嶽獸,聖品,仙品,3,1,10000,fivephase_fallback
spirit_fusion.v2:spirit_beast.saint.earth.06:spirit_beast.saint.fire.06,spirit_beast.saint.earth.06,幽冥諦聽,spirit_beast.saint.fire.06,永燼燭龍,spirit_beast.immortal.earth.05,太荒騰蛇,聖品,仙品,3,1,10000,fivephase_fallback
spirit_fusion.v2:spirit_beast.saint.earth.01:spirit_beast.saint.earth.01,spirit_beast.saint.earth.01,九天麒麟,spirit_beast.saint.earth.01,九天麒麟,spirit_beast.immortal.earth.01,九天麒麟,聖品,仙品,3,1,10000,same_species
spirit_fusion.v2:spirit_beast.saint.earth.01:spirit_beast.saint.earth.02,spirit_beast.saint.earth.01,九天麒麟,spirit_beast.saint.earth.02,鎮界贔屭,spirit_beast.immortal.earth.01,九天麒麟,聖品,仙品,3,1,10000,named
spirit_fusion.v2:spirit_beast.saint.earth.01:spirit_beast.saint.earth.03,spirit_beast.saint.earth.01,九天麒麟,spirit_beast.saint.earth.03,不周巨靈,spirit_beast.immortal.earth.03,崑崙陸吾,聖品,仙品,3,1,10000,fivephase_fallback
spirit_fusion.v2:spirit_beast.saint.earth.01:spirit_beast.saint.earth.04,spirit_beast.saint.earth.01,九天麒麟,spirit_beast.saint.earth.04,開明神獸,spirit_beast.immortal.earth.04,開天鎮嶽獸,聖品,仙品,3,1,10000,fivephase_fallback
spirit_fusion.v2:spirit_beast.saint.earth.01:spirit_beast.saint.earth.05,spirit_beast.saint.earth.01,九天麒麟,spirit_beast.saint.earth.05,太荒騰蛇,spirit_beast.immortal.earth.05,太荒騰蛇,聖品,仙品,3,1,10000,fivephase_fallback
spirit_fusion.v2:spirit_beast.saint.earth.01:spirit_beast.saint.earth.06,spirit_beast.saint.earth.01,九天麒麟,spirit_beast.saint.earth.06,幽冥諦聽,spirit_beast.immortal.earth.06,幽冥諦聽,聖品,仙品,3,1,10000,named
spirit_fusion.v2:spirit_beast.saint.earth.02:spirit_beast.saint.earth.02,spirit_beast.saint.earth.02,鎮界贔屭,spirit_beast.saint.earth.02,鎮界贔屭,spirit_beast.immortal.earth.02,鎮界贔屭,聖品,仙品,3,1,10000,same_species
spirit_fusion.v2:spirit_beast.saint.earth.02:spirit_beast.saint.earth.03,spirit_beast.saint.earth.02,鎮界贔屭,spirit_beast.saint.earth.03,不周巨靈,spirit_beast.immortal.earth.02,鎮界贔屭,聖品,仙品,3,1,10000,named
spirit_fusion.v2:spirit_beast.saint.earth.02:spirit_beast.saint.earth.04,spirit_beast.saint.earth.02,鎮界贔屭,spirit_beast.saint.earth.04,開明神獸,spirit_beast.immortal.earth.05,太荒騰蛇,聖品,仙品,3,1,10000,fivephase_fallback
spirit_fusion.v2:spirit_beast.saint.earth.02:spirit_beast.saint.earth.05,spirit_beast.saint.earth.02,鎮界贔屭,spirit_beast.saint.earth.05,太荒騰蛇,spirit_beast.immortal.earth.06,幽冥諦聽,聖品,仙品,3,1,10000,fivephase_fallback
spirit_fusion.v2:spirit_beast.saint.earth.02:spirit_beast.saint.earth.06,spirit_beast.saint.earth.02,鎮界贔屭,spirit_beast.saint.earth.06,幽冥諦聽,spirit_beast.immortal.earth.01,九天麒麟,聖品,仙品,3,1,10000,fivephase_fallback
spirit_fusion.v2:spirit_beast.saint.earth.03:spirit_beast.saint.earth.03,spirit_beast.saint.earth.03,不周巨靈,spirit_beast.saint.earth.03,不周巨靈,spirit_beast.immortal.earth.03,崑崙陸吾,聖品,仙品,3,1,10000,same_species
spirit_fusion.v2:spirit_beast.saint.earth.03:spirit_beast.saint.earth.04,spirit_beast.saint.earth.03,不周巨靈,spirit_beast.saint.earth.04,開明神獸,spirit_beast.immortal.earth.03,崑崙陸吾,聖品,仙品,3,1,10000,named
spirit_fusion.v2:spirit_beast.saint.earth.03:spirit_beast.saint.earth.05,spirit_beast.saint.earth.03,不周巨靈,spirit_beast.saint.earth.05,太荒騰蛇,spirit_beast.immortal.earth.01,九天麒麟,聖品,仙品,3,1,10000,fivephase_fallback
spirit_fusion.v2:spirit_beast.saint.earth.03:spirit_beast.saint.earth.06,spirit_beast.saint.earth.03,不周巨靈,spirit_beast.saint.earth.06,幽冥諦聽,spirit_beast.immortal.earth.02,鎮界贔屭,聖品,仙品,3,1,10000,fivephase_fallback
spirit_fusion.v2:spirit_beast.saint.earth.04:spirit_beast.saint.earth.04,spirit_beast.saint.earth.04,開明神獸,spirit_beast.saint.earth.04,開明神獸,spirit_beast.immortal.earth.04,開天鎮嶽獸,聖品,仙品,3,1,10000,same_species
spirit_fusion.v2:spirit_beast.saint.earth.04:spirit_beast.saint.earth.05,spirit_beast.saint.earth.04,開明神獸,spirit_beast.saint.earth.05,太荒騰蛇,spirit_beast.immortal.earth.04,開天鎮嶽獸,聖品,仙品,3,1,10000,named
spirit_fusion.v2:spirit_beast.saint.earth.04:spirit_beast.saint.earth.06,spirit_beast.saint.earth.04,開明神獸,spirit_beast.saint.earth.06,幽冥諦聽,spirit_beast.immortal.earth.03,崑崙陸吾,聖品,仙品,3,1,10000,fivephase_fallback
spirit_fusion.v2:spirit_beast.saint.earth.05:spirit_beast.saint.earth.05,spirit_beast.saint.earth.05,太荒騰蛇,spirit_beast.saint.earth.05,太荒騰蛇,spirit_beast.immortal.earth.05,太荒騰蛇,聖品,仙品,3,1,10000,same_species
spirit_fusion.v2:spirit_beast.saint.earth.05:spirit_beast.saint.earth.06,spirit_beast.saint.earth.05,太荒騰蛇,spirit_beast.saint.earth.06,幽冥諦聽,spirit_beast.immortal.earth.05,太荒騰蛇,聖品,仙品,3,1,10000,named
spirit_fusion.v2:spirit_beast.saint.earth.06:spirit_beast.saint.earth.06,spirit_beast.saint.earth.06,幽冥諦聽,spirit_beast.saint.earth.06,幽冥諦聽,spirit_beast.immortal.earth.06,幽冥諦聽,聖品,仙品,3,1,10000,same_species
